location_id,address_obj.state,name_details,latitude,longitude,rating,num_reviews,photo_count,price_level,amenities,styles,trip_types,address_obj.city_details,address_obj.country,ranking_data.ranking_out_of,ranking_data.ranking,review_rating_count.1,review_rating_count.2,review_rating_count.3,review_rating_count.4,review_rating_count.5,brand,description,subratings.0.localized_name,subratings.0.value,subratings.1.localized_name,subratings.1.value,subratings.2.localized_name,subratings.2.value,subratings.3.localized_name,subratings.3.value,subratings.4.localized_name,subratings.4.value,subratings.5.localized_name,subratings.5.value
278399,Podlaskie Province,Hotel Cristal Bialystok,53.132675,23.15599,4.5,390,221,$,"['Internet', 'Suites', 'Room service', 'Free Internet', 'Wheelchair access', 'Restaurant', 'Bar/Lounge', 'Spa', 'Wifi', 'Public Wifi', 'Free Wifi', 'Dry Cleaning', 'Meeting rooms', 'Hot Tub', 'Non-smoking rooms', 'Laundry Service', 'Air conditioning', 'Family Rooms', 'Multilingual Staff', 'Accessible rooms', 'Refrigerator in room', 'Minibar', 'Conference Facilities', 'Non-smoking hotel', 'Safe', 'Flatscreen TV', 'Breakfast Buffet', 'Breakfast Available', 'Parking', 'Facilities for Disabled Guests', 'Housekeeping', 'Sauna', 'Baggage Storage', 'Bathrobes', 'Blackout Curtains', 'Bottled Water', 'Breakfast in the Room', 'Express Check-in / Check-out', 'Clothes Rack', 'Coffee Shop', 'Complimentary Tea', 'Desk', 'English', 'First Aid Kit', 'Fitness / Spa Locker Rooms', 'Complimentary Instant Coffee', '24-Hour Front Desk', 'Iron', 'Ironing Service', 'Polish', 'Private Bathrooms', 'Paid Private Parking On-site', 'Paid Public Parking Nearby', 'Russian', 'Seating Area', 'Secured Parking', 'Shoeshine', 'Special Diet Menus', 'Steam Room', 'Street Parking', 'Telephone', 'Tile / Marble Floor', 'Umbrella', 'Wake Up Service / Alarm Clock', 'Wardrobe / Closet']","['Modern', 'Classic']","[{'name': 'business', 'localized_name': 'Business', 'value': '142'}, {'name': 'couples', 'localized_name': 'Couples', 'value': '98'}, {'name': 'solo', 'localized_name': 'Solo travel', 'value': '28'}, {'name': 'family', 'localized_name': 'Family', 'value': '68'}, {'name': 'friends', 'localized_name': 'Friends getaway', 'value': '36'}]",Bialystok,Poland,32.0,2.0,4.0,2.0,27.0,128.0,229.0,,,Location,4.8,Sleep Quality,4.3,Rooms,4.3,Service,4.7,Value,4.3,Cleanliness,4.6
10050636,Podlaskie Province,Ibis Styles Bialystok,53.1363,23.162004,4.5,375,302,$,"['Internet', 'Kids Activities', 'Suites', 'Room service', 'Free Internet', 'Free parking', 'Wheelchair access', 'Restaurant', 'Bar/Lounge', 'Pets Allowed', 'Wifi', 'Public Wifi', 'Free Wifi', 'Breakfast included', 'Meeting rooms', 'Non-smoking rooms', 'Business center', 'Fitness center', 'Laundry Service', 'Air conditioning', 'Family Rooms', 'Multilingual Staff', 'Accessible rooms', 'Conference Facilities', 'Non-smoking hotel', 'Flatscreen TV', 'Breakfast Buffet', 'Breakfast Available', 'Parking', 'Facilities for Disabled Guests', 'Housekeeping', 'Sauna', 'Baggage Storage', 'Bath / Shower', 'Express Check-in / Check-out', 'Desk', 'English', '24-Hour Front Desk', 'Hair Dryer', 'Parking Garage', 'Polish', 'Paid Private Parking On-site', 'Russian', 'Soundproof Rooms', 'Telephone']","['Modern', 'Mid-range']","[{'name': 'business', 'localized_name': 'Business', 'value': '113'}, {'name': 'couples', 'localized_name': 'Couples', 'value': '94'}, {'name': 'solo', 'localized_name': 'Solo travel', 'value': '29'}, {'name': 'family', 'localized_name': 'Family', 'value': '98'}, {'name': 'friends', 'localized_name': 'Friends getaway', 'value': '21'}]",Bialystok,Poland,32.0,1.0,10.0,5.0,20.0,99.0,241.0,ibis Styles,,Location,4.8,Sleep Quality,4.7,Rooms,4.6,Service,4.6,Value,4.5,Cleanliness,4.8
23643711,Podlaskie Province,Hampton by Hilton Bialystok,53.13314,23.149403,4.4,21,125,$$,['Free Wifi'],"['Quaint', 'Charming']","[{'name': 'business', 'localized_name': 'Business', 'value': '8'}, {'name': 'couples', 'localized_name': 'Couples', 'value': '5'}, {'name': 'solo', 'localized_name': 'Solo travel', 'value': '1'}, {'name': 'family', 'localized_name': 'Family', 'value': '5'}, {'name': 'friends', 'localized_name': 'Friends getaway', 'value': '1'}]",Bialystok,Poland,32.0,12.0,1.0,0.0,2.0,5.0,13.0,,"Hampton by Hilton Bialystok offers a modern and welcoming stay in the heart of northeastern Poland. Located close to the city’s historic centre, the hotel provides easy access to Bialystok’s cultural landmarks, shopping areas, and public transport, making it ideal for both business and leisure travellers. Rooms are thoughtfully designed with signature Hampton beds, free WiFi, and ergonomic workspaces. Guests can enjoy a complimentary hot breakfast, stay active in the fitness centre, and relax in the stylish lobby bar. The hotel also features onsite parking and a 24-hour front desk for added convenience. Whether you're visiting Bialystok for meetings or exploring its rich heritage and green spaces, Hampton by Hilton Bialystok delivers reliable comfort, friendly service, and a central location for a memorable stay.",Location,4.7,Sleep Quality,3.0,Rooms,4.2,Service,4.4,Value,4.6,Cleanliness,4.6
21356073,Podlaskie Province,Mercure Bialystok,53.129864,23.11773,3.5,6,103,$$,"['Shuttle Bus Service', 'Suites', 'Room service', 'Free Internet', 'Wheelchair access', 'Restaurant', 'Bar/Lounge', 'Pets Allowed', 'Spa', 'Public Wifi', 'Free Wifi', 'Meeting rooms', 'Non-smoking rooms', 'Business center', 'Fitness center', 'Laundry Service', 'Concierge', 'Banquet Room', 'Air conditioning', 'Accessible rooms', 'Minibar', 'Conference Facilities', 'Non-smoking hotel', 'Safe', 'Flatscreen TV', 'Breakfast Buffet', 'Breakfast Available', 'Housekeeping', 'Baggage Storage', 'Bathrobes', 'Blackout Curtains', 'Bottled Water', 'Breakfast in the Room', 'Cable / Satellite TV', '24-Hour Check-in', 'Express Check-in / Check-out', ""Children's Television Networks"", 'Clothes Rack', 'Desk', 'Electric Kettle', 'English', 'First Aid Kit', 'Complimentary Toiletries', '24-Hour Front Desk', 'Hair Dryer', 'Highchairs Available', 'Interconnected room(s) available', 'Iron', 'Ironing Service', 'Laptop Safe', 'Outdoor Dining Area', 'Polish', 'Private Bathrooms', 'Paid Private Parking On-site', 'Radio', 'Russian', 'Seating Area', 'Shoeshine', 'Sofa', 'Sofa Bed', 'Street Parking', 'Taxi Service', 'Telephone', 'Umbrella', 'Wake Up Service / Alarm Clock', 'Walk-in Shower', 'Wardrobe / Closet']","['Quaint', 'City View']","[{'name': 'business', 'localized_name': 'Business', 'value': '2'}, {'name': 'couples', 'localized_name': 'Couples', 'value': '1'}, {'name': 'solo', 'localized_name': 'Solo travel', 'value': '0'}, {'name': 'family', 'localized_name': 'Family', 'value': '1'}, {'name': 'friends', 'localized_name': 'Friends getaway', 'value': '1'}]",Bialystok,Poland,32.0,22.0,2.0,0.0,0.0,1.0,3.0,Mercure,,Sleep Quality,3.7,Rooms,3.0,Location,1.0,Service,3.3,Value,3.0,Cleanliness,1.0
23247934,Podlaskie Province,Hostel Bialystok Centrum,53.135296,23.145533,4.3,3,1,$,[],[],"[{'name': 'business', 'localized_name': 'Business', 'value': '1'}, {'name': 'couples', 'localized_name': 'Couples', 'value': '0'}, {'name': 'solo', 'localized_name': 'Solo travel', 'value': '1'}, {'name': 'family', 'localized_name': 'Family', 'value': '0'}, {'name': 'friends', 'localized_name': 'Friends getaway', 'value': '0'}]",Bialystok,Poland,97.0,6.0,0.0,0.0,0.0,2.0,1.0,,,Location,5.0,Sleep Quality,4.0,Rooms,4.0,Service,4.5,Value,4.0,Cleanliness,4.0
15857328,Podlaskie Province,Apartamenty Bialystok - Lipowa 12,53.13319,23.15474,5.0,1,0,$,[],[],"[{'name': 'business', 'localized_name': 'Business', 'value': '0'}, {'name': 'couples', 'localized_name': 'Couples', 'value': '1'}, {'name': 'solo', 'localized_name': 'Solo travel', 'value': '0'}, {'name': 'family', 'localized_name': 'Family', 'value': '0'}, {'name': 'friends', 'localized_name': 'Friends getaway', 'value': '0'}]",Bialystok,Poland,97.0,14.0,0.0,0.0,0.0,0.0,1.0,,,Sleep Quality,5.0,Service,4.0,Cleanliness,5.0,,,,,,
641571,Podlaskie Province,Hotel Branicki,53.134518,23.160189,4.5,257,191,$,"['Restaurant', 'Internet', 'Suites', 'Room service', 'Free Internet', 'Wheelchair access', 'Bar/Lounge', 'Wifi', 'Free Wifi', 'Dry Cleaning', 'Non-smoking rooms', 'Laundry Service', 'Air conditioning', 'Minibar', 'Safe', 'Flatscreen TV', 'Breakfast Buffet', 'English', 'Polish', 'Kids Activities', 'Pets Allowed', 'Spa', 'Public Wifi', 'Breakfast included', 'Meeting rooms', 'Hot Tub', 'Multilingual Staff', 'Smoking rooms available', 'Accessible rooms', 'Refrigerator in room', 'Babysitting', 'Non-smoking hotel', 'Sauna']","['Charming', 'Quaint']","[{'name': 'business', 'localized_name': 'Business', 'value': '86'}, {'name': 'couples', 'localized_name': 'Couples', 'value': '77'}, {'name': 'solo', 'localized_name': 'Solo travel', 'value': '22'}, {'name': 'family', 'localized_name': 'Family', 'value': '39'}, {'name': 'friends', 'localized_name': 'Friends getaway', 'value': '15'}]",Bialystok,Poland,32.0,3.0,3.0,1.0,11.0,80.0,162.0,,"Hotel Branicki is a first class hotel reflecting the atmosphere of prewar Bialystok and the tradition of its Hotel Ritz. Its location in the quiet part of the city center, its stylish image, welcoming atmosphere and its top level of service provide an ideal place for work and rest. The Hotel Branicki offers its guests 30 individually designed rooms and 2 suites (HETMAN SUITE and ROSE SUITE) with unique interiors. Each room guarantees a very high standard with top quality furniture. There are two floors for non-smokers. The Hotel is adapted for disabled Guests.Guests have also at their disposal the ORANGERY Restaurant, “1871” Night Club, Havana Cigar Club and the Hotel Beauty Centre. The Hotel also features 2 conference rooms, “Jan Klemens” and “Izabela”, which can hold up 100 participants, fitted with most modern equipment that can be used for training sessions and conferences.",Location,4.7,Sleep Quality,4.5,Rooms,4.5,Service,4.6,Value,4.4,Cleanliness,4.6
11680364,Podlaskie Province,Royal Hotel & Spa,53.132103,23.159204,4.3,124,162,$$,"['Pool', 'Internet', 'Suites', 'Room service', 'Free Internet', 'Restaurant', 'Bar/Lounge', 'Spa', 'Wifi', 'Public Wifi', 'Free Wifi', 'Dry Cleaning', 'Meeting rooms', 'Non-smoking rooms', 'Fitness center', 'Laundry Service', 'Concierge', 'Air conditioning', 'Accessible rooms', 'Minibar', 'Non-smoking hotel', 'Safe', 'Breakfast Buffet', 'Bathrobes', 'Polish', 'Wheelchair access', 'Pets Allowed', 'Hot Tub', 'Family Rooms', 'Multilingual Staff', 'Breakfast Available', 'Baggage Storage']","['Quaint', 'Charming']","[{'name': 'business', 'localized_name': 'Business', 'value': '38'}, {'name': 'couples', 'localized_name': 'Couples', 'value': '36'}, {'name': 'solo', 'localized_name': 'Solo travel', 'value': '4'}, {'name': 'family', 'localized_name': 'Family', 'value': '23'}, {'name': 'friends', 'localized_name': 'Friends getaway', 'value': '10'}]",Bialystok,Poland,32.0,8.0,4.0,7.0,8.0,30.0,75.0,,"The Hotel is located in the former Trade House at 11 Kosciuszki Market Square. The Hotel offers 42 comfortable rooms in three different standards. It is a perfect place for business as well as unique location for leisure. There is a guarded parking for over 30 cars. Thanks to the conference room for 70 people, with sophisticated interiors and modern equipment, it is an ideal place for business meetings and small banquets. In the basement, our Guests will find our own brewery called ""Stary Rynek"". Besides the brewery there are two large bars with coffee and wide selection of drinks. At the -1 level there is a smoking room with a choice of cigars. Brewery and pub can accommodate up to 170 people. At the Hotel there is also a Spa of Dr Irena Eris Beauty Partner. Dr Irena Eris is the most famous Polish brand and a recognized expert in the field of wellness and beauty. In the Q2 of 2017, on the top floor of the hotel there will be a swimming pool with the view over the city, which will create a unique atmosphere for relaxation. Additionally there will be a sauna, Jacuzzi, steam bath, and a small gym.",Location,4.6,Sleep Quality,4.2,Rooms,4.3,Service,4.2,Value,4.0,Cleanliness,4.7
17678224,Podlaskie Province,Wynajem Pokoi Bialystok,53.14958,23.22151,,0,0,$,[],[],"[{'name': 'business', 'localized_name': 'Business', 'value': '0'}, {'name': 'couples', 'localized_name': 'Couples', 'value': '0'}, {'name': 'solo', 'localized_name': 'Solo travel', 'value': '0'}, {'name': 'family', 'localized_name': 'Family', 'value': '0'}, {'name': 'friends', 'localized_name': 'Friends getaway', 'value': '0'}]",Bialystok,Poland,,,,,,,,,,,,,,,,,,,,,
528501,Podlaskie Province,Golebiewski Hotel,53.132427,23.170046,3.7,173,116,$$,"['Pool', 'Internet', 'Kids Activities', 'Room service', 'Free Internet', 'Wheelchair access', 'Restaurant', 'Bar/Lounge', 'Pets Allowed', 'Spa', 'Wifi', 'Free Wifi', 'Breakfast included', 'Meeting rooms', 'Hot Tub', 'Non-smoking rooms', 'Fitness center', 'Laundry Service', 'Air conditioning', 'Flatscreen TV', 'Breakfast Buffet', 'Indoor pool', 'Polish', 'Free parking', 'Public Wifi', 'Dry Cleaning', 'Business center', 'Family Rooms', 'Accessible rooms']","['Classic', 'Centrally Located']","[{'name': 'business', 'localized_name': 'Business', 'value': '48'}, {'name': 'couples', 'localized_name': 'Couples', 'value': '36'}, {'name': 'solo', 'localized_name': 'Solo travel', 'value': '9'}, {'name': 'family', 'localized_name': 'Family', 'value': '54'}, {'name': 'friends', 'localized_name': 'Friends getaway', 'value': '14'}]",Bialystok,Poland,32.0,11.0,6.0,17.0,38.0,73.0,39.0,,"Gołębiewski Hotel is an excellent choice for travelers visiting Bialystok, offering a family-friendly environment alongside many helpful amenities designed to enhance your stay.
The rooms offer air conditioning, and getting online is possible, as free wifi is available, allowing you to rest and refresh with ease.
Gołębiewski Hotel features room service. In addition, as a valued Gołębiewski Hotel guest, you can enjoy a pool and free breakfast that are available on-site. Guests arriving by vehicle have access to free parking.
Close to some of Bialystok's most popular landmarks, such as The Grand Synagogue Memorial (0.5 mi) and Pomnik Bohaterów Powstania w Getcie (1.0 mi), Gołębiewski Hotel is a great destination for tourists.
If you’re looking for a seafood restaurant, consider a visit to Mandarino Pizza & Pasta & Vino, Doho Sushi, or Jack Sparrow Pub, which are all conveniently located a short distance from Gołębiewski Hotel.
If you are interested in exploring Bialystok, check out one of the art galleries, such as Sleńdzińskich Art Gallery and Galeria Pod Aniołami.
Enjoy your stay in Bialystok!
",Location,4.4,Sleep Quality,3.8,Rooms,3.7,Service,4.0,Value,3.6,Cleanliness,4.0
14040909,Lesser Poland Province,PURO Krakow Kazimierz,50.05174,19.951803,4.8,2149,1521,$$,"['Internet', 'Suites', 'Room service', 'Free Internet', 'Wheelchair access', 'Restaurant', 'Bar/Lounge', 'Pets Allowed', 'Spa', 'Airport transportation', 'Wifi', 'Free Wifi', 'Dry Cleaning', 'Meeting rooms', 'Non-smoking rooms', 'Business center', 'Fitness center', 'Laundry Service', 'Concierge', 'Air conditioning', 'Family Rooms', 'Multilingual Staff', 'Non-smoking hotel', 'Safe', 'Flatscreen TV', 'Breakfast Buffet', 'Breakfast Available', 'Parking', 'Facilities for Disabled Guests', 'Sauna', 'Allergy-free Room', 'Baggage Storage', 'Bicycles Available', '24-Hour Check-in', 'Complimentary Tea', 'Couples Massage', 'English', 'Facial Treatments', 'Fitness / Spa Locker Rooms', '24-Hour Front Desk', 'Hair Dryer', 'Ironing Service', 'Laptop Safe', 'Massage', 'Parking Garage', 'Polish', 'Private Check-in / Check-out', '24-Hour Security', 'Shops', 'Soundproof Rooms', 'Special Diet Menus', 'Taxi Service', 'Wake Up Service / Alarm Clock', 'First Aid Kit', 'Foot Bath', 'Full Body Massage', 'Highchairs Available', 'Outdoor Dining Area', 'Paid Public Parking Nearby', 'Walking Tours', 'Yoga Classes']","['Business', 'Centrally Located']","[{'name': 'business', 'localized_name': 'Business', 'value': '296'}, {'name': 'couples', 'localized_name': 'Couples', 'value': '916'}, {'name': 'solo', 'localized_name': 'Solo travel', 'value': '135'}, {'name': 'family', 'localized_name': 'Family', 'value': '335'}, {'name': 'friends', 'localized_name': 'Friends getaway', 'value': '238'}]",Krakow,Poland,352.0,11.0,11.0,20.0,61.0,226.0,1833.0,,"PURO Krakow Kazimierz is located in the Kazimierz district of Krakow. Designed by ASW and with interiors furnished by the award-winning Conran & Partners studio, PURO Krakow Kazimierz gives the eclectic atmosphere of the city. In its architecture-inspired area filled with art interiors, there will be not only design rooms, a lively lobby, but also a bakery-MAK bread & coffee, Halicka restaurant and Prisma SPA. There will be 228 rooms waiting for guests visiting Krakow, including 7 suites, 4 conference rooms and 2 external terraces. PURO in Kazimierz will be home to both tourists and Krakow lovers of art and good food.",Location,4.7,Sleep Quality,4.7,Rooms,4.8,Service,4.8,Value,4.7,Cleanliness,4.9
321158,Lesser Poland Province,Sheraton Grand Krakow,50.0557,19.93085,4.6,3132,1709,$$$,"['Pool', 'Fitness center', 'Room service', 'Wheelchair access', 'Restaurant', 'Business center', 'Suites', 'Meeting rooms', 'Internet', 'Free Internet', 'Bar/Lounge', 'Wifi', 'Spa', 'Airport transportation', 'Public Wifi', 'Dry Cleaning', 'Non-smoking rooms', 'Laundry Service', 'Concierge', 'Banquet Room', 'Air conditioning', 'Family Rooms', 'Multilingual Staff', 'Accessible rooms', 'Refrigerator in room', 'Minibar', 'Conference Facilities', 'Non-smoking hotel', 'Safe', 'Rooftop Bar', 'Heated pool', 'Flatscreen TV', 'Rooftop Terrace', 'Breakfast Buffet', 'Indoor pool', 'Parking', 'Facilities for Disabled Guests', 'Sauna', 'Electric vehicle charging station', 'Allergy-free Room', 'ATM On Site', 'Baggage Storage', 'Bath / Shower', 'Bathrobes', 'Billiards', 'Blackout Curtains', 'Bottled Water', 'Breakfast in the Room', 'Bridal Suite', 'Coffee Shop', 'Coffee / Tea Maker', 'Complimentary Tea', 'Currency Exchange', 'Doorperson', 'English', 'Facial Treatments', 'Fitness / Spa Locker Rooms', 'Complimentary Instant Coffee', 'Complimentary Toiletries', '24-Hour Front Desk', 'Hair Dryer', 'Interconnected room(s) available', 'Iron', 'Ironing Service', ""Kids' Meals"", 'Kid-Friendly Buffet', 'Massage', 'Parking Garage', 'Polish', 'Pool / Beach Towels', '24-Hour Security', 'Shared Lounge / TV Area', 'Shoeshine', 'Snack Bar', 'Spanish', 'Special Diet Menus', 'Steam Room', 'Taxi Service', 'Wake Up Service / Alarm Clock', 'Breakfast Available', 'Cable / Satellite TV', '24-Hour Check-in', 'Express Check-in / Check-out', ""Children's Television Networks"", 'Executive Lounge Access', 'First Aid Kit', 'Foot Massage', 'Free Wifi in the Business Center', 'Full Body Massage', 'Hand Massage', 'Happy Hour', 'Head Massage', 'Highchairs Available', 'Neck Massage', 'Outdoor Dining Area', 'Personal Trainer', 'Paid Public Parking Nearby', 'Radio', 'Umbrella', 'Wardrobe / Closet', 'Photo Copier / Fax In Business Center']","['Business', 'Centrally Located']","[{'name': 'business', 'localized_name': 'Business', 'value': '621'}, {'name': 'couples', 'localized_name': 'Couples', 'value': '1092'}, {'name': 'solo', 'localized_name': 'Solo travel', 'value': '196'}, {'name': 'family', 'localized_name': 'Family', 'value': '560'}, {'name': 'friends', 'localized_name': 'Friends getaway', 'value': '409'}]",Krakow,Poland,352.0,12.0,41.0,55.0,157.0,763.0,2116.0,Sheraton (Marriott Bonvoy),,Location,4.7,Sleep Quality,4.7,Rooms,4.5,Service,4.6,Value,4.4,Cleanliness,4.8
9884047,Lesser Poland Province,Hotel Mercure Krakow Stare Miasto,50.067036,19.944815,4.7,1929,1637,$$,"['Internet', 'Kids Activities', 'Suites', 'Room service', 'Free Internet', 'Wheelchair access', 'Restaurant', 'Bar/Lounge', 'Pets Allowed', 'Airport transportation', 'Wifi', 'Public Wifi', 'Free Wifi', 'Dry Cleaning', 'Meeting rooms', 'Non-smoking rooms', 'Business center', 'Fitness center', 'Laundry Service', 'Concierge', 'Banquet Room', 'Air conditioning', 'Family Rooms', 'Multilingual Staff', 'Accessible rooms', 'Refrigerator in room', 'Minibar', 'Conference Facilities', 'Non-smoking hotel', 'Safe', 'Flatscreen TV', 'Breakfast Buffet', 'Breakfast Available', 'Parking', 'Facilities for Disabled Guests', 'Housekeeping', 'Allergy-free Room', 'Baggage Storage', 'Bicycle Rental', 'Blackout Curtains', 'Breakfast in the Room', '24-Hour Check-in', 'Express Check-in / Check-out', ""Children's Television Networks"", 'Complimentary Tea', 'English', 'Complimentary Instant Coffee', 'French', '24-Hour Front Desk', 'German', 'Hair Dryer', 'Ironing Service', 'Kid-Friendly Buffet', 'Newspaper', 'Parking Garage', 'Polish', 'Private Check-in / Check-out', 'Paid Private Parking On-site', 'Paid Private Parking Nearby', 'Paid Public Parking Nearby', 'Paid Public Parking On-site', 'Russian', '24-Hour Security', 'Shoeshine', 'Soundproof Rooms', 'Special Diet Menus', 'Taxi Service', 'Walk-in Shower']","['Business', 'Centrally Located']","[{'name': 'business', 'localized_name': 'Business', 'value': '330'}, {'name': 'couples', 'localized_name': 'Couples', 'value': '677'}, {'name': 'solo', 'localized_name': 'Solo travel', 'value': '123'}, {'name': 'family', 'localized_name': 'Family', 'value': '382'}, {'name': 'friends', 'localized_name': 'Friends getaway', 'value': '223'}]",Krakow,Poland,352.0,35.0,13.0,14.0,46.0,330.0,1526.0,Accor Live Limitless (ALL),,Location,4.9,Sleep Quality,4.7,Rooms,4.7,Service,4.7,Value,4.6,Cleanliness,4.8
12393367,Lesser Poland Province,Wyndham Grand Krakow Old Town,50.06386,19.940418,4.7,683,744,$$$,"['Pool', 'Internet', 'Suites', 'Room service', 'Free Internet', 'Wheelchair access', 'Restaurant', 'Bar/Lounge', 'Spa', 'Airport transportation', 'Wifi', 'Public Wifi', 'Free Wifi', 'Dry Cleaning', 'Meeting rooms', 'Hot Tub', 'Non-smoking rooms', 'Fitness center', 'Laundry Service', 'Concierge', 'Air conditioning', 'Accessible rooms', 'Refrigerator in room', 'Minibar', 'Non-smoking hotel', 'Safe', 'Heated pool', 'Flatscreen TV', 'Breakfast Buffet', 'Indoor pool', 'Sauna', 'Baggage Storage', 'Bathrobes', 'Breakfast in the Room', 'Bridal Suite', 'Complimentary Tea', 'English', 'Facial Treatments', 'Fitness / Spa Locker Rooms', 'Foot Massage', '24-Hour Front Desk', 'Full Body Massage', 'Ironing Service', 'Massage', 'Polish', 'Salon', '24-Hour Security', 'Soundproof Rooms', 'Steam Room', 'Pets Allowed', 'Breakfast included', 'Banquet Room', 'Conference Facilities', 'Breakfast Available', 'Parking', 'Head Massage', 'Neck Massage', 'Valet Parking', 'Walk-in Shower']","['Business', 'Centrally Located']","[{'name': 'business', 'localized_name': 'Business', 'value': '39'}, {'name': 'couples', 'localized_name': 'Couples', 'value': '347'}, {'name': 'solo', 'localized_name': 'Solo travel', 'value': '16'}, {'name': 'family', 'localized_name': 'Family', 'value': '119'}, {'name': 'friends', 'localized_name': 'Friends getaway', 'value': '70'}]",Krakow,Poland,352.0,25.0,6.0,16.0,15.0,88.0,558.0,,"Hotel Wyndham Grand is an excellent choice for travelers visiting Krakow, offering a boutique environment alongside many helpful amenities designed to enhance your stay. Given the close proximity of popular landmarks, such as St. Mary's Basilica in Krakow (0.2 mi) and Cloth Hall (Sukiennice) (0.2 mi), guests of Hotel Wyndham Grand can easily experience some of Krakow's most well known attractions. As your “home away from home,” the hotel rooms offer a refrigerator, air conditioning, and a minibar, and getting online is easy, with free wifi available. Guests have access to room service while staying at Hotel Wyndham Grand. In addition, Hotel Wyndham Grand offers a pool and breakfast, which will help make your Krakow trip additionally gratifying. During your visit, be sure to check out a popular Krakow dim sum restaurant such as Nine Kitchen Sushi & Asian Fusion, which is a short distance from Hotel Wyndham Grand. If you’re looking for something to do, Main Market Square (0.3 mi), Wawel Royal Castle (0.7 mi), and Kazmierz The Former Jewish District (0.9 mi) are a nice way to spend some time, and they are all within walking distance of Hotel Wyndham Grand. Enjoy your stay in Krakow!",Location,5.0,Sleep Quality,4.8,Rooms,4.8,Service,4.8,Value,4.7,Cleanliness,5.0
23391245,Lesser Poland Province,Ac Hotel Krakow,50.06225,19.905622,4.2,262,481,$$,"['Pool', 'Kids Activities', 'Suites', 'Room service', 'Wheelchair access', 'Restaurant', 'Bar/Lounge', 'Spa', 'Airport transportation', 'Public Wifi', 'Free Wifi', 'Meeting rooms', 'Hot Tub', 'Non-smoking rooms', 'Business center', 'Fitness center', 'Laundry Service', 'Concierge', 'Air conditioning', 'Non-smoking hotel', 'Safe', 'Breakfast Buffet', 'Indoor pool', 'Baggage Storage', 'English', 'Facial Treatments', 'Fitness / Spa Locker Rooms', '24-Hour Front Desk', 'Massage', 'Polish', 'Breakfast included', 'Private Balcony', 'Breakfast Available', 'Sauna', 'Walk-in Shower']","['Business', 'Modern']","[{'name': 'business', 'localized_name': 'Business', 'value': '27'}, {'name': 'couples', 'localized_name': 'Couples', 'value': '117'}, {'name': 'solo', 'localized_name': 'Solo travel', 'value': '11'}, {'name': 'family', 'localized_name': 'Family', 'value': '63'}, {'name': 'friends', 'localized_name': 'Friends getaway', 'value': '24'}]",Krakow,Poland,352.0,114.0,28.0,11.0,9.0,38.0,176.0,,"Perfect location, stunning views, 300 comfortable rooms and suites, spacious restaurant with summer garden, modern conference space, unique SPA with swimming and shallow pool, magical Kids Club and more amenities for families, convenient car park.",Sleep Quality,4.4,Location,4.1,Rooms,4.6,Service,3.9,Value,4.1,Cleanliness,4.6
609368,Lesser Poland Province,Qubus Hotel Krakow,50.04768,19.952932,4.4,2142,1036,$$,"['Pool', 'Room service', 'Restaurant', 'Internet', 'Free Internet', 'Wifi', 'Free Wifi', 'Fitness center', 'Suites', 'Pets Allowed', 'Wheelchair access', 'Bar/Lounge', 'Business center', 'Spa', 'Airport transportation', 'Dry Cleaning', 'Meeting rooms', 'Hot Tub', 'Non-smoking rooms', 'Laundry Service', 'Concierge', 'Banquet Room', 'Air conditioning', 'Family Rooms', 'Multilingual Staff', 'Accessible rooms', 'Minibar', 'Conference Facilities', 'Non-smoking hotel', 'Safe', 'Rooftop Pool', 'Heated pool', 'Flatscreen TV', 'Breakfast Buffet', 'Indoor pool', 'Facilities for Disabled Guests', 'Sauna', 'Baggage Storage', 'Bicycle Rental', 'Breakfast in the Room', 'Car Hire', 'English', 'Fitness / Spa Locker Rooms', '24-Hour Front Desk', 'Ironing Service', 'Parking Garage', 'Polish', '24-Hour Security', 'Shoeshine', 'Steam Room', 'Taxi Service', 'Parking']","['Business', 'Centrally Located']","[{'name': 'business', 'localized_name': 'Business', 'value': '348'}, {'name': 'couples', 'localized_name': 'Couples', 'value': '917'}, {'name': 'solo', 'localized_name': 'Solo travel', 'value': '61'}, {'name': 'family', 'localized_name': 'Family', 'value': '325'}, {'name': 'friends', 'localized_name': 'Friends getaway', 'value': '340'}]",Krakow,Poland,352.0,48.0,23.0,39.0,160.0,732.0,1189.0,,"If you’re looking for a family-friendly hotel in Krakow, look no further than Qubus Hotel Krakow.
Given the close proximity of popular landmarks, such as The Ghetto Heroes Square (0.1 mi) and Wawel Cathedral (0.9 mi), guests of Qubus Hotel Krakow can easily experience some of Krakow's most well known attractions.
As your “home away from home,” the hotel rooms offer a flat screen TV, air conditioning, and a minibar, and getting online is easy, with free wifi available.
Guests have access to a concierge and room service while staying at Qubus Hotel Krakow. In addition, Qubus Hotel offers a rooftop pool and a lounge, which will help make your Krakow trip additionally gratifying.
While in Krakow, you may want to check out some of the restaurants that are a short walk away from Qubus Krakow, including Pod Wawelem (0.8 mi), Restauracja Starka (0.4 mi), and Moo Moo Steak and Burger Club (1.1 mi).
Krakow is also known for some great monuments and statues, including Church of St. Peter and St. Paul, Kosciuszko's Mound (Kopiec Kosciuszki), and Monument of the Wawel Dragon, which are not too far from Qubus Hotel.
The staff at Qubus Hotel Krakow looks forward to serving you during your upcoming visit.
",Sleep Quality,4.4,Location,4.2,Rooms,4.4,Service,4.5,Value,4.4,Cleanliness,4.7
4176964,Lesser Poland Province,PURO Krakow Stare Miasto,50.068573,19.94501,4.7,849,446,$$,"['Internet', 'Free Internet', 'Wifi', 'Free Wifi', 'Wheelchair access', 'Bar/Lounge', 'Suites', 'Room service', 'Restaurant', 'Airport transportation', 'Public Wifi', 'Dry Cleaning', 'Meeting rooms', 'Non-smoking rooms', 'Laundry Service', 'Air conditioning', 'Family Rooms', 'Multilingual Staff', 'Accessible rooms', 'Refrigerator in room', 'Conference Facilities', 'Non-smoking hotel', 'Safe', 'Flatscreen TV', 'Breakfast Buffet', 'Breakfast Available', 'Parking', 'Facilities for Disabled Guests', 'Housekeeping', 'Allergy-free Room', 'Baggage Storage', 'Bath / Shower', 'Bicycles Available', 'Blackout Curtains', 'Board Games / Puzzles', 'Bottled Water', 'Breakfast in the Room', '24-Hour Check-in', 'Express Check-in / Check-out', 'Complimentary Tea', 'Desk', 'English', '24-Hour Front Desk', 'Hair Dryer', 'Ironing Service', ""Kids' Meals"", 'Laptop Safe', 'Massage', 'Parking Garage', 'Polish', 'Private Check-in / Check-out', 'Paid Private Parking On-site', 'Paid Private Parking Nearby', 'Secured Parking', 'Soundproof Rooms', 'Special Diet Menus', 'Street Parking', 'Taxi Service', 'Telephone', 'Wake Up Service / Alarm Clock', 'First Aid Kit', 'Highchairs Available', 'Outdoor Furniture', 'Private Bathrooms', 'Paid Public Parking Nearby', 'Umbrella', 'Walking Tours']","['Business', 'Centrally Located']","[{'name': 'business', 'localized_name': 'Business', 'value': '208'}, {'name': 'couples', 'localized_name': 'Couples', 'value': '268'}, {'name': 'solo', 'localized_name': 'Solo travel', 'value': '81'}, {'name': 'family', 'localized_name': 'Family', 'value': '151'}, {'name': 'friends', 'localized_name': 'Friends getaway', 'value': '72'}]",Krakow,Poland,352.0,33.0,12.0,13.0,44.0,119.0,661.0,PURO Hotels,"PURO Hotel Kraków Old Town you have not known so far! Inspired by the atmosphere of former Krakow, the renovated PURO hotel in Krakow's Old Town, explores new interiors filled with local influences and art. Puro Hotel Krakow is located in the city center opposite Galeria Krakowska and Main Station, just 1 km from the Market Square. Each of 138 newly refurbished rooms is equipped with air conditioning, flat 49-inch TV and free WiFi. The rooms are equipped with a tablet. Moreover, all rooms feature a laptop safe and a work desk. The rooms are soundproofed. Reception is open 24 hours a day. There is a possibility for express self check-in, check-out. Free express coffee for hotel guests. Breakfast is served daily in the hotel restaurant HINT. HINT Kraków is a stylish gastropub, where you will try not only classic dishes in new versions, but also beer brewed especially for us!",Location,4.8,Sleep Quality,4.6,Rooms,4.6,Service,4.7,Value,4.5,Cleanliness,4.9
1728175,Lesser Poland Province,Hilton Garden Inn Krakow,50.04414,19.934116,4.5,2169,698,$$,"['Internet', 'Free Internet', 'Restaurant', 'Wifi', 'Free Wifi', 'Fitness center', 'Room service', 'Business center', 'Free parking', 'Wheelchair access', 'Bar/Lounge', 'Suites', 'Dry Cleaning', 'Meeting rooms', 'Non-smoking rooms', 'Laundry Service', 'Concierge', 'Banquet Room', 'Air conditioning', 'Family Rooms', 'Multilingual Staff', 'Accessible rooms', 'Refrigerator in room', 'Conference Facilities', 'Non-smoking hotel', 'Safe', 'Flatscreen TV', 'Breakfast Buffet', 'Breakfast Available', 'Parking', 'Facilities for Disabled Guests', 'Housekeeping', 'Baggage Storage', 'Bath / Shower', 'Blackout Curtains', 'Bottled Water', 'Breakfast in the Room', '24-Hour Check-in', 'Express Check-in / Check-out', 'Coffee / Tea Maker', 'Complimentary Tea', 'Desk', 'English', 'Complimentary Instant Coffee', '24-Hour Front Desk', 'Hair Dryer', 'Ironing Service', 'Polish', '24-Hour Security', 'Snack Bar', 'Bicycle Rental', 'Bicycle Tours', 'Cable / Satellite TV', 'Clothes Dryer', 'Convenience Store', 'Currency Exchange', 'First Aid Kit', 'Complimentary Toiletries', 'German', 'Gift Shop', 'Highchairs Available', 'Interconnected room(s) available', 'Iron', ""Kids' Meals"", 'Landmark View', 'Laptop Safe', 'Massage', 'Parking Garage', 'Russian', 'Shoeshine', 'Sofa', 'Sofa Bed', 'Soundproof Rooms', 'Taxi Service', 'Telephone', 'Ukrainian', 'Umbrella', 'Vending Machine', 'Wake Up Service / Alarm Clock', 'Walking Tours', 'Wardrobe / Closet', 'Washing Machine']","['Business', 'Modern']","[{'name': 'business', 'localized_name': 'Business', 'value': '497'}, {'name': 'couples', 'localized_name': 'Couples', 'value': '759'}, {'name': 'solo', 'localized_name': 'Solo travel', 'value': '108'}, {'name': 'family', 'localized_name': 'Family', 'value': '354'}, {'name': 'friends', 'localized_name': 'Friends getaway', 'value': '315'}]",Krakow,Poland,352.0,62.0,17.0,19.0,119.0,652.0,1362.0,Hilton Garden Inn,"Hilton Garden Inn Krakow is located near famed Wawel Castle and the Vistula River. Enjoy a convenient location 25 minutes by taxi from Balice Airport, 20-30 minutes on foot to historic attractions and the Kazimierz Jewish Quarter. Guest rooms and suites feature views of the Old City or the park. Whether you are visiting Krakow for business or to tour the city, you will find modern guest rooms with comfortable beds.Enjoy spacious guest rooms or a Junior Suite during your stay in Krakow. Guest rooms and suites feature complimentary WiFi, secure remote printing, and ergonomic Mirra by Herman Miller desk chairs. Enjoy cooked-to-order breakfast in The Restaurant which also serves Polish specialties for lunch and dinner. The modern Krakow restaurant and bar serves international dishes for lunch and dinner. Relax with a room service dinner or a prepared meal from the Pavilion Pantry which also sells snacks, sundries, beverages, beer, and wine.",Sleep Quality,4.6,Location,4.0,Rooms,4.6,Service,4.7,Value,4.5,Cleanliness,4.8
277359,Lesser Poland Province,Radisson Blu Hotel Krakow,50.058346,19.933222,4.5,4018,1100,$$$,"['Internet', 'Kids Activities', 'Suites', 'Room service', 'Free Internet', 'Wheelchair access', 'Restaurant', 'Bar/Lounge', 'Pets Allowed', 'Spa', 'Airport transportation', 'Wifi', 'Free Wifi', 'Dry Cleaning', 'Meeting rooms', 'Non-smoking rooms', 'Business center', 'Fitness center', 'Laundry Service', 'Concierge', 'Banquet Room', 'Air conditioning', 'Family Rooms', 'Multilingual Staff', 'Minibar', 'Conference Facilities', 'Non-smoking hotel', 'Safe', 'Flatscreen TV', 'Breakfast Buffet', 'Breakfast Available', 'Parking', 'Facilities for Disabled Guests', 'Housekeeping', 'Sauna', 'Baggage Storage', 'Bicycle Rental', 'Breakfast in the Room', 'English', 'Facial Treatments', 'Fitness / Spa Locker Rooms', 'Complimentary Instant Coffee', '24-Hour Front Desk', 'Full Body Massage', 'Hair Dryer', 'Interconnected room(s) available', 'Ironing Service', 'Massage', 'Parking Garage', 'Polish', 'Private Check-in / Check-out', '24-Hour Security', 'Shoeshine']","['Centrally Located', 'Quiet']","[{'name': 'business', 'localized_name': 'Business', 'value': '796'}, {'name': 'couples', 'localized_name': 'Couples', 'value': '1496'}, {'name': 'solo', 'localized_name': 'Solo travel', 'value': '137'}, {'name': 'family', 'localized_name': 'Family', 'value': '661'}, {'name': 'friends', 'localized_name': 'Friends getaway', 'value': '590'}]",Krakow,Poland,352.0,74.0,41.0,63.0,253.0,1164.0,2497.0,Radisson Blu,"The five-star Radisson Blu Hotel, Krakow is distinguished by its excellent location in the heart of the city, close to many top attractions. Enjoy spectacular views of Wawel Castle or the Old City from a selection of our 196 spacious rooms. Whether you're traveling for business, leisure, as a couple, or with family, we offer memorable services and amenities catered to you. We're also a pet-friendly hotel. Traveling for business? Our Krakow hotel features 8 conference rooms, with space for up to 150 guests. Take advantage of the on-site restaurant and bar, where you'll find delicious international dishes and drinks. Additional amenities include bike rentals, a spacious fitness center, and a sauna. Upon request, reserve an underground parking space during your stay for a fee.",Location,4.8,Sleep Quality,4.5,Rooms,4.5,Service,4.5,Value,4.3,Cleanliness,4.6
277358,Lesser Poland Province,Novotel Krakow Centrum,50.05505,19.925928,4.4,2526,1025,$$,"['Pool', 'Internet', 'Kids Activities', 'Shuttle Bus Service', 'Suites', 'Room service', 'Free Internet', 'Wheelchair access', 'Restaurant', 'Bar/Lounge', 'Pets Allowed', 'Spa', 'Airport transportation', 'Wifi', 'Public Wifi', 'Free Wifi', 'Dry Cleaning', 'Meeting rooms', 'Hot Tub', 'Non-smoking rooms', 'Tennis Court', 'Business center', 'Fitness center', 'Laundry Service', 'Concierge', 'Banquet Room', 'Air conditioning', 'Family Rooms', 'Multilingual Staff', 'Accessible rooms', 'Refrigerator in room', 'Minibar', 'Conference Facilities', 'Non-smoking hotel', 'Safe', 'Heated pool', 'Flatscreen TV', 'Breakfast Buffet', 'Indoor pool', 'Breakfast Available', 'Parking', 'Facilities for Disabled Guests', 'Housekeeping', 'Sauna', 'ATM On Site', 'Baggage Storage', 'Bath / Shower', 'Bicycle Rental', 'Breakfast in the Room', 'Car Hire', 'Express Check-in / Check-out', 'English', 'Fitness / Spa Locker Rooms', 'Complimentary Instant Coffee', '24-Hour Front Desk', 'Game Room', 'Hair Dryer', 'Hiking', 'Ironing Service', 'Kid-Friendly Buffet', 'Laptop Safe', 'Massage', 'Parking Garage', 'Polish', 'Paid Private Parking On-site', 'Seating Area', '24-Hour Security', 'Steam Room', 'Taxi Service', 'Wake Up Service / Alarm Clock']","['Business', 'Centrally Located']","[{'name': 'business', 'localized_name': 'Business', 'value': '447'}, {'name': 'couples', 'localized_name': 'Couples', 'value': '812'}, {'name': 'solo', 'localized_name': 'Solo travel', 'value': '149'}, {'name': 'family', 'localized_name': 'Family', 'value': '594'}, {'name': 'friends', 'localized_name': 'Friends getaway', 'value': '355'}]",Krakow,Poland,352.0,78.0,17.0,48.0,208.0,992.0,1261.0,Novotel,,Location,4.4,Sleep Quality,4.4,Rooms,4.3,Service,4.5,Value,4.3,Cleanliness,4.6
277649,Silesia Province,Novotel Katowice Centrum,50.260983,19.03372,4.1,1483,829,$$,"['Pool', 'Restaurant', 'Internet', 'Free Internet', 'Wifi', 'Free Wifi', 'Fitness center', 'Room service', 'Business center', 'Kids Activities', 'Suites', 'Wheelchair access', 'Bar/Lounge', 'Pets Allowed', 'Spa', 'Airport transportation', 'Dry Cleaning', 'Meeting rooms', 'Hot Tub', 'Non-smoking rooms', 'Laundry Service', 'Banquet Room', 'Air conditioning', 'Multilingual Staff', 'Accessible rooms', 'Minibar', 'Conference Facilities', 'Non-smoking hotel', 'Safe', 'Heated pool', 'Flatscreen TV', 'Breakfast Buffet', 'Indoor pool', 'Parking', 'Facilities for Disabled Guests', 'Housekeeping', 'Kids Stay Free', 'Sauna', 'ATM On Site', 'Baggage Storage', 'Bath / Shower', 'Blackout Curtains', 'Bottled Water', 'Breakfast in the Room', '24-Hour Check-in', 'Desk', 'English', 'Fitness / Spa Locker Rooms', 'Complimentary Toiletries', '24-Hour Front Desk', 'Game Room', 'Hair Dryer', 'Indoor Play Area for Children', 'Ironing Service', ""Kids' Meals"", 'Polish', 'Paid Private Parking On-site', '24-Hour Security', 'Shoeshine', 'Taxi Service', 'Telephone', 'Wake Up Service / Alarm Clock', 'Public Wifi', 'Family Rooms', 'Electric vehicle charging station', 'Bicycle Rental', 'Cable / Satellite TV', 'Express Check-in / Check-out', 'Clothes Rack', 'Electric Kettle', 'Highchairs Available', 'Private Bathrooms', 'Swimming Pool Toys', 'Tile / Marble Floor', 'Video Game Console', 'Walk-in Shower', 'Wardrobe / Closet']","['Centrally Located', 'Family']","[{'name': 'business', 'localized_name': 'Business', 'value': '695'}, {'name': 'couples', 'localized_name': 'Couples', 'value': '238'}, {'name': 'solo', 'localized_name': 'Solo travel', 'value': '124'}, {'name': 'family', 'localized_name': 'Family', 'value': '240'}, {'name': 'friends', 'localized_name': 'Friends getaway', 'value': '132'}]",Katowice,Poland,36.0,1.0,37.0,69.0,210.0,537.0,630.0,Novotel,"The Novotel Katowice Centrum, a 4 star hotel in the heart of Katowice, is well suited for business travellers with 11 multipurpose conference rooms yet also an ideal base for a city cultural discovery holiday and offers 300 comfortable air-conditioned rooms. Dine in style at our NOVO2 Restaurant or enjoy a drink at the bar. Relax in the luxury of our indoor pool and sauna. The hotel also has onsite parking available, is close to the main highway to Warsaw and is 1.5 km from the railway station.",Location,4.2,Sleep Quality,4.2,Rooms,4.0,Service,4.3,Value,4.2,Cleanliness,4.3
1654292,Silesia Province,Vienna House Easy by Wyndham Katowice,50.263596,19.016628,4.5,599,319,$$,"['Restaurant', 'Fitness center', 'Internet', 'Room service', 'Free Internet', 'Wifi', 'Free Wifi', 'Meeting rooms', 'Business center', 'Wheelchair access', 'Bar/Lounge', 'Non-smoking rooms', 'Laundry Service', 'Banquet Room', 'Family Rooms', 'Multilingual Staff', 'Suites', 'Airport transportation', 'Public Wifi', 'Dry Cleaning', 'Concierge', 'Air conditioning', 'Smoking rooms available', 'Accessible rooms', 'Refrigerator in room', 'Minibar', 'Conference Facilities', 'Safe', 'Flatscreen TV', 'Breakfast Buffet', 'Breakfast Available', 'Parking', 'Facilities for Disabled Guests', 'Housekeeping', 'Baggage Storage', 'Breakfast in the Room', 'Desk', 'English', 'Fitness / Spa Locker Rooms', '24-Hour Front Desk', 'Hair Dryer', 'Sauna', 'Bicycle Rental', 'Express Check-in / Check-out', 'German', 'Ironing Service', 'Newspaper', 'Polish', 'Paid Private Parking On-site', '24-Hour Security', 'Taxi Service', 'Telephone', 'VIP Room Facilities', 'Wake Up Service / Alarm Clock']","['Centrally Located', 'Business']","[{'name': 'business', 'localized_name': 'Business', 'value': '367'}, {'name': 'couples', 'localized_name': 'Couples', 'value': '74'}, {'name': 'solo', 'localized_name': 'Solo travel', 'value': '46'}, {'name': 'family', 'localized_name': 'Family', 'value': '26'}, {'name': 'friends', 'localized_name': 'Friends getaway', 'value': '33'}]",Katowice,Poland,36.0,2.0,5.0,4.0,17.0,235.0,338.0,Wyndham,"The 4-star Vienna House Easy Angelo Katowice is a modern business and conference hotel located in the city center. It offers 203 comfortable rooms, 2 executive floors, an underground garage, sauna and fitness studio and the biggest conference centre in the region with 12 conference rooms. The hotel is famous for its refined Polish and international cuisine at Sunlight Restaurant, a wide selection of fine wines.",Sleep Quality,4.6,Location,4.4,Rooms,4.6,Service,4.5,Value,4.4,Cleanliness,4.7
1400018,Silesia Province,ibis Budget Katowice Centrum,50.26117,19.034182,4.1,645,169,$,"['Wheelchair access', 'Internet', 'Free Internet', 'Pets Allowed', 'Free Wifi', 'Wifi', 'Non-smoking rooms', 'Air conditioning', 'Multilingual Staff', 'Accessible rooms', 'Non-smoking hotel', 'Flatscreen TV', 'Breakfast Buffet', 'Facilities for Disabled Guests', 'Baggage Storage', 'Express Check-in / Check-out', 'English', '24-Hour Front Desk', 'Polish', 'Public Wifi', 'Family Rooms', 'Breakfast Available', 'Parking']","['Budget', 'Family']","[{'name': 'business', 'localized_name': 'Business', 'value': '188'}, {'name': 'couples', 'localized_name': 'Couples', 'value': '159'}, {'name': 'solo', 'localized_name': 'Solo travel', 'value': '114'}, {'name': 'family', 'localized_name': 'Family', 'value': '82'}, {'name': 'friends', 'localized_name': 'Friends getaway', 'value': '91'}]",Katowice,Poland,36.0,4.0,15.0,17.0,100.0,280.0,233.0,Accor Live Limitless (ALL),"The hotel ibis budget Katowice Centrum is situated in the center of the capital of Upper Silesia, 24 miles (38 km) from the international airport in Pyrzowice and 0.9 miles (1.5 km) from the train station. The hotel offers affordable accommodation in 124 newly equipped rooms, fitted with air conditioning, full bathroom, TV and wireless Internet access. The hotel has a vending machine selling snacks and drinks as well as parking (charges apply).Our hotel is located next to the sister 4-star Novotel Katowice Centrum where our guest can use an exclusive dining experience at Novo 2 restaurant with a discount. For special vouchers ask at the front office.",Location,4.5,Sleep Quality,4.1,Rooms,3.8,Service,4.4,Value,4.2,Cleanliness,4.3
12167331,Silesia Province,Q Hotel Plus Katowice,50.25632,19.022436,4.5,487,132,$$,"['Internet', 'Room service', 'Free Internet', 'Wheelchair access', 'Restaurant', 'Bar/Lounge', 'Wifi', 'Public Wifi', 'Free Wifi', 'Dry Cleaning', 'Meeting rooms', 'Non-smoking rooms', 'Laundry Service', 'Air conditioning', 'Multilingual Staff', 'Accessible rooms', 'Minibar', 'Conference Facilities', 'Non-smoking hotel', 'Safe', 'Flatscreen TV', 'Breakfast Buffet', 'Facilities for Disabled Guests', 'Housekeeping', 'Baggage Storage', 'Bottled Water', 'Breakfast in the Room', 'English', '24-Hour Front Desk', 'Polish', 'Paid Private Parking On-site', 'Suites', 'Business center', 'Fitness center', 'Breakfast Available', 'Parking', 'Express Check-in / Check-out', 'Ironing Service', ""Kids' Meals"", 'Private Check-in / Check-out', 'Shoeshine', 'Special Diet Menus', 'Street Parking', 'Vending Machine']","['Business', 'Centrally Located']","[{'name': 'business', 'localized_name': 'Business', 'value': '229'}, {'name': 'couples', 'localized_name': 'Couples', 'value': '104'}, {'name': 'solo', 'localized_name': 'Solo travel', 'value': '31'}, {'name': 'family', 'localized_name': 'Family', 'value': '58'}, {'name': 'friends', 'localized_name': 'Friends getaway', 'value': '48'}]",Katowice,Poland,36.0,3.0,6.0,15.0,29.0,139.0,298.0,Q Hotel,"Q Hotel Plus Katowice is an excellent choice for travelers visiting Katowice, offering a family-friendly environment alongside many helpful amenities designed to enhance your stay.
As your “home away from home,” the hotel rooms offer air conditioning and a minibar, and getting online is easy, with free wifi available.
Guests have access to a 24 hour front desk, room service, and express check-in and check-out while staying at Q Hotel Plus Katowice. In addition, Q Hotel Plus Katowice offers a fitness center and breakfast, which will help make your Katowice trip additionally gratifying. And, as an added convenience, there is street parking available to guests.
Nearby landmarks such as Mariacka Street (0.2 mi) and Academy of Music in Katowice (0.3 mi) make Q Hotel Plus Katowice a great place to stay when visiting Katowice.
While in Katowice be sure to experience local tempura favorites at Kyoto Sushi.
Looking to explore? Then look no further than Spodek (0.7 mi), which is a popular Katowice attraction – and it is conveniently located within walking distance of the hotel.
Enjoy your stay in Katowice!
",Location,4.7,Sleep Quality,4.0,Rooms,4.6,Service,4.4,Value,4.6,Cleanliness,4.6
23417081,Silesia Province,Mercure Katowice Centrum,50.258526,19.019203,4.4,61,250,$$,"['Kids Activities', 'Shuttle Bus Service', 'Room service', 'Free Internet', 'Wheelchair access', 'Restaurant', 'Bar/Lounge', 'Pets Allowed', 'Airport transportation', 'Public Wifi', 'Free Wifi', 'Dry Cleaning', 'Meeting rooms', 'Non-smoking rooms', 'Business center', 'Fitness center', 'Laundry Service', 'Air conditioning', 'Conference Facilities', 'Non-smoking hotel', 'Safe', 'Flatscreen TV', 'Breakfast Buffet', 'Breakfast Available', 'Facilities for Disabled Guests', 'Electric vehicle charging station', 'Baggage Storage', 'Bath / Shower', 'Blackout Curtains', 'Bottled Water', 'Breakfast in the Room', 'Cable / Satellite TV', 'Coffee / Tea Maker', 'Desk', 'Electric Kettle', 'English', '24-Hour Front Desk', 'Gift Shop', 'Massage', 'Polish', 'Private Bathrooms', 'Paid Private Parking On-site', 'Radio', 'Soundproof Rooms', 'Telephone', 'Wake Up Service / Alarm Clock']","['Charming', 'Business']","[{'name': 'business', 'localized_name': 'Business', 'value': '20'}, {'name': 'couples', 'localized_name': 'Couples', 'value': '12'}, {'name': 'solo', 'localized_name': 'Solo travel', 'value': '10'}, {'name': 'family', 'localized_name': 'Family', 'value': '5'}, {'name': 'friends', 'localized_name': 'Friends getaway', 'value': '5'}]",Katowice,Poland,36.0,9.0,3.0,2.0,2.0,13.0,41.0,Mercure,,Location,4.9,Sleep Quality,4.7,Rooms,4.8,Service,4.4,Value,4.4,Cleanliness,4.9
502269,Silesia Province,Campanile Katowice,50.245483,19.0361,3.5,115,93,$,"['Internet', 'Free Internet', 'Wheelchair access', 'Restaurant', 'Bar/Lounge', 'Wifi', 'Free Wifi', 'Meeting rooms', 'Non-smoking rooms', 'Multilingual Staff', 'Flatscreen TV', 'Breakfast Buffet', 'Kids Activities', 'Room service', 'Pets Allowed', 'Laundry Service', 'Air conditioning', 'Family Rooms', 'Non-smoking hotel', 'Parking', 'Baggage Storage', 'Bath / Shower', 'Desk', 'English', '24-Hour Front Desk', 'Hair Dryer', 'Newspaper', 'Polish', 'Paid Public Parking On-site', 'Salon', 'Soundproof Rooms', 'Telephone', 'Wake Up Service / Alarm Clock']","['Business', 'Family']","[{'name': 'business', 'localized_name': 'Business', 'value': '62'}, {'name': 'couples', 'localized_name': 'Couples', 'value': '21'}, {'name': 'solo', 'localized_name': 'Solo travel', 'value': '11'}, {'name': 'family', 'localized_name': 'Family', 'value': '9'}, {'name': 'friends', 'localized_name': 'Friends getaway', 'value': '10'}]",Katowice,Poland,36.0,17.0,6.0,19.0,27.0,37.0,26.0,Campanile,"Finding an ideal family-friendly hotel in Katowice does not have to be difficult. Welcome to Campanile Katowice, a nice option for travelers like you.
Given the close proximity of popular landmarks, such as Academy of Music in Katowice (0.7 mi) and Immaculate Conception Catholic Church (Koscioł Mariacki) (0.8 mi), guests of Campanile Katowice can easily experience some of Katowice's most well known attractions.
Rooms at Campanile Katowice provide a desk, and guests can stay connected with free wifi.
In addition, while staying at Campanile Katowice guests have access to a 24 hour front desk, baggage storage, and newspaper. You can also enjoy a lounge. Need a place to park? Parking is available at Campanile Katowice.
While visiting Katowice, you may want to try some ribs at one of the nearby restaurants, such as Little Hanoi...and more!.
Katowice is also known for some great monuments and statues, including Silesian Insurgents' Monument (Pomnik Powstancow Slaskich), Grand Synagogue Katowice, and Monument to the Scouts of September, which are not too far from Campanile Katowice.
Campanile Katowice looks forward to welcoming you on your visit to Katowice.
",Sleep Quality,3.9,Location,3.8,Rooms,3.8,Service,4.0,Value,4.0,Cleanliness,4.0
1723757,Silesia Province,Park Inn by Radisson Katowice,50.290146,19.005629,3.8,604,255,$,"['Internet', 'Free Internet', 'Wifi', 'Free Wifi', 'Room service', 'Wheelchair access', 'Restaurant', 'Meeting rooms', 'Fitness center', 'Bar/Lounge', 'Suites', 'Free parking', 'Public Wifi', 'Dry Cleaning', 'Non-smoking rooms', 'Laundry Service', 'Banquet Room', 'Air conditioning', 'Multilingual Staff', 'Accessible rooms', 'Conference Facilities', 'Flatscreen TV', 'Breakfast Buffet', 'Breakfast Available', 'Facilities for Disabled Guests', 'Housekeeping', 'English', '24-Hour Front Desk', 'Polish', 'Kids Activities', 'Pets Allowed', 'Airport transportation', 'Casino', 'Business center', 'Non-smoking hotel', 'Sauna', 'Electric vehicle charging station', 'Free Public Parking Nearby', 'Parking Garage', 'Taxi Service']","['Business', 'Green']","[{'name': 'business', 'localized_name': 'Business', 'value': '283'}, {'name': 'couples', 'localized_name': 'Couples', 'value': '105'}, {'name': 'solo', 'localized_name': 'Solo travel', 'value': '29'}, {'name': 'family', 'localized_name': 'Family', 'value': '92'}, {'name': 'friends', 'localized_name': 'Friends getaway', 'value': '62'}]",Katowice,Poland,36.0,8.0,38.0,40.0,107.0,226.0,193.0,Park Inn,"Hotel Park Inn by Radisson Katowice offers modern rooms with fast free Wi-Fi and a fitness centre and two saunas. The hotel houses Kuchnia Otwarta Restauracja. Hotel is situated close to the city center within easy reach to all major routes. The international Conference Centre and the sports and events venue, Spodek, is only a 6-minute drive awal; Silesia City Center 4 min away. Hotel is located next to Silesian Park (100 m), one of Europe's largest parks. All air-conditioned rooms have stylish interiors and an LCD TV. Each room has a modern bathroom with a bath and a hairdryer. Complimentary bottled water is also provided. A varied buffet breakfast is served every morning at the Kuchnia Otwarta Restaurant which serves traditional Silesian and Polish cuisine with dishes comprising only fresh ingredients. Dishes are served by cooks in compliance with the principles of the French servicing. Guests can also enjoy a drink and snacks at the bar.",Sleep Quality,4.1,Location,3.5,Rooms,3.8,Service,4.1,Value,4.0,Cleanliness,4.1
12246671,Silesia Province,Courtyard by Marriott Katowice City Center,50.26152,19.02485,4.5,165,401,$$,"['Internet', 'Suites', 'Room service', 'Free Internet', 'Wheelchair access', 'Restaurant', 'Bar/Lounge', 'Wifi', 'Public Wifi', 'Free Wifi', 'Dry Cleaning', 'Meeting rooms', 'Non-smoking rooms', 'Business center', 'Fitness center', 'Laundry Service', 'Banquet Room', 'Air conditioning', 'Refrigerator in room', 'Conference Facilities', 'Non-smoking hotel', 'Safe', 'Breakfast Buffet', 'Housekeeping', 'Ironing Service', 'Polish', 'Kids Activities', 'Airport transportation', 'Tennis Court', 'Family Rooms', 'Multilingual Staff', 'Accessible rooms', 'Rooftop Bar', 'Breakfast Available', 'Parking', 'Facilities for Disabled Guests', 'Baggage Storage', 'Car Hire', 'Currency Exchange']","['Charming', 'Centrally Located']","[{'name': 'business', 'localized_name': 'Business', 'value': '79'}, {'name': 'couples', 'localized_name': 'Couples', 'value': '33'}, {'name': 'solo', 'localized_name': 'Solo travel', 'value': '15'}, {'name': 'family', 'localized_name': 'Family', 'value': '15'}, {'name': 'friends', 'localized_name': 'Friends getaway', 'value': '12'}]",Katowice,Poland,36.0,6.0,5.0,3.0,12.0,37.0,108.0,Courtyard (Marriott Bonvoy),,Location,4.7,Sleep Quality,4.7,Rooms,4.7,Service,4.6,Value,4.4,Cleanliness,4.8
286780,Silesia Province,Hotel Diament Plaza Katowice,50.25777,19.021938,3.8,221,157,$$,"['Restaurant', 'Internet', 'Free Internet', 'Free Wifi', 'Meeting rooms', 'Non-smoking rooms', 'Laundry Service', 'Air conditioning', 'Minibar', 'Non-smoking hotel', 'Flatscreen TV', 'Breakfast Buffet', 'English', 'Telephone', 'Wheelchair access', 'Wifi', 'Public Wifi', 'Dry Cleaning', 'Hot Tub', 'Family Rooms', 'Safe', 'Parking', 'Baggage Storage', '24-Hour Check-in', '24-Hour Front Desk', 'German', 'Polish', 'Ukrainian']","['Business', 'Centrally Located']","[{'name': 'business', 'localized_name': 'Business', 'value': '82'}, {'name': 'couples', 'localized_name': 'Couples', 'value': '67'}, {'name': 'solo', 'localized_name': 'Solo travel', 'value': '24'}, {'name': 'family', 'localized_name': 'Family', 'value': '15'}, {'name': 'friends', 'localized_name': 'Friends getaway', 'value': '29'}]",Katowice,Poland,36.0,11.0,15.0,11.0,52.0,71.0,72.0,,"Hotel Diament Plaza Katowice is a comfortable hotel located in the centre of the capital of Silesia, in the immediate vicinity of the market place, railway station, Spodek Show Arena and important tourist attractions of Katowice. Perfect location of the hotel allows you to easily access all parts of the city. The hotel owes its unique charm to historic architecture combined with comfortable interiors. Business & More – customer programme introduced in the hotel – has been developed especially for those who travel in business, but it also offers convenient solutions for tourists.",Location,4.5,Sleep Quality,3.8,Rooms,3.8,Service,4.2,Value,4.0,Cleanliness,4.4
6664499,Greater Poland Province,Puro Hotel Poznan Stare Miasto,52.41072,16.93462,4.5,1373,773,$$,"['Internet', 'Free Internet', 'Wifi', 'Free Wifi', 'Suites', 'Room service', 'Wheelchair access', 'Restaurant', 'Bar/Lounge', 'Pets Allowed', 'Airport transportation', 'Public Wifi', 'Dry Cleaning', 'Meeting rooms', 'Non-smoking rooms', 'Business center', 'Fitness center', 'Laundry Service', 'Banquet Room', 'Air conditioning', 'Family Rooms', 'Multilingual Staff', 'Accessible rooms', 'Refrigerator in room', 'Conference Facilities', 'Non-smoking hotel', 'Safe', 'Flatscreen TV', 'Breakfast Available', 'Parking', 'Facilities for Disabled Guests', 'Housekeeping', 'Allergy-free Room', 'Baggage Storage', 'Bicycles Available', 'Blackout Curtains', 'Bottled Water', '24-Hour Check-in', 'Express Check-in / Check-out', 'Coffee Shop', 'Desk', 'English', '24-Hour Front Desk', 'German', 'Hair Dryer', 'Ironing Service', 'Parking Garage', 'Polish', '24-Hour Security', 'Snack Bar', 'Taxi Service', 'Telephone', 'Wake Up Service / Alarm Clock', 'Breakfast included', 'Sauna', 'Additional Bathroom', ""Children's Television Networks"", 'Clothes Rack', 'Complimentary Tea', 'Dining Area', 'Complimentary Instant Coffee', 'Highchairs Available', 'Interconnected room(s) available', 'Laptop Safe', 'Patio', 'Private Bathrooms', 'Paid Public Parking Nearby', 'Radio', 'Seating Area', 'Separate Dining Area', 'Separate Living Room', 'Sofa', 'Soundproof Rooms', 'Spanish', 'Sun Deck', 'Sun Terrace', 'Tile / Marble Floor', 'Walk-in Shower', 'Wardrobe / Closet']","['Green', 'Trendy']","[{'name': 'business', 'localized_name': 'Business', 'value': '417'}, {'name': 'couples', 'localized_name': 'Couples', 'value': '494'}, {'name': 'solo', 'localized_name': 'Solo travel', 'value': '52'}, {'name': 'family', 'localized_name': 'Family', 'value': '152'}, {'name': 'friends', 'localized_name': 'Friends getaway', 'value': '142'}]",Poznan,Poland,93.0,2.0,28.0,38.0,81.0,321.0,905.0,PURO Hotels,"PURO Hotel Poznan Stare Miasto offers an eclectic mix of modern furniture, curated artwork and objects. A feast for the eyes and mind. Located in the historic part of the city, within the Jewish district. PURO Hotel Poznan is a contemporary gem located within walking distance of Poznan's Old Town Square and wonderful historic attractions, shops, restaurants and cafés.",Location,4.9,Sleep Quality,4.6,Rooms,4.4,Service,4.6,Value,4.5,Cleanliness,4.8
626806,Greater Poland Province,Sheraton Poznan Hotel,52.407166,16.910627,4.3,888,756,$$,"['Pool', 'Room service', 'Restaurant', 'Business center', 'Fitness center', 'Wheelchair access', 'Suites', 'Meeting rooms', 'Bar/Lounge', 'Internet', 'Free Internet', 'Wifi', 'Free Wifi', 'Spa', 'Airport transportation', 'Public Wifi', 'Paid Internet', 'Dry Cleaning', 'Non-smoking rooms', 'Laundry Service', 'Concierge', 'Banquet Room', 'Air conditioning', 'Multilingual Staff', 'Accessible rooms', 'Refrigerator in room', 'Minibar', 'Conference Facilities', 'Non-smoking hotel', 'Safe', 'Heated pool', 'Flatscreen TV', 'Breakfast Buffet', 'Indoor pool', 'Facilities for Disabled Guests', 'Housekeeping', 'Baggage Storage', 'Bottled Water', 'Breakfast in the Room', '24-Hour Check-in', 'Desk', 'English', '24-Hour Front Desk', 'Iron', 'Ironing Service', 'Parking Garage', 'Polish', '24-Hour Security', 'Taxi Service', 'Breakfast Available', 'Parking', 'Kids Stay Free', 'Sauna', 'ATM On Site', 'Car Hire', 'Express Check-in / Check-out', 'Electric Kettle', 'Executive Lounge Access', 'Fitness / Spa Locker Rooms', 'Free Wifi in the Business Center', 'Full Body Massage', 'Head Massage', 'Massage', 'Neck Massage', 'Pool with View', 'Private Bathrooms', 'Seating Area', 'Swimming Pool Toys', 'Telephone', 'Umbrella', 'Wake Up Service / Alarm Clock', 'Walk-in Shower', 'Wardrobe / Closet']","['Family', 'Green']","[{'name': 'business', 'localized_name': 'Business', 'value': '410'}, {'name': 'couples', 'localized_name': 'Couples', 'value': '197'}, {'name': 'solo', 'localized_name': 'Solo travel', 'value': '70'}, {'name': 'family', 'localized_name': 'Family', 'value': '83'}, {'name': 'friends', 'localized_name': 'Friends getaway', 'value': '84'}]",Poznan,Poland,93.0,7.0,18.0,25.0,92.0,304.0,449.0,Sheraton (Marriott Bonvoy),,Sleep Quality,4.4,Location,4.1,Rooms,4.4,Service,4.4,Value,4.2,Cleanliness,4.6
1072730,Greater Poland Province,NH Poznan,52.40677,16.92114,4.0,564,268,$$,"['Internet', 'Room service', 'Free Internet', 'Restaurant', 'Wifi', 'Free Wifi', 'Meeting rooms', 'Non-smoking rooms', 'Business center', 'Suites', 'Wheelchair access', 'Bar/Lounge', 'Public Wifi', 'Dry Cleaning', 'Laundry Service', 'Air conditioning', 'Multilingual Staff', 'Conference Facilities', 'Safe', 'Flatscreen TV', 'Breakfast Buffet', 'Breakfast Available', 'English', '24-Hour Front Desk', 'Spa', 'Fitness center', 'Banquet Room', 'Refrigerator in room', 'Parking', 'Sauna', 'Baggage Storage', 'Breakfast in the Room', 'German', 'Ironing Service', 'Massage', 'Polish', 'Paid Private Parking On-site', 'Shoeshine', 'Spanish', 'Special Diet Menus']","['Green', 'Trendy']","[{'name': 'business', 'localized_name': 'Business', 'value': '229'}, {'name': 'couples', 'localized_name': 'Couples', 'value': '137'}, {'name': 'solo', 'localized_name': 'Solo travel', 'value': '41'}, {'name': 'family', 'localized_name': 'Family', 'value': '59'}, {'name': 'friends', 'localized_name': 'Friends getaway', 'value': '69'}]",Poznan,Poland,93.0,14.0,18.0,27.0,76.0,264.0,179.0,NH Hotels,"The NH Poznan hotel is a 100-year-old building in the city's shopping district, making it an excellent base for exploring Poznan's cultural highlights. The location's also great for those here on business - the Poznan International Fair, the train station and the famous Old Market are all within easy walking distance. The hotel building might be historic, but inside you'll find bright, contemporary style. We have 93 stylish guestrooms, which are decorated in natural shades. Rooms come with queen or twin beds, as well as Wi-Fi and satellite TV. The hotel has a stylish restaurant serving a menu of modern European food. You're also welcome to have a drink in our cozy bar. Meanwhile, if you want to exercise, you can visit our basement gym. Down here there's also a wellness area with a Turkish bath and a Finnish sauna. Massages are available, too at Antonina Royal Spa. Our 6 meeting rooms hold between 15 and 120 people.",Location,4.4,Sleep Quality,4.2,Rooms,4.2,Service,4.2,Value,4.0,Cleanliness,4.3
275079,Greater Poland Province,Mercure Poznan Centrum,52.408672,16.911758,4.3,819,525,$$,"['Restaurant', 'Room service', 'Business center', 'Pets Allowed', 'Wheelchair access', 'Bar/Lounge', 'Fitness center', 'Internet', 'Free Internet', 'Wifi', 'Free Wifi', 'Suites', 'Dry Cleaning', 'Meeting rooms', 'Non-smoking rooms', 'Laundry Service', 'Banquet Room', 'Air conditioning', 'Multilingual Staff', 'Accessible rooms', 'Minibar', 'Conference Facilities', 'Non-smoking hotel', 'Safe', 'Flatscreen TV', 'Breakfast Buffet', 'Parking', 'Facilities for Disabled Guests', 'Housekeeping', 'Baggage Storage', 'Breakfast in the Room', 'Desk', 'English', 'Fitness / Spa Locker Rooms', 'Complimentary Toiletries', '24-Hour Front Desk', 'German', 'Gift Shop', 'Polish', 'Kids Activities', 'Public Wifi', 'Family Rooms', 'Sauna', 'Car Hire', 'Express Check-in / Check-out', 'Hair Dryer', 'Ironing Service', 'Italian', 'Newspaper', 'Paid Private Parking On-site', 'Russian', 'Shoeshine', 'Shops', 'Spanish', 'Swedish', 'Telephone', 'VIP Room Facilities']","['Green', 'Classic']","[{'name': 'business', 'localized_name': 'Business', 'value': '395'}, {'name': 'couples', 'localized_name': 'Couples', 'value': '166'}, {'name': 'solo', 'localized_name': 'Solo travel', 'value': '67'}, {'name': 'family', 'localized_name': 'Family', 'value': '103'}, {'name': 'friends', 'localized_name': 'Friends getaway', 'value': '60'}]",Poznan,Poland,93.0,6.0,7.0,15.0,74.0,357.0,366.0,Mercure,"Modern, friendly 4 star hotel in the city centre, close to the railway station, the historic part of Poznan and fair grounds, with easy access to the airport. 228 spacious, airconditioned rooms with modern design welcome business and leisure travelers.11 multifunctional airconditioned meeting rooms with modern audiovisual aids are perfect for organising any event. Our restaurant offers dishes featuring new flavours from Polish and international cuisine. After work, you can relax in our fitness centre.",Location,4.5,Sleep Quality,4.5,Rooms,4.4,Service,4.4,Value,4.3,Cleanliness,4.6
275076,Greater Poland Province,Novotel Poznan Centrum,52.401382,16.924006,3.8,1227,674,$$,"['Restaurant', 'Internet', 'Free Internet', 'Wifi', 'Free Wifi', 'Room service', 'Bar/Lounge', 'Pets Allowed', 'Fitness center', 'Business center', 'Suites', 'Casino', 'Dry Cleaning', 'Meeting rooms', 'Non-smoking rooms', 'Laundry Service', 'Banquet Room', 'Air conditioning', 'Family Rooms', 'Multilingual Staff', 'Accessible rooms', 'Conference Facilities', 'Non-smoking hotel', 'Safe', 'Breakfast Buffet', 'Parking', 'Facilities for Disabled Guests', 'Housekeeping', 'Kids Stay Free', 'Baggage Storage', 'Breakfast in the Room', '24-Hour Check-in', 'Express Check-in / Check-out', 'Desk', 'English', 'Fitness / Spa Locker Rooms', 'Complimentary Toiletries', '24-Hour Front Desk', 'German', 'Hair Dryer', 'Ironing Service', ""Kids' Meals"", 'Parking Garage', 'Polish', 'Paid Public Parking On-site', 'Telephone', 'Public Wifi', 'Minibar', 'Breakfast Available', 'ATM On Site', 'Bridal Suite', 'Car Hire', 'Iron', 'Massage', 'Paid Private Parking On-site', 'Shoeshine', 'Valet Parking', 'VIP Room Facilities']","['Green', 'Mid-range']","[{'name': 'business', 'localized_name': 'Business', 'value': '551'}, {'name': 'couples', 'localized_name': 'Couples', 'value': '234'}, {'name': 'solo', 'localized_name': 'Solo travel', 'value': '102'}, {'name': 'family', 'localized_name': 'Family', 'value': '198'}, {'name': 'friends', 'localized_name': 'Friends getaway', 'value': '100'}]",Poznan,Poland,93.0,15.0,43.0,112.0,285.0,451.0,336.0,Novotel,"The Novotel Poznan Centrum is the ideal hotel for a business trip to Poznan. Our meeting rooms for up to 800 people are perfect for conferences and seminars of all kinds. Close to the International Exhibition Centre and train station, with walking distance to the the Old Town and Stary Browar shopping mall, the hotel also offers a business lounge, WiFi internet, Executive rooms and car rental service for your convenience. After a busy day, relax and enjoy our restaurant, bar and casino.",Location,4.4,Sleep Quality,3.9,Rooms,3.8,Service,3.9,Value,3.7,Cleanliness,4.1
14989391,Greater Poland Province,Park Inn by Radisson Poznan,52.409393,16.938864,4.2,365,434,$$,"['Internet', 'Kids Activities', 'Suites', 'Free Internet', 'Wheelchair access', 'Restaurant', 'Bar/Lounge', 'Pets Allowed', 'Airport transportation', 'Wifi', 'Free Wifi', 'Dry Cleaning', 'Meeting rooms', 'Non-smoking rooms', 'Business center', 'Fitness center', 'Laundry Service', 'Air conditioning', 'Family Rooms', 'Multilingual Staff', 'Accessible rooms', 'Conference Facilities', 'Non-smoking hotel', 'Safe', 'Breakfast Buffet', 'Breakfast Available', 'Parking', 'Facilities for Disabled Guests', 'Baggage Storage', 'English', '24-Hour Front Desk', 'Parking Garage', 'Polish', 'Walk-in Shower', 'Private Balcony']","['Trendy', 'Mid-range']","[{'name': 'business', 'localized_name': 'Business', 'value': '88'}, {'name': 'couples', 'localized_name': 'Couples', 'value': '114'}, {'name': 'solo', 'localized_name': 'Solo travel', 'value': '22'}, {'name': 'family', 'localized_name': 'Family', 'value': '62'}, {'name': 'friends', 'localized_name': 'Friends getaway', 'value': '34'}]",Poznan,Poland,93.0,9.0,10.0,20.0,32.0,111.0,192.0,Park Inn,"Stay at the Park Inn by Radisson Poznan when visiting one of Poland's largest, oldest, and most prosperous cities. Located next to the modern Garbary Street, moments away from the historic Old Town, the property offers 155 stylish rooms. Furthermore, enjoy an on-site restaurant, a lobby bar, 5 meeting rooms, a gym, and a parking lot. We welcome business and leisure guests alike. Poznan is situated 275 km west of Warsaw and 255 km from Berlin. The city is an important business and cultural hub with a strong academic influence; Poznan is home to Poland's third-largest university and 130,000 students that add a vibrant feeling to the busy streets, squares, and alleys. Please note, the Park Inn by Radisson Poznan is a cashless hotel and only accepts card and contactless payments.",Location,4.7,Sleep Quality,4.3,Rooms,4.2,Service,4.4,Value,4.2,Cleanliness,4.5
15243198,Greater Poland Province,Hampton By Hilton Poznan Old Town,52.405945,16.929825,4.6,258,240,$$,"['Internet', 'Free Internet', 'Wheelchair access', 'Bar/Lounge', 'Free Wifi', 'Breakfast included', 'Dry Cleaning', 'Non-smoking rooms', 'Fitness center', 'Laundry Service', 'Air conditioning', 'Non-smoking hotel', 'Safe', 'Breakfast Buffet', 'Baggage Storage', 'Blackout Curtains', 'English', '24-Hour Front Desk', 'Polish', 'Soundproof Rooms', 'Meeting rooms', 'Business center', 'Parking', 'Walk-in Shower']","['Family', 'Mid-range']","[{'name': 'business', 'localized_name': 'Business', 'value': '65'}, {'name': 'couples', 'localized_name': 'Couples', 'value': '79'}, {'name': 'solo', 'localized_name': 'Solo travel', 'value': '24'}, {'name': 'family', 'localized_name': 'Family', 'value': '36'}, {'name': 'friends', 'localized_name': 'Friends getaway', 'value': '17'}]",Poznan,Poland,93.0,4.0,5.0,5.0,10.0,54.0,184.0,Hampton by Hilton,"Hampton by Hilton Poznan Old Town offers a modern and comfortable stay in the heart of one of Poland’s most historic cities. Located just steps from the Old Market Square, the National Museum, and the city's Royal Castle. Located 10 minutes from the Old Zoo and performances at the Poznan Grand Theatre, you'll have easy access to Poznan's popular sights. You’ll also be close to family-friendly lakeside attractions at Lake Malta. Rooms are thoughtfully designed with signature Hampton beds, free WiFi, and ergonomic workspaces. Guests can wake up to a complimentary hot breakfast, stay active in the fitness center, and relax in the welcoming lobby bar after a day of sightseeing or meetings. The hotel also offers onsite parking and a 24-hour front desk for added convenience. Whether you're exploring Poznan’s rich history or attending meetings nearby, Hampton by Hilton Poznan Old Town delivers reliable comfort, friendly service, and a prime location for discovering this dynamic Polish city.",Location,4.9,Sleep Quality,4.7,Rooms,4.6,Service,4.6,Value,4.6,Cleanliness,4.7
652453,Greater Poland Province,"Andersia Hotel & Spa Poznan, A Member Of Radisson Individuals",52.401142,16.92605,4.4,1029,548,$$,"['Pool', 'Internet', 'Kids Activities', 'Shuttle Bus Service', 'Suites', 'Room service', 'Free Internet', 'Wheelchair access', 'Restaurant', 'Bar/Lounge', 'Pets Allowed', 'Airport transportation', 'Casino', 'Wifi', 'Public Wifi', 'Free Wifi', 'Dry Cleaning', 'Meeting rooms', 'Hot Tub', 'Non-smoking rooms', 'Business center', 'Fitness center', 'Laundry Service', 'Concierge', 'Banquet Room', 'Air conditioning', 'Multilingual Staff', 'Accessible rooms', 'Refrigerator in room', 'Minibar', 'Conference Facilities', 'Non-smoking hotel', 'Safe', 'Heated pool', 'Flatscreen TV', 'Breakfast Buffet', 'Indoor pool', 'Breakfast Available', 'Parking', 'Facilities for Disabled Guests', 'Sauna', 'Allergy-free Room', 'ATM On Site', 'Baggage Storage', 'Bicycle Rental', 'Bottled Water', 'Breakfast in the Room', 'Bridal Suite', 'Car Hire', 'Express Check-in / Check-out', 'English', 'Fitness / Spa Locker Rooms', '24-Hour Front Desk', 'German', 'Ironing Service', 'Massage', 'Parking Garage', 'Polish', 'Paid Private Parking On-site', 'Salon', '24-Hour Security', 'Shoeshine', 'Soundproof Rooms', 'Taxi Service', 'VIP Room Facilities']","['Family', 'Green']","[{'name': 'business', 'localized_name': 'Business', 'value': '463'}, {'name': 'couples', 'localized_name': 'Couples', 'value': '263'}, {'name': 'solo', 'localized_name': 'Solo travel', 'value': '63'}, {'name': 'family', 'localized_name': 'Family', 'value': '105'}, {'name': 'friends', 'localized_name': 'Friends getaway', 'value': '89'}]",Poznan,Poland,93.0,10.0,26.0,33.0,59.0,335.0,576.0,Radisson,"Andersia Hotel & Spa Poznań, a member of Radisson Individuals, is a modern business venue situated in a super central location in Poznań. The nineteen-story skyscraper where the hotel is situated is one of the city's showpieces and a place where prestigious events are organized. Our hotel offers a comfortable rest in one of our 172 elegant and spacious rooms. You won't need to travel far when staying at our hotel if you're looking for something delicious to eat. A professional team of experienced chefs and fresh ingredients guarantee tasty and attractive meals served at our on-site restaurant in Poznań. If you're looking for a late night drink or light bites, the Lobby Bar is the perfect place for a delicious snack, coffee or cocktail.",Location,4.7,Sleep Quality,4.6,Rooms,4.5,Service,4.5,Value,4.3,Cleanliness,4.6
275077,Greater Poland Province,Novotel Poznan Malta,52.407497,16.974083,3.9,566,266,$,"['Pool', 'Internet', 'Kids Activities', 'Room service', 'Free Internet', 'Wheelchair access', 'Restaurant', 'Bar/Lounge', 'Pets Allowed', 'Wifi', 'Public Wifi', 'Free Wifi', 'Dry Cleaning', 'Meeting rooms', 'Non-smoking rooms', 'Business center', 'Fitness center', 'Laundry Service', 'Banquet Room', 'Air conditioning', 'Family Rooms', 'Multilingual Staff', 'Accessible rooms', 'Conference Facilities', 'Non-smoking hotel', 'Flatscreen TV', 'Breakfast Buffet', 'Adult pool', 'Outdoor pool', 'Breakfast Available', 'Parking', 'Facilities for Disabled Guests', 'Housekeeping', 'Kids Stay Free', 'Allergy-free Room', 'Baggage Storage', 'Bathrobes', 'Bicycle Rental', 'Board Games / Puzzles', 'Breakfast in the Room', '24-Hour Check-in', 'Express Check-in / Check-out', 'Coffee / Tea Maker', 'Desk', 'Electric Kettle', 'English', 'First Aid Kit', 'Complimentary Toiletries', 'Free Wifi in the Business Center', '24-Hour Front Desk', 'Gift Shop', 'Hair Dryer', 'Interconnected room(s) available', 'Iron', ""Kids' Meals"", 'Kid-Friendly Buffet', 'Outdoor Dining Area', 'Picnic Area', 'Polish', 'Pool View', 'Private Bathrooms', 'Paid Private Parking On-site', 'Seating Area', 'Shoeshine', 'Snack Bar', 'Sofa', 'Telephone', 'Video Game Console', 'Wake Up Service / Alarm Clock', 'Wine / Champagne']","['Mid-range', 'Quiet']","[{'name': 'business', 'localized_name': 'Business', 'value': '215'}, {'name': 'couples', 'localized_name': 'Couples', 'value': '80'}, {'name': 'solo', 'localized_name': 'Solo travel', 'value': '30'}, {'name': 'family', 'localized_name': 'Family', 'value': '196'}, {'name': 'friends', 'localized_name': 'Friends getaway', 'value': '36'}]",Poznan,Poland,93.0,16.0,12.0,34.0,127.0,220.0,173.0,Novotel,,Location,4.2,Sleep Quality,4.0,Rooms,3.7,Service,4.3,Value,3.9,Cleanliness,4.2
14958792,Greater Poland Province,Ibis Poznan Centrum,52.401344,16.924538,4.2,106,142,$,"['Internet', 'Kids Activities', 'Suites', 'Room service', 'Free Internet', 'Wheelchair access', 'Restaurant', 'Bar/Lounge', 'Pets Allowed', 'Casino', 'Wifi', 'Public Wifi', 'Free Wifi', 'Breakfast included', 'Meeting rooms', 'Non-smoking rooms', 'Business center', 'Fitness center', 'Laundry Service', 'Banquet Room', 'Air conditioning', 'Family Rooms', 'Multilingual Staff', 'Accessible rooms', 'Conference Facilities', 'Non-smoking hotel', 'Breakfast Buffet', 'Breakfast Available', 'Baggage Storage', '24-Hour Front Desk', 'Polish', 'Paid Private Parking On-site']","['Family', 'Mid-range']","[{'name': 'business', 'localized_name': 'Business', 'value': '25'}, {'name': 'couples', 'localized_name': 'Couples', 'value': '30'}, {'name': 'solo', 'localized_name': 'Solo travel', 'value': '9'}, {'name': 'family', 'localized_name': 'Family', 'value': '16'}, {'name': 'friends', 'localized_name': 'Friends getaway', 'value': '9'}]",Poznan,Poland,93.0,23.0,4.0,6.0,4.0,41.0,51.0,ibis,,Location,4.7,Sleep Quality,4.4,Rooms,4.5,Service,4.4,Value,4.4,Cleanliness,4.6
277656,Pomerania Province,Mercure Gdynia Centrum,54.517868,18.544245,4.1,933,585,$$,"['Restaurant', 'Pool', 'Internet', 'Room service', 'Free Internet', 'Wheelchair access', 'Bar/Lounge', 'Wifi', 'Free Wifi', 'Business center', 'Pets Allowed', 'Suites', 'Dry Cleaning', 'Meeting rooms', 'Non-smoking rooms', 'Laundry Service', 'Banquet Room', 'Air conditioning', 'Multilingual Staff', 'Accessible rooms', 'Refrigerator in room', 'Minibar', 'Conference Facilities', 'Non-smoking hotel', 'Heated pool', 'Flatscreen TV', 'Breakfast Buffet', 'Indoor pool', 'Parking', 'Facilities for Disabled Guests', 'Housekeeping', 'Kids Stay Free', 'Breakfast in the Room', 'Fitness / Spa Locker Rooms', '24-Hour Front Desk', 'Hair Dryer', 'Polish', 'Public Wifi', 'Family Rooms', 'Safe', 'Breakfast Available', 'Sauna', 'Baggage Storage', 'Bridal Suite', 'Express Check-in / Check-out', 'Coffee Shop', 'Desk', 'English', 'Hiking', 'Indoor Play Area for Children', 'Massage', 'Private Check-in / Check-out', 'Paid Private Parking On-site', 'Salon', 'Shops', 'Solarium', 'Telephone', 'Beach Access']","['Great View', 'Harbor View']","[{'name': 'business', 'localized_name': 'Business', 'value': '230'}, {'name': 'couples', 'localized_name': 'Couples', 'value': '223'}, {'name': 'solo', 'localized_name': 'Solo travel', 'value': '53'}, {'name': 'family', 'localized_name': 'Family', 'value': '276'}, {'name': 'friends', 'localized_name': 'Friends getaway', 'value': '86'}]",Gdynia,Poland,29.0,4.0,16.0,39.0,162.0,336.0,380.0,Mercure,"Mercure Gdynia Centrum is located in city centre, a short walk from the beach. Enjoy most popular Seaside Boulevard in Gdynia and the yacht marina near the hotel. Guests who want cultural attractions will appreciate the close proximity of Musical Theatre, Gdynia Film Center and Naval Museum. The hotel is ideal for both those who spend their holidays by the sea and those who travel for business purposes. Our hotel is characterized by very convenient communication. It takes a few minutes to get to Gdynia Main Station and the nearby bus stops, making it even easier to discover the richness of the Tricity. We have prepared 301 comfortable rooms, with panoramic views of sea and the harbour. Swimming pool, saunas, and a rich culinary and conference offer will help to make your stay in Gdynia unforgettable. Discover the charms of city created from sea and dreams. Its rich history, extraordinary architecture and great inhabitants made Gdynia modernist pearl of Europe.",Location,4.9,Sleep Quality,4.4,Rooms,4.2,Service,4.4,Value,4.2,Cleanliness,4.5
7780556,Pomerania Province,Courtyard by Marriott Gdynia Waterfront,54.520844,18.54936,4.4,502,561,$$,"['Internet', 'Free Internet', 'Wheelchair access', 'Restaurant', 'Wifi', 'Public Wifi', 'Free Wifi', 'Meeting rooms', 'Fitness center', 'Beachfront', 'Suites', 'Room service', 'Bar/Lounge', 'Airport transportation', 'Dry Cleaning', 'Non-smoking rooms', 'Business center', 'Laundry Service', 'Concierge', 'Banquet Room', 'Air conditioning', 'Multilingual Staff', 'Accessible rooms', 'Minibar', 'Conference Facilities', 'Non-smoking hotel', 'Safe', 'Flatscreen TV', 'Breakfast Buffet', 'Parking', 'Facilities for Disabled Guests', 'Housekeeping', 'Allergy-free Room', 'Baggage Storage', 'Bath / Shower', 'Bottled Water', 'Breakfast in the Room', 'English', 'Complimentary Toiletries', '24-Hour Front Desk', 'Hair Dryer', 'Ironing Service', 'Polish', 'Family Rooms', 'Breakfast Available', 'Clothes Rack', 'Electric Kettle', 'Free Wifi in the Business Center', 'Interconnected room(s) available', 'Iron', ""Kids' Meals"", 'Newspaper', 'Private Bathrooms', 'Paid Private Parking Nearby', 'Paid Public Parking Nearby', '24-Hour Security', 'Street Parking', 'Taxi Service', 'Telephone', 'Wake Up Service / Alarm Clock', 'Wine / Champagne', 'Beach Access']","['Great View', 'Charming']","[{'name': 'business', 'localized_name': 'Business', 'value': '191'}, {'name': 'couples', 'localized_name': 'Couples', 'value': '131'}, {'name': 'solo', 'localized_name': 'Solo travel', 'value': '26'}, {'name': 'family', 'localized_name': 'Family', 'value': '81'}, {'name': 'friends', 'localized_name': 'Friends getaway', 'value': '43'}]",Gdynia,Poland,29.0,2.0,6.0,11.0,44.0,178.0,263.0,Courtyard (Marriott Bonvoy),,Location,4.7,Sleep Quality,4.5,Rooms,4.5,Service,4.3,Value,4.2,Cleanliness,4.7
6998708,Pomerania Province,Gdynia Centrum,54.51961,18.53455,4.6,24,19,$,"['Free Wifi', 'Kitchenette', 'Refrigerator in room', 'Bath / Shower', 'Hair Dryer', 'Kitchenware', 'Beach Access']","['Family', 'Quaint']","[{'name': 'business', 'localized_name': 'Business', 'value': '4'}, {'name': 'couples', 'localized_name': 'Couples', 'value': '3'}, {'name': 'solo', 'localized_name': 'Solo travel', 'value': '0'}, {'name': 'family', 'localized_name': 'Family', 'value': '6'}, {'name': 'friends', 'localized_name': 'Friends getaway', 'value': '3'}]",Gdynia,Poland,224.0,2.0,0.0,2.0,1.0,2.0,19.0,,,Location,5.0,Sleep Quality,4.5,Rooms,4.6,Service,4.8,Value,4.4,Cleanliness,5.0
26308453,Pomerania Province,Square Apartments Gdynia,54.51982,18.543041,5.0,14,12,$$,"['Internet', 'Beachfront', 'Wheelchair access', 'Restaurant', 'Pets Allowed', 'Kitchenette', 'Airport transportation', 'Wifi', 'Free Wifi', 'Meeting rooms', 'Laundry Service', 'Air conditioning', 'Refrigerator in room', 'Conference Facilities', 'Non-smoking hotel', 'Breakfast Buffet', 'Breakfast Available', 'Facilities for Disabled Guests', 'Baggage Storage', 'Blackout Curtains', 'Bottled Water', 'Cable / Satellite TV', '24-Hour Check-in', 'Express Check-in / Check-out', 'Clothes Dryer', 'Clothes Rack', 'Coffee / Tea Maker', 'English', 'Highchairs Available', 'Iron', 'Laptop Safe', 'Polish', 'Private Bathrooms', 'Paid Private Parking Nearby', 'Paid Public Parking Nearby', 'Seating Area', 'Sofa', 'Sofa Bed', 'Street Parking', 'Taxi Service', 'Umbrella', 'Walking Tours', 'Wardrobe / Closet', 'Washing Machine', 'Beach Access']","['Quaint', 'Mid-range']","[{'name': 'business', 'localized_name': 'Business', 'value': '0'}, {'name': 'couples', 'localized_name': 'Couples', 'value': '5'}, {'name': 'solo', 'localized_name': 'Solo travel', 'value': '2'}, {'name': 'family', 'localized_name': 'Family', 'value': '4'}, {'name': 'friends', 'localized_name': 'Friends getaway', 'value': '3'}]",Gdynia,Poland,224.0,1.0,0.0,0.0,0.0,0.0,14.0,,"Explore the vibrant city Our suites are located in Kościuszki Square and Świętojańska Street, in proximity to the beach and the major tourist attractions of Gdynia. Staying in our hotel gives you the best opportunity to enjoy cultural, cinematic and sports events organized in the city.",Location,5.0,Sleep Quality,4.8,Rooms,5.0,Service,5.0,Value,4.9,Cleanliness,4.8
23518362,Pomerania Province,My Story Gdynia Hotel,54.37207,18.627234,4.4,12,11,$$,"['Internet', 'Free Internet', 'Restaurant', 'Bar/Lounge', 'Pets Allowed', 'Airport transportation', 'Wifi', 'Public Wifi', 'Free Wifi', 'Meeting rooms', 'Business center', 'Fitness center', 'Laundry Service', 'Banquet Room', 'Conference Facilities', 'Non-smoking hotel', 'Rooftop Terrace', 'Breakfast Buffet', 'Breakfast Available', 'Sauna', 'Electric vehicle charging station', 'Baggage Storage', 'Breakfast in the Room', '24-Hour Check-in', 'Couples Massage', '24-Hour Front Desk', 'Ironing Service', ""Kids' Meals"", 'Massage', 'Neck Massage', 'Paid Private Parking Nearby', '24-Hour Security', 'Special Diet Menus', 'Taxi Service', 'Umbrella', 'Wine / Champagne']","['Luxury', 'Mid-range']","[{'name': 'business', 'localized_name': 'Business', 'value': '6'}, {'name': 'couples', 'localized_name': 'Couples', 'value': '3'}, {'name': 'solo', 'localized_name': 'Solo travel', 'value': '0'}, {'name': 'family', 'localized_name': 'Family', 'value': '2'}, {'name': 'friends', 'localized_name': 'Friends getaway', 'value': '0'}]",Gdynia,Poland,29.0,15.0,1.0,0.0,1.0,1.0,9.0,,,Sleep Quality,5.0,Location,4.5,Rooms,5.0,Service,5.0,Value,4.7,Cleanliness,5.0
21250030,Pomerania Province,BP Hostel Gdynia,54.505573,18.554295,,0,0,$,[],[],"[{'name': 'business', 'localized_name': 'Business', 'value': '0'}, {'name': 'couples', 'localized_name': 'Couples', 'value': '0'}, {'name': 'solo', 'localized_name': 'Solo travel', 'value': '0'}, {'name': 'family', 'localized_name': 'Family', 'value': '0'}, {'name': 'friends', 'localized_name': 'Friends getaway', 'value': '0'}]",Gdynia,Poland,,,,,,,,,,,,,,,,,,,,,
953906,Pomerania Province,Villa Gdynia,54.50095,18.54805,3.9,17,28,$$,"['Free parking', 'Free Wifi', 'Laundry Service', 'Family Rooms', 'Non-smoking hotel', 'Flatscreen TV', 'Breakfast Buffet', 'Breakfast Available', 'Allergy-free Room', 'Baggage Storage', 'Bath / Shower', 'Bridal Suite', 'Express Check-in / Check-out', 'Desk', 'English', '24-Hour Front Desk', 'Hair Dryer', 'Iron', 'Polish', 'Private Check-in / Check-out', 'Russian', '24-Hour Security']","['Quaint', 'Family']","[{'name': 'business', 'localized_name': 'Business', 'value': '6'}, {'name': 'couples', 'localized_name': 'Couples', 'value': '3'}, {'name': 'solo', 'localized_name': 'Solo travel', 'value': '3'}, {'name': 'family', 'localized_name': 'Family', 'value': '3'}, {'name': 'friends', 'localized_name': 'Friends getaway', 'value': '2'}]",Gdynia,Poland,59.0,9.0,0.0,2.0,2.0,9.0,4.0,,"Villa Gdynia is located on Wzg. Św. Maksymiliana, in a quiet residential area of Gdynia adjacent to the city center. In a few moments you will find yourself in the city center or by the sea. Caring about the comfort of our guests we offer comfortably furnished single, double, triple and quadruple rooms. Each room and suite has a spacious bathroom with a bathtub or shower. There is also a desk, ironing equipment, refrigerator and coffee set. The rooms are equipped with continental beds. This is synonymous with elegance, supreme comfort and new trends in the bedrooms of Europeans. Each bathroom has a hairdryer and towels made of high-quality yarn and bamboo fiber. In the rooms of higher standard, on the terrace, especially for warm evenings, we have set up a set of lounge furniture.",Location,4.0,Sleep Quality,3.8,Rooms,3.7,Service,3.7,Value,4.0,Cleanliness,4.0
4888442,Pomerania Province,Hotel Business Faltom Gdynia,54.553993,18.415386,4.4,105,130,$,"['Wheelchair access', 'Fitness center', 'Internet', 'Suites', 'Free Internet', 'Restaurant', 'Bar/Lounge', 'Spa', 'Wifi', 'Free Wifi', 'Meeting rooms', 'Non-smoking rooms', 'Business center', 'Laundry Service', 'Family Rooms', 'Non-smoking hotel', 'Flatscreen TV', 'Breakfast Buffet', 'Parking', 'Facilities for Disabled Guests', 'Housekeeping', 'Kids Club', 'Kids Activities', 'Room service', 'Free parking', 'Pets Allowed', 'Airport transportation', 'Air conditioning', 'Minibar', 'Babysitting', 'Indoor pool', 'Bicycle Rental', 'Car Hire', 'Fireplace']","['Charming', 'Classic']","[{'name': 'business', 'localized_name': 'Business', 'value': '32'}, {'name': 'couples', 'localized_name': 'Couples', 'value': '29'}, {'name': 'solo', 'localized_name': 'Solo travel', 'value': '5'}, {'name': 'family', 'localized_name': 'Family', 'value': '31'}, {'name': 'friends', 'localized_name': 'Friends getaway', 'value': '4'}]",Gdynia,Poland,29.0,6.0,1.0,2.0,6.0,38.0,58.0,Best Western Plus,"Conveniently located, 5 km from the centre of Gdynia and 2 km from the Tricity bypass, the 3-star BEST WESTERN PLUS Business Faltom Hotel Gdynia offers free access to a modern gym. The sauna complex features a steam room, a spa bath, a dry sauna and an infrared sauna and is available at an additional fee.All classic-style rooms at the BEST WESTERN PLUS Business Faltom Hotel Gdynia are elegantly decorated in black, white and dark brown colours. Each features a 32-inch LCD TV, a desk with a chair and a refrigerator. Every private bathroom is equipped with a bath and a hairdryer.BEST WESTERN PLUS Business Faltom Hotel Gdynia’s guests are welcome to play billiards or table tennis and rent bicycles. There is also a children’s playground and an internet point at the reception. Spa centre offers a variety of treatments.It is possible to order a meal in the hotel’s restaurant and a drink can be enjoyed at the lobby bar. Guests have access to a spa lounge with complimentary tea, water and biscuits available at extra charge.The Faltom is 5 km from the Stena Line ferry harbour. The Gdańsk Airport is 25 km away and the airport shuttle service is available at a surcharge.",Sleep Quality,4.6,Location,3.7,Rooms,4.6,Service,4.6,Value,4.5,Cleanliness,4.6
7710716,Pomerania Province,Kamienica Morska Gdynia,54.53381,18.48837,4.0,3,0,$,"['Internet', 'Kids Activities', 'Beachfront', 'Suites', 'Free Internet', 'Free parking', 'Restaurant', 'Bar/Lounge', 'Pets Allowed', 'Kitchenette', 'Wifi', 'Free Wifi', 'Non-smoking rooms', 'Family Rooms', 'Microwave', 'Refrigerator in room', 'Non-smoking hotel', 'Flatscreen TV', 'Breakfast Buffet', 'Breakfast Available', 'Parking', 'Kids Stay Free', 'Bath / Shower', 'BBQ Facilities', 'Bottled Water', 'Breakfast in the Room', 'Cable / Satellite TV', 'Express Check-in / Check-out', 'Clothes Rack', 'Complimentary Tea', 'Desk', 'Electric Kettle', 'English', 'Extra Long Beds', 'First Aid Kit', 'Complimentary Instant Coffee', 'Complimentary Toiletries', 'Hair Dryer', 'Highchairs Available', 'Hiking', 'Iron', 'Kitchenware', 'Outdoor Furniture', 'Polish', 'Private Bathrooms', 'Russian', 'Seating Area', 'Shared Kitchen', 'Sofa Bed', 'Soundproof Rooms', 'Stovetop', 'Wake Up Service / Alarm Clock', 'Wardrobe / Closet', 'Beach Access']","['Family', 'Hidden Gem']","[{'name': 'business', 'localized_name': 'Business', 'value': '1'}, {'name': 'couples', 'localized_name': 'Couples', 'value': '1'}, {'name': 'solo', 'localized_name': 'Solo travel', 'value': '1'}, {'name': 'family', 'localized_name': 'Family', 'value': '0'}, {'name': 'friends', 'localized_name': 'Friends getaway', 'value': '0'}]",Gdynia,Poland,224.0,31.0,0.0,0.0,1.0,1.0,1.0,,,Location,3.0,Sleep Quality,3.0,Service,3.0,,,,,,
7394519,Pomerania Province,PURO Gdansk Stare Miasto,54.34751,18.658852,4.5,2440,1762,$$,"['Internet', 'Free Internet', 'Wifi', 'Free Wifi', 'Suites', 'Room service', 'Wheelchair access', 'Restaurant', 'Bar/Lounge', 'Pets Allowed', 'Airport transportation', 'Public Wifi', 'Dry Cleaning', 'Meeting rooms', 'Non-smoking rooms', 'Business center', 'Fitness center', 'Laundry Service', 'Banquet Room', 'Air conditioning', 'Family Rooms', 'Multilingual Staff', 'Accessible rooms', 'Refrigerator in room', 'Conference Facilities', 'Non-smoking hotel', 'Safe', 'Rooftop Bar', 'Flatscreen TV', 'Rooftop Terrace', 'Breakfast Buffet', 'Breakfast Available', 'Facilities for Disabled Guests', 'Housekeeping', 'Sauna', 'Allergy-free Room', 'ATM On Site', 'Baggage Storage', 'Bicycle Rental', 'Bicycles Available', 'Blackout Curtains', 'Board Games / Puzzles', 'Bottled Water', 'Breakfast in the Room', '24-Hour Check-in', 'Express Check-in / Check-out', 'Coffee Shop', 'Complimentary Tea', 'Couples Massage', 'Desk', 'English', 'Facial Treatments', 'Fitness / Spa Locker Rooms', 'Complimentary Toiletries', '24-Hour Front Desk', 'German', 'Hair Dryer', 'Interconnected room(s) available', 'Ironing Service', ""Kids' Meals"", 'Laptop Safe', 'Massage', 'Parking Garage', 'Polish', 'Private Check-in / Check-out', 'Paid Private Parking On-site', 'Seating Area', '24-Hour Security', 'Shared Lounge / TV Area', 'Shoeshine', 'Snack Bar', 'Soundproof Rooms', 'Special Diet Menus', 'Steam Room', 'Taxi Service', 'Telephone', 'Wake Up Service / Alarm Clock', 'Breakfast included', 'Parking', 'Cable / Satellite TV', ""Children's Television Networks"", 'Clothes Rack', 'Evening Entertainment', 'Full Body Massage', 'Hand Massage', 'Head Massage', 'Highchairs Available', 'Landmark View', 'Neck Massage', 'Vending Machine', 'Walk-in Shower']","['City View', 'Charming']","[{'name': 'business', 'localized_name': 'Business', 'value': '292'}, {'name': 'couples', 'localized_name': 'Couples', 'value': '1156'}, {'name': 'solo', 'localized_name': 'Solo travel', 'value': '108'}, {'name': 'family', 'localized_name': 'Family', 'value': '281'}, {'name': 'friends', 'localized_name': 'Friends getaway', 'value': '354'}]",Gdansk,Poland,124.0,1.0,31.0,55.0,141.0,568.0,1645.0,PURO Hotels,"Puro Gdansk is located in the centre of Gdansk, just 150 metres from the Green Gate and 300 metres from the Long Market. The property boasts a restaurant and offers free WiFi access and free bikes. Each room at this modern hotel is air conditioned and equipped with an an iPad and a flat-screen TV. Featuring a shower, the private bathrooms come with a hairdryer and free toiletries. Guests can enjoy hot beverages free of charge. Puro Gdansk provides express check-in and check-out service, as well as a 24-hour front desk and meeting facilities. Services such as laundry and ironing are available. For those interested in sightseeing, the hotel is 350 metres from Artus Court, 400 metres from Main Town Hall and 1.2 Km from the National Museum. Gdansk Lech Walesa Airport is 17 km away.",Location,4.9,Sleep Quality,4.5,Rooms,4.5,Service,4.5,Value,4.5,Cleanliness,4.8
1754683,Pomerania Province,Hilton Gdansk,54.35357,18.658009,4.5,2426,1358,$$$,"['Pool', 'Pets Allowed', 'Fitness center', 'Room service', 'Restaurant', 'Suites', 'Internet', 'Free Internet', 'Wheelchair access', 'Wifi', 'Free Wifi', 'Business center', 'Spa', 'Airport transportation', 'Dry Cleaning', 'Meeting rooms', 'Non-smoking rooms', 'Laundry Service', 'Concierge', 'Banquet Room', 'Air conditioning', 'Family Rooms', 'Multilingual Staff', 'Accessible rooms', 'Minibar', 'Conference Facilities', 'Non-smoking hotel', 'Safe', 'Rooftop Bar', 'Rooftop Pool', 'Heated pool', 'Flatscreen TV', 'Rooftop Terrace', 'Breakfast Buffet', 'Indoor pool', 'Facilities for Disabled Guests', 'Sauna', 'Baggage Storage', 'Breakfast in the Room', 'English', 'Facial Treatments', 'Fitness / Spa Locker Rooms', 'Foot Massage', '24-Hour Front Desk', 'Full Body Massage', 'German', 'Ironing Service', ""Kids' Meals"", 'Kid-Friendly Buffet', 'Laptop Safe', 'Massage', 'Parking Garage', 'Polish', '24-Hour Security', 'Steam Room', 'Taxi Service', 'Breakfast Available', 'Parking']","['Charming', 'Business']","[{'name': 'business', 'localized_name': 'Business', 'value': '442'}, {'name': 'couples', 'localized_name': 'Couples', 'value': '946'}, {'name': 'solo', 'localized_name': 'Solo travel', 'value': '102'}, {'name': 'family', 'localized_name': 'Family', 'value': '393'}, {'name': 'friends', 'localized_name': 'Friends getaway', 'value': '360'}]",Gdansk,Poland,124.0,6.0,33.0,41.0,153.0,639.0,1561.0,Hilton Hotels & Resorts,"Hilton Gdansk introduces cutting-edge facilities in the city.This stunning new build hotel will offer the largest meetings, incentives, conferences and exhibitions facilities in the centre of Gdansk. Designed to compliment the historic architecture of Poland’s principal seaport, Hilton Gdansk occupies a prime city centre site on the bank of the River Motlawa. In the heart of Old Town, the hotel is close to many businesses and tourist sites including Mariacka Street, St. Mary’s Church and the European Solidarity Centre.",Location,4.8,Sleep Quality,4.6,Rooms,4.6,Service,4.5,Value,4.3,Cleanliness,4.7
275087,Pomerania Province,Scandic Gdansk,54.356388,18.646395,4.1,950,517,$$,"['Restaurant', 'Internet', 'Free Internet', 'Wifi', 'Free Wifi', 'Business center', 'Room service', 'Wheelchair access', 'Fitness center', 'Suites', 'Bar/Lounge', 'Airport transportation', 'Dry Cleaning', 'Meeting rooms', 'Non-smoking rooms', 'Laundry Service', 'Air conditioning', 'Family Rooms', 'Multilingual Staff', 'Accessible rooms', 'Conference Facilities', 'Non-smoking hotel', 'Safe', 'Flatscreen TV', 'Breakfast Buffet', 'Breakfast Available', 'Baggage Storage', 'Blackout Curtains', 'Breakfast in the Room', 'English', 'Pets Allowed', 'Breakfast included', 'Banquet Room', 'Refrigerator in room', 'Parking', 'Bath / Shower', 'Bicycles Available', 'Body Wrap', '24-Hour Check-in', 'Express Check-in / Check-out', 'Coffee / Tea Maker', 'Desk', 'Electric Kettle', 'First Aid Kit', 'Complimentary Toiletries', '24-Hour Front Desk', 'Full Body Massage', 'Hair Dryer', 'Iron', 'Polish', 'Private Bathrooms', 'Paid Public Parking Nearby', 'Wake Up Service / Alarm Clock', 'Wardrobe / Closet']","['City View', 'Business']","[{'name': 'business', 'localized_name': 'Business', 'value': '205'}, {'name': 'couples', 'localized_name': 'Couples', 'value': '275'}, {'name': 'solo', 'localized_name': 'Solo travel', 'value': '76'}, {'name': 'family', 'localized_name': 'Family', 'value': '140'}, {'name': 'friends', 'localized_name': 'Friends getaway', 'value': '138'}]",Gdansk,Poland,124.0,31.0,20.0,30.0,139.0,366.0,395.0,Scandic,"Our hotel is located in the very heart of Gdansk, close to the historical old town, and offers price-conscious city tourists, families and business travellers the perfect place to stay. We will give you attentive service when you organize private events or larger meetings at our conference centre.",Location,4.6,Sleep Quality,4.2,Rooms,4.2,Service,4.3,Value,4.2,Cleanliness,4.5
779781,Pomerania Province,"Radisson Blu Hotel, Gdansk",54.347973,18.65477,4.5,1857,906,$$$,"['Internet', 'Kids Activities', 'Shuttle Bus Service', 'Suites', 'Room service', 'Free Internet', 'Wheelchair access', 'Restaurant', 'Bar/Lounge', 'Pets Allowed', 'Spa', 'Airport transportation', 'Wifi', 'Free Wifi', 'Dry Cleaning', 'Meeting rooms', 'Non-smoking rooms', 'Business center', 'Fitness center', 'Laundry Service', 'Concierge', 'Banquet Room', 'Air conditioning', 'Family Rooms', 'Multilingual Staff', 'Accessible rooms', 'Minibar', 'Conference Facilities', 'Non-smoking hotel', 'Safe', 'Flatscreen TV', 'Breakfast Buffet', 'Parking', 'Facilities for Disabled Guests', 'Housekeeping', 'Sauna', 'Allergy-free Room', 'ATM On Site', 'Baggage Storage', 'Bicycle Rental', 'Billiards', 'Breakfast in the Room', 'Bridal Suite', 'Currency Exchange', 'English', 'Fitness / Spa Locker Rooms', 'Complimentary Instant Coffee', '24-Hour Front Desk', 'German', 'Ironing Service', 'Massage', 'Newspaper', 'Polish', 'Paid Public Parking Nearby', 'Taxi Service']","['Classic', 'Centrally Located']","[{'name': 'business', 'localized_name': 'Business', 'value': '349'}, {'name': 'couples', 'localized_name': 'Couples', 'value': '742'}, {'name': 'solo', 'localized_name': 'Solo travel', 'value': '105'}, {'name': 'family', 'localized_name': 'Family', 'value': '210'}, {'name': 'friends', 'localized_name': 'Friends getaway', 'value': '269'}]",Gdansk,Poland,124.0,18.0,29.0,48.0,114.0,491.0,1176.0,Radisson,"The Radisson Blu Hotel, Gdansk welcomes guests to its vibrant Baltic seaport just 15 kilometers from Gdansk Lech Walęsa Airport (GDN). Situated in the historical Old Town, the hotel bears a facade that reflects period architecture, with an interior that offers a contemporary style with modern amenities, such as Free high-speed, wireless Internet available throughout. Guests can choose from 145 relaxing rooms and suites and indulge in fine dining at the on-site brasserie and bar. The well-equipped fitness area allows guests to unwind with a workout or session in the sauna or steam room. The event space at the Radisson Blu Hotel, Gdansk offers a sophisticated venue for private weddings and events to business meetings and seminars. Guests can take advantage of convenient, secure underground parking.",Location,4.9,Sleep Quality,4.4,Rooms,4.5,Service,4.5,Value,4.3,Cleanliness,4.7
14055281,Pomerania Province,B&B HOTEL Gdansk Old Town,54.34812,18.654058,4.5,340,395,$$,"['Internet', 'Suites', 'Room service', 'Free Internet', 'Wheelchair access', 'Restaurant', 'Bar/Lounge', 'Pets Allowed', 'Spa', 'Airport transportation', 'Wifi', 'Free Wifi', 'Breakfast included', 'Dry Cleaning', 'Meeting rooms', 'Non-smoking rooms', 'Laundry Service', 'Banquet Room', 'Air conditioning', 'Family Rooms', 'Multilingual Staff', 'Accessible rooms', 'Minibar', 'Conference Facilities', 'Non-smoking hotel', 'Flatscreen TV', 'Breakfast Buffet', 'Breakfast Available', 'Facilities for Disabled Guests', 'Housekeeping', 'ATM On Site', 'Baggage Storage', 'Bath / Shower', 'Bicycle Tours', 'Blackout Curtains', 'Bottled Water', 'Breakfast in the Room', 'Cable / Satellite TV', 'Car Hire', '24-Hour Check-in', 'Coffee Shop', 'Coffee / Tea Maker', 'Complimentary Tea', 'Couples Massage', 'Desk', 'Electric Kettle', 'English', 'Executive Lounge Access', 'Foot Massage', 'Complimentary Instant Coffee', 'Complimentary Toiletries', 'French', '24-Hour Front Desk', 'Full Body Massage', 'Hair Dryer', 'Hand Massage', 'Head Massage', 'Interconnected room(s) available', 'Iron', 'Ironing Service', 'Massage', 'Neck Massage', 'Polish', 'Private Bathrooms', 'Paid Private Parking On-site', 'Paid Public Parking Nearby', 'Russian', 'Seating Area', '24-Hour Security', 'Soundproof Rooms', 'Taxi Service', 'Telephone', 'Ukrainian', 'Wake Up Service / Alarm Clock', 'Walk-in Shower', 'Wardrobe / Closet', 'Wine / Champagne']","['City View', 'Charming']","[{'name': 'business', 'localized_name': 'Business', 'value': '10'}, {'name': 'couples', 'localized_name': 'Couples', 'value': '155'}, {'name': 'solo', 'localized_name': 'Solo travel', 'value': '24'}, {'name': 'family', 'localized_name': 'Family', 'value': '38'}, {'name': 'friends', 'localized_name': 'Friends getaway', 'value': '62'}]",Gdansk,Poland,124.0,5.0,4.0,3.0,19.0,94.0,220.0,IBB Hotel Collection,,Location,4.9,Sleep Quality,4.5,Rooms,4.6,Service,4.6,Value,4.7,Cleanliness,4.8
14167696,Pomerania Province,Hampton by Hilton Gdansk Old Town,54.349644,18.651348,4.6,659,518,$$$,"['Internet', 'Free Internet', 'Wheelchair access', 'Restaurant', 'Bar/Lounge', 'Pets Allowed', 'Wifi', 'Public Wifi', 'Free Wifi', 'Breakfast included', 'Dry Cleaning', 'Meeting rooms', 'Non-smoking rooms', 'Business center', 'Fitness center', 'Laundry Service', 'Air conditioning', 'Multilingual Staff', 'Accessible rooms', 'Conference Facilities', 'Non-smoking hotel', 'Flatscreen TV', 'Breakfast Buffet', 'Breakfast Available', 'Parking', 'Baggage Storage', 'Blackout Curtains', 'Bottled Water', 'Express Check-in / Check-out', 'Desk', 'English', '24-Hour Front Desk', 'Interconnected room(s) available', 'Iron', ""Kids' Meals"", 'Parking Garage', 'Polish', 'Paid Private Parking On-site', 'Seating Area', 'Snack Bar', 'Taxi Service', 'Telephone', 'Family Rooms', 'Clothes Rack', 'Electric Kettle', 'Free Wifi in the Business Center', 'Happy Hour', 'Highchairs Available', 'Laptop Safe', 'Private Bathrooms', 'Walk-in Shower', 'Wardrobe / Closet', 'Photo Copier / Fax In Business Center']","['Charming', 'Business']","[{'name': 'business', 'localized_name': 'Business', 'value': '82'}, {'name': 'couples', 'localized_name': 'Couples', 'value': '225'}, {'name': 'solo', 'localized_name': 'Solo travel', 'value': '35'}, {'name': 'family', 'localized_name': 'Family', 'value': '154'}, {'name': 'friends', 'localized_name': 'Friends getaway', 'value': '73'}]",Gdansk,Poland,124.0,4.0,3.0,13.0,40.0,159.0,444.0,Hampton by Hilton,"Hampton by Hilton Gdansk Old Town is located in the heart of the historic Old Town Square. The hotel bears the facade that reflects period architecture, with an interior that offers a contemporary style with modern amenities. Situated right in the middle of the cultural attractions, numerous activities, business district and touristic and shopping destination. 180meters from Neptune Monument.",Location,4.9,Sleep Quality,4.6,Rooms,4.7,Service,4.5,Value,4.5,Cleanliness,4.8
15676982,Pomerania Province,Radisson Hotel & Apartments Gdansk,54.34884,18.657581,4.0,884,672,$$$,"['Pool', 'Internet', 'Kids Activities', 'Suites', 'Room service', 'Free Internet', 'Wheelchair access', 'Restaurant', 'Bar/Lounge', 'Pets Allowed', 'Spa', 'Wifi', 'Free Wifi', 'Dry Cleaning', 'Meeting rooms', 'Hot Tub', 'Non-smoking rooms', 'Business center', 'Fitness center', 'Laundry Service', 'Concierge', 'Banquet Room', 'Air conditioning', 'Family Rooms', 'Non-smoking hotel', 'Safe', 'Flatscreen TV', 'Breakfast Buffet', 'Indoor pool', 'Parking', 'Sauna', 'Baggage Storage', 'Car Hire', 'English', 'Facial Treatments', 'Polish']","['Business', 'Trendy']","[{'name': 'business', 'localized_name': 'Business', 'value': '120'}, {'name': 'couples', 'localized_name': 'Couples', 'value': '350'}, {'name': 'solo', 'localized_name': 'Solo travel', 'value': '42'}, {'name': 'family', 'localized_name': 'Family', 'value': '161'}, {'name': 'friends', 'localized_name': 'Friends getaway', 'value': '83'}]",Gdansk,Poland,124.0,33.0,74.0,61.0,91.0,204.0,454.0,Radisson,"Discover our hotel in Gdańsk, nestled on historic Granary Island, near Long Market and the scenic Motława River promenade. Inspired by the city's rich amber heritage, the hotel showcases elegant design and warm, amber-accented décor throughout. Choose from our elegant rooms and apartments, designed to suit the needs of business travelers, families, and couples alike. During your stay, our on-site restaurant and bar with a riverside terrace offer the perfect setting to indulge in delicious cuisine with stunning views. Enjoy relaxing moments in the modern spa with a swimming pool, saunas, and a fully equipped fitness center. Host events in Gdańsk's largest hotel conference center, featuring panoramic river views. With underground parking and easy access to the airport and key venues including the AMBEREXPO Exhibition & Convention Centre, our hotel is the ideal choice for both business and leisure stays.",Location,4.8,Sleep Quality,4.1,Rooms,4.2,Service,4.1,Value,4.0,Cleanliness,4.5
277647,Pomerania Province,Novotel Gdansk Centrum,54.346138,18.65846,4.1,1188,432,$$,"['Restaurant', 'Internet', 'Room service', 'Free Internet', 'Wheelchair access', 'Bar/Lounge', 'Wifi', 'Free Wifi', 'Kids Activities', 'Fitness center', 'Dry Cleaning', 'Meeting rooms', 'Non-smoking rooms', 'Business center', 'Laundry Service', 'Air conditioning', 'Family Rooms', 'Multilingual Staff', 'Accessible rooms', 'Conference Facilities', 'Non-smoking hotel', 'Safe', 'Flatscreen TV', 'Breakfast Buffet', 'Parking', 'Facilities for Disabled Guests', 'Housekeeping', 'Bath / Shower', 'Bottled Water', '24-Hour Check-in', 'Express Check-in / Check-out', 'English', '24-Hour Front Desk', 'Hair Dryer', ""Kids' Meals"", 'Kid-Friendly Buffet', 'Polish', 'Paid Public Parking On-site', 'Shoeshine', 'Street Parking', 'Taxi Service', 'Pets Allowed', 'Public Wifi', 'Baggage Storage', 'Breakfast in the Room', 'Ironing Service', 'Newspaper', 'Paid Private Parking On-site', 'Special Diet Menus']","['Business', 'Green']","[{'name': 'business', 'localized_name': 'Business', 'value': '171'}, {'name': 'couples', 'localized_name': 'Couples', 'value': '328'}, {'name': 'solo', 'localized_name': 'Solo travel', 'value': '77'}, {'name': 'family', 'localized_name': 'Family', 'value': '338'}, {'name': 'friends', 'localized_name': 'Friends getaway', 'value': '212'}]",Gdansk,Poland,124.0,28.0,8.0,35.0,177.0,533.0,435.0,Novotel,"Novotel Gdansk Centrum is an ideal base for exploring Gdańsk's Old Town. Literally 5 minutes’ walk from Long Market with beautiful sights - The Neptune fountain, the Town Hall, the nearby Crane, the St. Mary's Church and all the unique atmosphere of Gdansk in its most sought after editions, all within walking distance. The buildings surrounding the hotel area separate it from the street creating a secluded space converted into a garden where you will find outdoor playground. It is also a place to sit down for breakfast or enjoy a meal from the NOVO SQUARE Lounge Bar that serves international cuisine. For those looking for activity, a fitness center is available at the venue, bicycles can also be rented to travel around historical neighbourhood. Near the hotel, there are water equipment rentals, where you can rent kayaks and face the traffic flowing through Gdańsk - Motława. After a busy day, you can relax in a room with air conditioning and free WiFi. Younger guests will appreciate the games console and interactive table located in the hotel's lobby. Gdansk Central Railway Station is 1.5 km away. Parking is available on site. The hotel is 1.5 km away from the shopping center and 14 km from Gdansk International Airport.",Location,4.6,Sleep Quality,4.3,Rooms,4.1,Service,4.4,Value,4.2,Cleanliness,4.3
1109745,Pomerania Province,Hotel Gdansk Boutique,54.349255,18.660404,4.4,793,522,$$,"['Restaurant', 'Internet', 'Room service', 'Free Internet', 'Wifi', 'Free Wifi', 'Bar/Lounge', 'Suites', 'Wheelchair access', 'Spa', 'Airport transportation', 'Dry Cleaning', 'Meeting rooms', 'Non-smoking rooms', 'Business center', 'Laundry Service', 'Concierge', 'Banquet Room', 'Air conditioning', 'Family Rooms', 'Multilingual Staff', 'Minibar', 'Conference Facilities', 'Non-smoking hotel', 'Safe', 'Flatscreen TV', 'Breakfast Buffet', 'Parking', 'Housekeeping', 'Sauna', 'Baggage Storage', 'Bottled Water', 'Couples Massage', 'English', 'Facial Treatments', 'Fitness / Spa Locker Rooms', 'Foot Massage', '24-Hour Front Desk', 'Full Body Massage', 'Ironing Service', 'Massage', 'Polish', 'VIP Room Facilities', 'Pets Allowed', 'Breakfast Available', 'Facilities for Disabled Guests', 'ATM On Site', 'Car Hire', 'Coffee Shop', 'German', 'Hand Massage', 'Head Massage', 'Manicure', 'Neck Massage', 'Newspaper', 'Pedicure', 'Paid Private Parking On-site', 'Salon', 'Secured Parking', 'Steam Room', 'Street Parking', 'Wine / Champagne']","['Classic', 'Centrally Located']","[{'name': 'business', 'localized_name': 'Business', 'value': '160'}, {'name': 'couples', 'localized_name': 'Couples', 'value': '323'}, {'name': 'solo', 'localized_name': 'Solo travel', 'value': '31'}, {'name': 'family', 'localized_name': 'Family', 'value': '76'}, {'name': 'friends', 'localized_name': 'Friends getaway', 'value': '134'}]",Gdansk,Poland,124.0,16.0,16.0,22.0,55.0,270.0,430.0,,"Hotel Gdansk is the best boutique hotel in the Tricity and a true flagship hotel of Gdansk. Uniquely situated by the picturesque yacht marina, in the heart of the city, the hotel is often recognized as a special place in the city center.The hotel has two synergic components - a granary from the XVIIIth century, restored with great attention to detail, enchanting with its elegance and history, and the Yachting part, whose modern decorating themes infuse the interiors with a sea-inspired look. Thus, the fascinating history and traditions of the city of Gdansk are strongly present in the both parts of Hotel Gdansk.The Spa in Hotel Gdansk is one of the most modern and fashionable Spas at the Baltic coast, and one of the best Med Spas in Poland.Hotel Gdansk Restaurant is an unusual restaurant in a unique place. It serves exquisite dishes of Polish and Gdansk regional cuisine.The mini-brewery is a great addition to the boutique complex and a very interesing attraction for Hotel Gdansk guests, who may here try the best beer in Poland. Our Schwarzbier (dark beer) received this title during the prestigious beer contest in Zywiec 2011. There is always someting interesting happening in our brewery. At least 3 times a week you can enjoy live music.",Location,4.7,Sleep Quality,4.2,Rooms,4.4,Service,4.3,Value,4.2,Cleanliness,4.7
16830226,Pomerania Province,Holiday Inn Gdansk - City Centre By IHG,54.34935,18.658875,4.5,213,585,$$,"['Internet', 'Kids Activities', 'Suites', 'Room service', 'Free Internet', 'Wheelchair access', 'Restaurant', 'Bar/Lounge', 'Pets Allowed', 'Airport transportation', 'Wifi', 'Public Wifi', 'Free Wifi', 'Dry Cleaning', 'Meeting rooms', 'Non-smoking rooms', 'Business center', 'Fitness center', 'Laundry Service', 'Banquet Room', 'Air conditioning', 'Family Rooms', 'Multilingual Staff', 'Accessible rooms', 'Refrigerator in room', 'Minibar', 'Conference Facilities', 'Non-smoking hotel', 'Safe', 'Rooftop Bar', 'Flatscreen TV', 'Rooftop Terrace', 'Breakfast Buffet', 'Breakfast Available', 'Facilities for Disabled Guests', 'Housekeeping', 'Kids Stay Free', 'Electric vehicle charging station', 'Allergy-free Room', 'Baggage Storage', 'Bath / Shower', 'Bathrobes', 'Blackout Curtains', 'Board Games / Puzzles', 'Bottled Water', 'Breakfast in the Room', 'Bridal Suite', 'Cable / Satellite TV', '24-Hour Check-in', 'Express Check-in / Check-out', 'Clothes Rack', 'Coffee / Tea Maker', 'Complimentary Tea', 'Desk', 'Electric Kettle', 'English', 'First Aid Kit', 'Free Public Parking Nearby', 'Complimentary Toiletries', 'Complimentary Welcome Drink', 'Free Wifi in the Business Center', '24-Hour Front Desk', 'German', 'Hair Dryer', 'Highchairs Available', 'Interconnected room(s) available', 'Iron', 'Ironing Service', ""Kids' Meals"", 'Landmark View', 'Laptop Safe', 'Newspaper', 'Outdoor Furniture', 'Parking Garage', 'Patio', 'Polish', 'Private Bathrooms', 'Radio', 'Russian', 'Seating Area', 'Separate Living Room', 'Snack Bar', 'Sofa', 'Sofa Bed', 'Soundproof Rooms', 'Spanish', 'Street Parking', 'Sun Deck', 'Sun Loungers / Beach Chairs', 'Taxi Service', 'Telephone', 'Tile / Marble Floor', 'Umbrella', 'Wake Up Service / Alarm Clock', 'Walk-in Shower', 'Wardrobe / Closet', 'Wine / Champagne', 'Photo Copier / Fax In Business Center']","['City View', 'Charming']","[{'name': 'business', 'localized_name': 'Business', 'value': '29'}, {'name': 'couples', 'localized_name': 'Couples', 'value': '68'}, {'name': 'solo', 'localized_name': 'Solo travel', 'value': '18'}, {'name': 'family', 'localized_name': 'Family', 'value': '43'}, {'name': 'friends', 'localized_name': 'Friends getaway', 'value': '16'}]",Gdansk,Poland,124.0,13.0,7.0,7.0,9.0,45.0,145.0,Holiday Inn,"Holiday Inn® Gdansk - City Centre is located on the Granary Island, a unique urban concept assembled by the mouth of Motlawa river on the famous Granary Island. Wake up to the magnificent view of Historical Gdansk and explore what the top Baltic destinations in Europe has to offer. You will be charmed by the view from your room - wake up to the sight of the beautiful Motlawa river, yachts marina, the famous medieval port crane, rotary pedestrian bridge, ferries wheel, restaurants and pubs at your fingertips. Over the centuries, Gdansk has been a city of kings, merchants, tourism and the cradle of the Polish Solidarity movement, which led to the fall of Communism. Today Gdansk combines attractions for tourists, sports enthusiasts and business guests. Enjoy a morning stroll around the Old Town, stop by the famous Neptune Fountain and Golden Gate to admire the historical architecture.",Location,4.9,Sleep Quality,4.6,Rooms,4.7,Service,4.5,Value,4.6,Cleanliness,4.7
275085,Pomerania Province,Sofitel Grand Sopot,54.447388,18.568384,4.5,1504,1275,$$$$,"['Pool', 'Internet', 'Kids Activities', 'Beachfront', 'Shuttle Bus Service', 'Suites', 'Room service', 'Free Internet', 'Wheelchair access', 'Restaurant', 'Bar/Lounge', 'Pets Allowed', 'Spa', 'Airport transportation', 'Casino', 'Wifi', 'Public Wifi', 'Free Wifi', 'Dry Cleaning', 'Meeting rooms', 'Non-smoking rooms', 'Business center', 'Fitness center', 'Laundry Service', 'Concierge', 'Banquet Room', 'Air conditioning', 'Family Rooms', 'Multilingual Staff', 'Accessible rooms', 'Minibar', 'Conference Facilities', 'Babysitting', 'Non-smoking hotel', 'Safe', 'Heated pool', 'Flatscreen TV', 'Breakfast Buffet', 'Private Balcony', 'Indoor pool', 'Butler Service', 'Private Beaches', 'Breakfast Available', 'Parking', 'Facilities for Disabled Guests', 'Housekeeping', 'Sauna', 'ATM On Site', 'Baggage Storage', 'Bath / Shower', 'Bathrobes', 'Billiards', 'Blackout Curtains', 'Body Wrap', 'Bottled Water', 'Breakfast in the Room', 'Cable / Satellite TV', 'Car Hire', '24-Hour Check-in', 'Express Check-in / Check-out', 'Clothes Rack', 'Coffee / Tea Maker', 'Couples Massage', 'Desk', 'Doorperson', 'Electric Kettle', 'English', 'Evening Entertainment', 'Facial Treatments', 'First Aid Kit', 'Fitness Classes', 'Fitness / Spa Locker Rooms', 'Foot Bath', 'Foot Massage', 'Complimentary Toiletries', 'Free Wifi in the Business Center', 'Free Wired Internet in the Business Center', 'French', '24-Hour Front Desk', 'Full Body Massage', 'Game Room', 'German', 'Hand Massage', 'Head Massage', 'Highchairs Available', 'Indoor Play Area for Children', 'Interconnected room(s) available', 'Iron', 'Ironing Service', ""Kids' Meals"", 'Laptop Safe', 'Manicure', 'Massage', 'Neck Massage', 'Outdoor Furniture', 'Pedicure', 'Picnic Area', 'Polish', 'Pool / Beach Towels', 'Pool with View', 'Private Bathrooms', 'Paid Private Parking On-site', 'Paid Public Parking Nearby', 'Radio', 'Salon', 'Seating Area', 'Sofa', 'Steam Room', 'Street Parking', 'Sun Loungers / Beach Chairs', 'Sun Terrace', 'Sun Umbrellas', 'Taxi Service', 'Telephone', 'Tile / Marble Floor', 'Umbrella', 'Valet Parking', 'Wake Up Service / Alarm Clock', 'Walk-in Shower', 'Walking Tours', 'Wardrobe / Closet', 'Water Park Off-site', 'Wine / Champagne', 'Yoga Classes', 'Beach Access']","['Romantic', 'Centrally Located']","[{'name': 'business', 'localized_name': 'Business', 'value': '200'}, {'name': 'couples', 'localized_name': 'Couples', 'value': '536'}, {'name': 'solo', 'localized_name': 'Solo travel', 'value': '63'}, {'name': 'family', 'localized_name': 'Family', 'value': '392'}, {'name': 'friends', 'localized_name': 'Friends getaway', 'value': '166'}]",Sopot,Poland,41.0,1.0,26.0,39.0,99.0,314.0,1026.0,Sofitel,,Location,4.9,Sleep Quality,4.6,Rooms,4.4,Service,4.6,Value,4.3,Cleanliness,4.7
1015711,Pomerania Province,Sheraton Sopot Hotel,54.446327,18.568096,4.4,1037,859,$$$$,"['Restaurant', 'Pool', 'Room service', 'Wheelchair access', 'Pets Allowed', 'Business center', 'Fitness center', 'Suites', 'Meeting rooms', 'Internet', 'Beachfront', 'Spa', 'Wifi', 'Hot Tub', 'Free Internet', 'Bar/Lounge', 'Airport transportation', 'Dry Cleaning', 'Non-smoking rooms', 'Laundry Service', 'Concierge', 'Banquet Room', 'Air conditioning', 'Family Rooms', 'Multilingual Staff', 'Accessible rooms', 'Minibar', 'Conference Facilities', 'Non-smoking hotel', 'Safe', 'Heated pool', 'Breakfast Buffet', 'Indoor pool', 'Facilities for Disabled Guests', 'Housekeeping', 'Sauna', 'Baggage Storage', 'Bathrobes', 'Bottled Water', 'Breakfast in the Room', 'Bridal Suite', 'Coffee / Tea Maker', 'English', 'Facial Treatments', 'Fitness / Spa Locker Rooms', '24-Hour Front Desk', 'Full Body Massage', 'German', 'Hammam', 'Iron', 'Ironing Service', 'Massage', 'Polish', 'Russian', 'Steam Room', 'VIP Room Facilities', 'Breakfast included', 'Private Beaches', 'Breakfast Available', 'Parking', 'ATM On Site', 'Bath / Shower', 'BBQ Facilities', 'Blackout Curtains', 'Cable / Satellite TV', 'Couples Massage', 'Desk', 'Doorperson', 'Electric Kettle', 'First Aid Kit', 'Fitness Classes', ""Kids' Meals"", 'Personal Trainer', 'Pool / Beach Towels', 'Paid Private Parking Nearby', '24-Hour Security', 'Street Parking', 'Sun Loungers / Beach Chairs', 'Sun Umbrellas', 'Telephone', 'Umbrella', 'Wine / Champagne', 'Yoga Classes', 'Beach Access']","['Romantic', 'Centrally Located']","[{'name': 'business', 'localized_name': 'Business', 'value': '253'}, {'name': 'couples', 'localized_name': 'Couples', 'value': '343'}, {'name': 'solo', 'localized_name': 'Solo travel', 'value': '39'}, {'name': 'family', 'localized_name': 'Family', 'value': '189'}, {'name': 'friends', 'localized_name': 'Friends getaway', 'value': '109'}]",Sopot,Poland,41.0,4.0,39.0,29.0,69.0,234.0,666.0,Sheraton (Marriott Bonvoy),"Sheraton Sopot Hotel is a 5-star spa hotel in Poland, perfectly situated right by the beach, next to one of the Europe’s longest wooden pier. Located just 30 minutes from Gdansk city center and the airport, it offers a seamless blend of relaxation and convenience. Sheraton Sopot has 189 stylishly furnished rooms and suites, ideal for both family and business trips. As a pet-friendly hotel in Sopot, Sheraton ensures every guest feels at home. Relax and rejuvenate in our spa, featuring serene Spa Experience Zone with a variety of saunas, treatment rooms, and rituals. For business travelers, Sheraton Sopot boasts a spacious Conference Center with 3,000 sq m of event space, including 14 conference rooms and 2 foyers, accommodating up to 1,100 guests.",Location,4.9,Sleep Quality,4.6,Rooms,4.6,Service,4.5,Value,4.2,Cleanliness,4.7
20935494,Pomerania Province,"Radisson Blu Hotel, Sopot",54.43343,18.579685,4.2,267,293,$$$,"['Pool', 'Internet', 'Kids Activities', 'Suites', 'Room service', 'Free Internet', 'Wheelchair access', 'Restaurant', 'Bar/Lounge', 'Pets Allowed', 'Spa', 'Airport transportation', 'Wifi', 'Free Wifi', 'Dry Cleaning', 'Meeting rooms', 'Hot Tub', 'Non-smoking rooms', 'Business center', 'Fitness center', 'Laundry Service', 'Banquet Room', 'Air conditioning', 'Family Rooms', 'Accessible rooms', 'Minibar', 'Conference Facilities', 'Safe', 'Flatscreen TV', 'Breakfast Buffet', 'Private Balcony', 'Indoor pool', 'Kids pool', 'Private Beaches', 'Breakfast Available', 'Parking', 'Facilities for Disabled Guests', 'Housekeeping', 'Kids Club', 'Sauna', 'ATM On Site', 'Baggage Storage', 'Bicycle Rental', 'Blackout Curtains', 'Bottled Water', 'Cable / Satellite TV', '24-Hour Check-in', 'Express Check-in / Check-out', ""Children's Playground"", 'Coffee / Tea Maker', 'Complimentary Tea', 'Couples Massage', 'Desk', 'English', 'Extra Long Beds', 'Facial Treatments', 'Fitness / Spa Locker Rooms', 'Complimentary Toiletries', '24-Hour Front Desk', 'Full Body Massage', 'Game Room', 'Hair Dryer', 'Highchairs Available', 'Hiking', 'Horseback Riding', 'Indoor Play Area for Children', 'Iron', ""Kids' Outdoor Play Equipment"", 'Makeup Services', 'Manicure', 'Massage', 'Open-air Bath', 'Outdoor Furniture', 'Parking Garage', 'Pedicure', 'Picnic Area', 'Plunge Pool', 'Polish', 'Paid Private Parking On-site', 'Salon', '24-Hour Security', 'Separate Living Room', 'Sofa', 'Steam Room', 'Sun Deck', 'Sun Loungers / Beach Chairs', 'Sun Terrace', 'Sun Umbrellas', 'Telephone', 'Walk-in Shower', 'Waxing Services', 'Photo Copier / Fax In Business Center', 'Yoga Classes', 'Yoga Room']","['Romantic', 'Quaint']","[{'name': 'business', 'localized_name': 'Business', 'value': '39'}, {'name': 'couples', 'localized_name': 'Couples', 'value': '39'}, {'name': 'solo', 'localized_name': 'Solo travel', 'value': '12'}, {'name': 'family', 'localized_name': 'Family', 'value': '98'}, {'name': 'friends', 'localized_name': 'Friends getaway', 'value': '16'}]",Sopot,Poland,41.0,5.0,19.0,18.0,22.0,43.0,165.0,Radisson Blu,"The Radisson Blu Hotel, Sopot offers you a quiet location just 250 meters from the beach and in the immediate vicinity of beautiful gardens and recreational areas. Our unique location gives you the opportunity to absorb the relaxing seaside climate while remaining within easy reach of all important hotspots in Gdańsk and Sopot. We offer maximum relaxation, thanks to our professional and friendly service along with spacious rooms in two original designs. Enjoy in-room perks like free high-speed Wi-Fi access and extra-long beds. Spend your time swimming in the large pool, unwinding in the sauna, or just relaxing in the garden. You can enjoy a complimentary 60 minutes in the pool and sauna each day, with a possible extension for a fee. There is a gym and bicycle rental if you're feeling active, and children of all ages are sure to appreciate the numerous activities we can organize.",Sleep Quality,4.6,Location,4.4,Rooms,4.6,Service,4.3,Value,4.3,Cleanliness,4.6
2508570,Pomerania Province,Sopot Marriott Resort & Spa,54.43417,18.583748,4.4,928,822,$$$$,"['Internet', 'Free Internet', 'Wheelchair access', 'Wifi', 'Free Wifi', 'Beachfront', 'Restaurant', 'Pool', 'Meeting rooms', 'Kids Activities', 'Bar/Lounge', 'Spa', 'Hot Tub', 'Suites', 'Airport transportation', 'Public Wifi', 'Dry Cleaning', 'Non-smoking rooms', 'Business center', 'Laundry Service', 'Concierge', 'Banquet Room', 'Air conditioning', 'Multilingual Staff', 'Accessible rooms', 'Refrigerator in room', 'Minibar', 'Conference Facilities', 'Babysitting', 'Non-smoking hotel', 'Safe', 'Rooftop Bar', 'Rooftop Pool', 'Heated pool', 'Flatscreen TV', 'Rooftop Terrace', 'Breakfast Buffet', 'Poolside Bar', 'Private Balcony', 'Indoor pool', 'Infinity Pool', 'Outdoor pool', 'Parking', 'Facilities for Disabled Guests', 'Housekeeping', 'Kids Club', 'Sauna', 'Baggage Storage', 'Bath / Shower', '24-Hour Check-in', 'Coffee / Tea Maker', 'English', 'Fitness Classes', 'Fitness / Spa Locker Rooms', 'Family Rooms', 'Kids pool', 'Adult pool', 'Breakfast Available', 'Aerobics', 'Bicycle Rental', 'Bottled Water', 'Car Hire', ""Children's Playground"", 'Couples Massage', 'Currency Exchange', 'Desk', 'Facial Treatments', 'Foot Massage', '24-Hour Front Desk', 'Full Body Massage', 'Game Room', 'Hair Dryer', 'Head Massage', 'Iron', ""Kids' Meals"", 'Kid-Friendly Buffet', 'Manicure', 'Massage', 'Parking Garage', 'Pedicure', 'Polish', 'Paid Public Parking On-site', 'Steam Room', 'Taxi Service', 'Telephone', 'Video Game Console', 'Wake Up Service / Alarm Clock', 'Yoga Classes', 'Beach Access']","['Romantic', 'Trendy']","[{'name': 'business', 'localized_name': 'Business', 'value': '139'}, {'name': 'couples', 'localized_name': 'Couples', 'value': '320'}, {'name': 'solo', 'localized_name': 'Solo travel', 'value': '28'}, {'name': 'family', 'localized_name': 'Family', 'value': '232'}, {'name': 'friends', 'localized_name': 'Friends getaway', 'value': '129'}]",Sopot,Poland,41.0,2.0,17.0,26.0,69.0,270.0,546.0,Marriott Hotels (Marriott Bonvoy),"Sopot Marriott Resort & Spa offers much more than just a place to stay for the night. One of the biggest SPA centers in Poland – with original treatments, with two restaurants, unique bar, swimming pools and saunas complex and many other attractions. Modern and inimitable Hotel is located by beautiful and sandy beaches of Sopot, the most popular holiday resort in Poland. We offer 145 rooms. Our rich conference and banquet infrastructure is also at your disposal, as well as our restaurants: BRASSERIE on the ground floor and exclusive PESCATORE on the second floor. Our pride is SPA & Wellness Zone, consisting of 35 treatment rooms, 4 swimming pools, including one outdoor pool located on the roof available only in the summer (only for Guests over 16 years).",Location,4.6,Sleep Quality,4.5,Rooms,4.3,Service,4.3,Value,4.2,Cleanliness,4.6
10470842,Pomerania Province,Hotel Sopot,54.45536,18.559963,3.8,213,159,$$,"['Pool', 'Internet', 'Suites', 'Room service', 'Free Internet', 'Wheelchair access', 'Restaurant', 'Bar/Lounge', 'Spa', 'Wifi', 'Public Wifi', 'Free Wifi', 'Meeting rooms', 'Non-smoking rooms', 'Business center', 'Fitness center', 'Laundry Service', 'Air conditioning', 'Multilingual Staff', 'Accessible rooms', 'Non-smoking hotel', 'Safe', 'Breakfast Buffet', 'Sauna', 'Polish', 'Paid Public Parking Nearby', 'Pets Allowed', 'Airport transportation', 'Breakfast included', 'Minibar', 'Breakfast Available', 'Free Public Parking Nearby', 'Beach Access']","['Quaint', 'Business']","[{'name': 'business', 'localized_name': 'Business', 'value': '27'}, {'name': 'couples', 'localized_name': 'Couples', 'value': '61'}, {'name': 'solo', 'localized_name': 'Solo travel', 'value': '5'}, {'name': 'family', 'localized_name': 'Family', 'value': '63'}, {'name': 'friends', 'localized_name': 'Friends getaway', 'value': '17'}]",Sopot,Poland,41.0,18.0,23.0,24.0,28.0,41.0,97.0,,"""The swoosh of the sea, trills of birds. A golden sandy beach among the trees..."" Paraphrasing the words of the well-known Polish song by Jerzy Kossela, the picture of Sopot, the Polish Pearl of the Baltic Sea, can be presented. Sopot has numerous faces... Discover Sopot in your new venue - HOTEL SOPOT . We inspire people to achieve success and feel good. Let's meet in Sopot. Hotel SOPOT.",Location,4.4,Sleep Quality,4.1,Rooms,4.0,Service,4.0,Value,4.1,Cleanliness,4.5
285471,Pomerania Province,Rezydent Sopot MGallery Hotel Collection,54.442818,18.56273,4.4,68,290,$$$,"['Internet', 'Kids Activities', 'Shuttle Bus Service', 'Suites', 'Room service', 'Free Internet', 'Wheelchair access', 'Restaurant', 'Bar/Lounge', 'Pets Allowed', 'Spa', 'Airport transportation', 'Wifi', 'Public Wifi', 'Free Wifi', 'Dry Cleaning', 'Meeting rooms', 'Non-smoking rooms', 'Business center', 'Laundry Service', 'Banquet Room', 'Air conditioning', 'Multilingual Staff', 'Minibar', 'Conference Facilities', 'Non-smoking hotel', 'Safe', 'Flatscreen TV', 'Breakfast Buffet', 'Breakfast Available', 'Facilities for Disabled Guests', 'Housekeeping', 'Sauna', 'Baggage Storage', 'Bath / Shower', 'Bathrobes', 'Bicycle Rental', 'Blackout Curtains', 'Bottled Water', 'Breakfast in the Room', 'Bridal Suite', 'Cable / Satellite TV', '24-Hour Check-in', 'Express Check-in / Check-out', 'Desk', 'Electric Kettle', 'English', 'First Aid Kit', 'Complimentary Toiletries', '24-Hour Front Desk', 'Hair Dryer', 'Iron', ""Kids' Meals"", 'Kid-Friendly Buffet', 'Laptop Safe', 'Newspaper', 'Polish', 'Paid Private Parking On-site', 'Paid Private Parking Nearby', 'Paid Public Parking Nearby', 'Radio', 'Shoeshine', 'Special Diet Menus', 'Taxi Service', 'Telephone', 'Umbrella', 'VIP Room Facilities', 'Wardrobe / Closet', 'Beach Access']","['Romantic', 'Centrally Located']","[{'name': 'business', 'localized_name': 'Business', 'value': '9'}, {'name': 'couples', 'localized_name': 'Couples', 'value': '21'}, {'name': 'solo', 'localized_name': 'Solo travel', 'value': '8'}, {'name': 'family', 'localized_name': 'Family', 'value': '18'}, {'name': 'friends', 'localized_name': 'Friends getaway', 'value': '3'}]",Sopot,Poland,41.0,10.0,3.0,4.0,2.0,10.0,49.0,MGALLERY,,Location,4.7,Sleep Quality,4.5,Rooms,4.3,Service,4.3,Value,4.3,Cleanliness,4.6
651618,Pomerania Province,Hotel Aqua Sopot Family & Friends,54.45905,18.556234,4.2,197,89,$$,"['Restaurant', 'Pets Allowed', 'Internet', 'Free Internet', 'Bar/Lounge', 'Wifi', 'Free Wifi', 'Meeting rooms', 'Non-smoking rooms', 'Air conditioning', 'Multilingual Staff', 'Non-smoking hotel', 'Flatscreen TV', 'Breakfast Buffet', 'Parking', 'Housekeeping', 'Room service', 'Free parking', 'Wheelchair access', 'Public Wifi', 'Dry Cleaning', 'Laundry Service', 'Family Rooms', 'Safe', 'Facilities for Disabled Guests', 'Baggage Storage', 'English', '24-Hour Front Desk', 'Indoor Play Area for Children', ""Kids' Meals"", ""Kids' Outdoor Play Equipment"", 'Newspaper', 'Polish', 'Paid Public Parking On-site']","['Romantic', 'Quaint']","[{'name': 'business', 'localized_name': 'Business', 'value': '43'}, {'name': 'couples', 'localized_name': 'Couples', 'value': '62'}, {'name': 'solo', 'localized_name': 'Solo travel', 'value': '6'}, {'name': 'family', 'localized_name': 'Family', 'value': '54'}, {'name': 'friends', 'localized_name': 'Friends getaway', 'value': '16'}]",Sopot,Poland,41.0,9.0,4.0,7.0,27.0,64.0,95.0,Destigo Hotels,"The hotel was opened in March of 2007. It has 50 rooms, each with private bath, phone and TV. It is rated a 3-star hotel.",Location,4.3,Sleep Quality,4.3,Rooms,4.1,Service,4.4,Value,4.2,Cleanliness,4.5
2269524,Pomerania Province,Mala Anglia - Boutique Apartments Sopot,54.43814,18.57504,4.8,155,180,$$$,"['Pool', 'Internet', 'Suites', 'Free Internet', 'Spa', 'Airport transportation', 'Wifi', 'Free Wifi', 'Hot Tub', 'Non-smoking rooms', 'Microwave', 'Minibar', 'Safe', 'Flatscreen TV', 'Indoor pool', 'Sauna', 'Bathrobes', 'Bicycle Rental', 'Bicycles Available', 'Couples Massage', 'Facial Treatments', 'Foot Massage', 'Massage', 'Polish', 'Free parking', 'Pets Allowed', 'Kitchenette', 'Business center', 'Laundry Service', 'Family Rooms', 'Beach Access']","['Trendy', 'Boutique']","[{'name': 'business', 'localized_name': 'Business', 'value': '2'}, {'name': 'couples', 'localized_name': 'Couples', 'value': '73'}, {'name': 'solo', 'localized_name': 'Solo travel', 'value': '3'}, {'name': 'family', 'localized_name': 'Family', 'value': '31'}, {'name': 'friends', 'localized_name': 'Friends getaway', 'value': '34'}]",Sopot,Poland,441.0,1.0,0.0,2.0,8.0,16.0,129.0,,"The idea to create a complex Mala Anglia Boutique Apartment & Deluxe Rooms is a result of pure love to the extraordinary, uniquely designed boutiques and carefree holidays. Paying attention to the details and the top quality service is our prerogative. The apartments' design is a game of colours - marble and natural stones, wood, ecology friendly paints and materials. Our complex is located approximately in 10 min walking distance from the Sopot Centre and just a couple of minutes far from the sandy beach; there are also many restaurants and beach bars next to. Thanks to the central location in Tricity, all the parks, shopping malls and sights are relatively close to Mala Anglia. Our Guests have free access to the pool, jacuzzi, bikes We look forward to your Arrival!",Location,4.6,Sleep Quality,4.6,Rooms,4.6,Service,4.8,Value,4.6,Cleanliness,4.8
1519907,Pomerania Province,Bayjonn Hotel Sopot,54.44568,18.568039,4.5,171,148,$$,"['Internet', 'Free Internet', 'Restaurant', 'Airport transportation', 'Wifi', 'Free Wifi', 'Non-smoking rooms', 'Concierge', 'Air conditioning', 'Minibar', 'Conference Facilities', 'Safe', 'Flatscreen TV', 'Breakfast Buffet', 'Breakfast Available', 'English', 'Polish', 'Suites', 'Room service', 'Wheelchair access', 'Dry Cleaning', 'Meeting rooms', 'Business center', 'Fitness center', 'Laundry Service', 'Multilingual Staff', 'Accessible rooms', 'Babysitting', 'Beach Access']","['Romantic', 'Centrally Located']","[{'name': 'business', 'localized_name': 'Business', 'value': '35'}, {'name': 'couples', 'localized_name': 'Couples', 'value': '70'}, {'name': 'solo', 'localized_name': 'Solo travel', 'value': '3'}, {'name': 'family', 'localized_name': 'Family', 'value': '29'}, {'name': 'friends', 'localized_name': 'Friends getaway', 'value': '20'}]",Sopot,Poland,41.0,8.0,3.0,1.0,11.0,54.0,102.0,,"Bayjonn Hotel Sopot is situated in the unique and unforgettable location, almost directly at the famous ""Bohaterow Monte Cassino"" promenade in Sopot. Opposite to the Grand Hotel Sopot and Sheraton Spa&Conference Resort. Only few steps away lays Sopot's sand beach with all you can require for recreation and holiday, and town's most famous hallmark itself, the pier from 1827, the longest wooden pier in Europe. Thanks to us you can enjoy the discounts in numerous clubs, cinemas, AquaPark and Sheraton's Spa. Those are only some of the facilities that you can find nearby. All discounts are prepared especially for you.Our hotel has 22 comfortable rooms, perfect not only for time-off, holidays, short trip or a weekend break at the seaside but also when you want to combine official duties with Sopot's charming atmosphere.",Location,4.9,Sleep Quality,4.4,Rooms,4.5,Service,4.7,Value,4.3,Cleanliness,4.7
13228421,Pomerania Province,Focus Hotel Premium Sopot,54.443134,18.557383,4.4,50,52,$$,"['Bar/Lounge', 'Free Wifi', 'Air conditioning', 'Non-smoking hotel', 'Safe', 'Kids Activities', 'Restaurant', 'Pets Allowed', 'Meeting rooms', 'Business center', 'Laundry Service', 'Family Rooms', 'Baggage Storage', 'English', '24-Hour Front Desk', 'Polish', 'Paid Private Parking On-site', 'Beach Access']","['Quaint', 'Business']","[{'name': 'business', 'localized_name': 'Business', 'value': '3'}, {'name': 'couples', 'localized_name': 'Couples', 'value': '12'}, {'name': 'solo', 'localized_name': 'Solo travel', 'value': '2'}, {'name': 'family', 'localized_name': 'Family', 'value': '17'}, {'name': 'friends', 'localized_name': 'Friends getaway', 'value': '10'}]",Sopot,Poland,41.0,15.0,1.0,1.0,3.0,17.0,28.0,,"Focus Hotel Premium Sopot is an excellent choice for travelers visiting Sopot, offering a family-friendly environment alongside many helpful amenities designed to enhance your stay.
Rooms at Focus Hotel Premium Sopot offer air conditioning providing exceptional comfort and convenience, and guests can go online with free wifi.
A 24 hour front desk and baggage storage are some of the conveniences offered at this hotel. A fitness center and a lounge will also help to make your stay even more special. If you are driving to Focus Hotel Premium Sopot, there is paid private parking available on-site.
While staying at Focus Hotel Premium Sopot, visitors can check out Church of St. George (0.2 mi) and Ciuciu (0.3 mi), some of Sopot's top attractions.
If you’re looking for an Italian restaurant, consider a visit to Sliwka w Kompot, A Modo Mio, or La Crema d'Italia, which are all conveniently located a short distance from Focus Hotel Premium Sopot.
If you are interested in exploring Sopot, check out a park, such as Trojmiejski Landscape Park.
Enjoy your stay in Sopot!
",Location,4.6,Sleep Quality,4.3,Rooms,4.8,Service,4.5,Value,4.0,Cleanliness,4.8
3343284,Kuyavia-Pomerania Province,Copernicus Torun Hotel,53.007698,18.59802,4.1,595,504,$$,"['Internet', 'Free Internet', 'Wifi', 'Free Wifi', 'Pool', 'Wheelchair access', 'Pets Allowed', 'Suites', 'Room service', 'Restaurant', 'Bar/Lounge', 'Spa', 'Public Wifi', 'Meeting rooms', 'Hot Tub', 'Non-smoking rooms', 'Business center', 'Laundry Service', 'Banquet Room', 'Air conditioning', 'Family Rooms', 'Multilingual Staff', 'Accessible rooms', 'Minibar', 'Conference Facilities', 'Non-smoking hotel', 'Safe', 'Flatscreen TV', 'Breakfast Buffet', 'Private Balcony', 'Indoor pool', 'Outdoor pool', 'Parking', 'Facilities for Disabled Guests', 'Housekeeping', 'Sauna', 'ATM On Site', 'Baggage Storage', 'Billiards', 'Bowling', '24-Hour Check-in', 'Coffee / Tea Maker', 'Complimentary Tea', 'English', 'Facial Treatments', 'Fitness / Spa Locker Rooms', 'Complimentary Instant Coffee', 'Hair Dryer', 'Ironing Service', 'Massage', 'Polish', 'Heated pool', 'Kids pool', 'Breakfast Available', 'Bathrobes', 'Bicycle Rental', 'Bicycle Tours', 'Blackout Curtains', 'Body Wrap', 'Books, DVDs, Music for Children', 'Bottled Water', 'Cable / Satellite TV', 'Car Hire', ""Children's Playground"", 'Clothes Rack', 'Coffee Shop', 'Couples Massage', 'Desk', 'Electric Kettle', 'Extra Long Beds', 'First Aid Kit', 'Foot Bath', 'Foot Massage', 'Complimentary Toiletries', 'Free Wifi in the Business Center', '24-Hour Front Desk', 'Full Body Massage', 'Game Room', 'Hammam', 'Hand Massage', 'Head Massage', 'Highchairs Available', 'Hiking', 'Indoor Play Area for Children', 'Interconnected room(s) available', ""Kids' Meals"", ""Kids' Outdoor Play Equipment"", 'Laptop Safe', 'Makeup Services', 'Manicure', 'Neck Massage', 'Newspaper', 'Nightclub / DJ', 'Outdoor Furniture', 'Parking Garage', 'Pedicure', 'Picnic Area', 'Pool / Beach Towels', 'Pool View', 'Private Bathrooms', 'Paid Private Parking On-site', 'Salon', 'Seating Area', '24-Hour Security', 'Secured Parking', 'Shallow End', 'Shoeshine', 'Snack Bar', 'Soundproof Rooms', 'Special Diet Menus', 'Steam Room', 'Sun Deck', 'Sun Umbrellas', 'Swimming Pool Toys', 'Taxi Service', 'Telephone', 'Tile / Marble Floor', 'Umbrella', 'Wake Up Service / Alarm Clock', 'Walk-in Shower', 'Walking Tours', 'Wardrobe / Closet', 'Waxing Services', 'Wine / Champagne']","['Modern', 'Business']","[{'name': 'business', 'localized_name': 'Business', 'value': '140'}, {'name': 'couples', 'localized_name': 'Couples', 'value': '175'}, {'name': 'solo', 'localized_name': 'Solo travel', 'value': '13'}, {'name': 'family', 'localized_name': 'Family', 'value': '136'}, {'name': 'friends', 'localized_name': 'Friends getaway', 'value': '60'}]",Torun,Poland,28.0,3.0,15.0,26.0,86.0,218.0,250.0,,Copernicus Torun Hotel is situated on the Vistula boulevard with beautiful views of the Pilsudski Bridge and the Old Town. The hotels’ original and modern architectural form smoothly blends into the landscape giving the place a special atmosphere. This place is perfect for meetings and recreation in an atmosphere of relaxation. Copernicus Torun represents the highest international standard. Each service is a created to satisfy the diverse requirements of our guests from all over the world. Highly qualified staff take care of every detail and ensure the highest quality service.,Location,4.7,Sleep Quality,4.4,Rooms,4.4,Service,4.1,Value,4.0,Cleanliness,4.4
275082,Kuyavia-Pomerania Province,Mercure Torun Centrum,53.013214,18.596716,3.8,661,309,$,"['Restaurant', 'Internet', 'Free Internet', 'Wheelchair access', 'Bar/Lounge', 'Pets Allowed', 'Wifi', 'Free Wifi', 'Dry Cleaning', 'Meeting rooms', 'Non-smoking rooms', 'Business center', 'Laundry Service', 'Banquet Room', 'Air conditioning', 'Multilingual Staff', 'Accessible rooms', 'Conference Facilities', 'Non-smoking hotel', 'Flatscreen TV', 'Breakfast Buffet', 'Parking', 'Facilities for Disabled Guests', 'Housekeeping', 'Baggage Storage', 'Express Check-in / Check-out', 'English', '24-Hour Front Desk', 'Polish', 'Shuttle Bus Service', 'Room service', 'Airport transportation', 'Public Wifi', 'Fitness center', 'Safe', 'Breakfast in the Room', 'Bridal Suite', 'Car Hire', 'German', 'Ironing Service', 'Newspaper', 'Private Check-in / Check-out', 'Paid Private Parking On-site', 'Russian', 'Shoeshine', 'Soundproof Rooms', 'Special Diet Menus', 'VIP Room Facilities']","['Business', 'Centrally Located']","[{'name': 'business', 'localized_name': 'Business', 'value': '210'}, {'name': 'couples', 'localized_name': 'Couples', 'value': '163'}, {'name': 'solo', 'localized_name': 'Solo travel', 'value': '44'}, {'name': 'family', 'localized_name': 'Family', 'value': '128'}, {'name': 'friends', 'localized_name': 'Friends getaway', 'value': '72'}]",Torun,Poland,28.0,9.0,21.0,48.0,178.0,232.0,182.0,Mercure,"The Mercure Helios Torun is located in the city centre, very close to the old town and the birthplace of Nicolaus Copernicus. Hotel offers 105 modern single and double rooms and 5 suites. All rooms are equipped with SAT TV, pay TV, radio, telephone, minibar and fast Internet access. The hotel restaurant, Solaris, offers wide range of Polish and European dishes. There are 5 modern conference rooms in the hotel, fitted with the latest equipment.",Location,4.5,Sleep Quality,3.9,Rooms,3.7,Service,4.2,Value,3.9,Cleanliness,4.2
1458515,Kuyavia-Pomerania Province,Hotel Solaris Torun,53.010742,18.602432,4.2,147,165,$$,"['Internet', 'Free Internet', 'Wifi', 'Free Wifi', 'Non-smoking rooms', 'Air conditioning', 'Multilingual Staff', 'Flatscreen TV', 'Breakfast Buffet', 'Kids Activities', 'Suites', 'Room service', 'Wheelchair access', 'Restaurant', 'Bar/Lounge', 'Pets Allowed', 'Airport transportation', 'Dry Cleaning', 'Meeting rooms', 'Laundry Service', 'Banquet Room', 'Family Rooms', 'Refrigerator in room', 'Minibar', 'Conference Facilities', 'Non-smoking hotel', 'Breakfast Available', 'Housekeeping', 'Baggage Storage', 'Bathrobes', 'Bicycle Rental', 'Bicycles Available', 'Board Games / Puzzles', 'Bottled Water', 'Breakfast in the Room', '24-Hour Check-in', 'Clothes Rack', 'Desk', 'English', '24-Hour Front Desk', 'Gift Shop', 'Hair Dryer', 'Highchairs Available', 'Indoor Play Area for Children', 'Iron', 'Newspaper', 'Outdoor Dining Area', 'Outdoor Furniture', 'Polish', 'Private Bathrooms', 'Paid Private Parking On-site', 'Paid Public Parking Nearby', 'Shoeshine', 'Street Parking', 'Taxi Service', 'Telephone', 'Ukrainian', 'Umbrella', 'VIP Room Facilities', 'Wake Up Service / Alarm Clock', 'Walking Tours', 'Wine / Champagne']","['Business', 'Centrally Located']","[{'name': 'business', 'localized_name': 'Business', 'value': '25'}, {'name': 'couples', 'localized_name': 'Couples', 'value': '57'}, {'name': 'solo', 'localized_name': 'Solo travel', 'value': '8'}, {'name': 'family', 'localized_name': 'Family', 'value': '20'}, {'name': 'friends', 'localized_name': 'Friends getaway', 'value': '24'}]",Torun,Poland,28.0,11.0,8.0,4.0,7.0,59.0,69.0,,"If you’re looking for the most authentic experience Torun has to offer, Hotel Solaris has you covered. We’re located in the heart of the Old Town, we all speak English, and as a bonus, if you love history, you’ll love that our hotel is a historical building from the 17th century. With homemade recipes passed down for generations, (we might be biased but I doubt it), we have the best traditional food in all of Poland. Join us for our 5 star breakfast buffet where we only serve high quality produce and meats from local farmers, bake our own cakes, and make our own juices and smoothies. In our brick Gothic style cellar enjoy a drink and snack on a delicious homemade charcuterie board with your friends and family… and imagine all of the people over the centuries who would have done the same, like the Polish Hussar. If you need help to plan the best things to do in the city, we know all of the spots. We are also pet friendly!",Location,4.8,Sleep Quality,4.1,Rooms,4.3,Service,4.1,Value,4.3,Cleanliness,4.5
1757685,Kuyavia-Pomerania Province,Ibis Budget Torun,53.00802,18.595442,4.1,609,82,$,"['Internet', 'Free Internet', 'Wifi', 'Free Wifi', 'Wheelchair access', 'Non-smoking rooms', 'Air conditioning', 'Multilingual Staff', 'Accessible rooms', 'Non-smoking hotel', 'Flatscreen TV', 'Breakfast Buffet', 'Express Check-in / Check-out', 'English', 'Polish', 'Street Parking', 'Public Wifi', 'Pets Allowed', 'Parking', 'Facilities for Disabled Guests']","['Modern', 'Green']","[{'name': 'business', 'localized_name': 'Business', 'value': '79'}, {'name': 'couples', 'localized_name': 'Couples', 'value': '270'}, {'name': 'solo', 'localized_name': 'Solo travel', 'value': '45'}, {'name': 'family', 'localized_name': 'Family', 'value': '131'}, {'name': 'friends', 'localized_name': 'Friends getaway', 'value': '65'}]",Torun,Poland,28.0,5.0,6.0,21.0,81.0,275.0,226.0,ibis budget,"See why so many travelers make Ibis Budget Torun their hotel of choice when visiting Torun. Providing an ideal mix of value, comfort and convenience, it offers a family-friendly setting with an array of amenities designed for travelers like you.
Nearby landmarks such as Cosmopolis Fountain (0.3 mi) and Bunker - Wisla (0.4 mi) make Ibis Budget Torun a great place to stay when visiting Torun.
Ibis Budget Torun is a family-friendly hotel offering air conditioning in the rooms, and it is easy to stay connected during your stay as free wifi is offered to guests.
Plus, guests can enjoy breakfast buffet, which has made this a popular choice among travelers visiting Torun.
While in Torun be sure to experience local shrimp favorites at Luizjana or Szeroka No.9.
During your visit, be sure to check out popular attractions like Planetarium - Torun (0.4 mi), Town Square - Old Town (0.4 mi), and Toruń House of Legends (0.5 mi), which are all within walking distance of the hotel.
At Ibis Budget Torun, your comfort and satisfaction come first, and they look forward to welcoming you to Torun.
",Location,4.6,Sleep Quality,4.1,Rooms,3.9,Service,4.4,Value,4.3,Cleanliness,4.4
1462729,Kuyavia-Pomerania Province,Halo Torun,53.011574,18.614298,4.9,9,55,$$,"['Wheelchair access', 'Non-smoking rooms', 'Internet', 'Wifi', 'Free Wifi', 'Business center', 'Accessible rooms', 'Refrigerator in room', 'Multilingual Staff', 'Breakfast Buffet', 'Free Internet', 'Meeting rooms', 'Family Rooms', 'Non-smoking hotel', 'Flatscreen TV', 'Parking', 'Facilities for Disabled Guests', 'Housekeeping', 'Baggage Storage', 'Bath / Shower', 'Bottled Water', 'Cable / Satellite TV', '24-Hour Check-in', 'Clothes Rack', 'Coffee / Tea Maker', 'Desk', 'Electric Kettle', 'English', 'Complimentary Toiletries', '24-Hour Front Desk', 'Hair Dryer', 'Polish', 'Private Bathrooms', 'Paid Public Parking On-site', 'Sofa', 'Sofa Bed', 'Telephone', 'Vending Machine', 'Wake Up Service / Alarm Clock', 'Walk-in Shower']","['Business', 'Centrally Located']","[{'name': 'business', 'localized_name': 'Business', 'value': '4'}, {'name': 'couples', 'localized_name': 'Couples', 'value': '1'}, {'name': 'solo', 'localized_name': 'Solo travel', 'value': '1'}, {'name': 'family', 'localized_name': 'Family', 'value': '3'}, {'name': 'friends', 'localized_name': 'Friends getaway', 'value': '0'}]",Torun,Poland,28.0,17.0,0.0,0.0,0.0,1.0,8.0,,"The Halo Toruń Hotel is located in the centre of Toruń, a 10 minutes’ walk from the historic old town square and a 5 minutes’ drive from the railway station. It is a perfect location for tourists as it makes it possible to go on an evening stroll along the charming streets of the city and to get to know the most interesting tourist attractions of Toruń. The property is ideal for those looking for accommodation in Toruń. The hotel has 57 rooms equipped with a TV set, telephone and wireless Internet.",Location,5.0,Sleep Quality,5.0,Rooms,5.0,Service,5.0,Value,5.0,Cleanliness,5.0
1885452,Kuyavia-Pomerania Province,B&B Hotel Torun,53.013256,18.611326,4.0,260,77,$,"['Internet', 'Free Internet', 'Wheelchair access', 'Pets Allowed', 'Wifi', 'Public Wifi', 'Free Wifi', 'Non-smoking rooms', 'Air conditioning', 'Multilingual Staff', 'Smoking rooms available', 'Accessible rooms', 'Non-smoking hotel', 'Flatscreen TV', 'Breakfast Buffet', 'Breakfast Available', 'Parking', 'Baggage Storage', 'Bath / Shower', 'Clothes Rack', 'Desk', 'English', '24-Hour Front Desk', 'Hair Dryer', 'Polish', 'Paid Private Parking On-site', 'Soundproof Rooms', 'Telephone', 'Wake Up Service / Alarm Clock']","['Modern', 'Business']","[{'name': 'business', 'localized_name': 'Business', 'value': '41'}, {'name': 'couples', 'localized_name': 'Couples', 'value': '118'}, {'name': 'solo', 'localized_name': 'Solo travel', 'value': '11'}, {'name': 'family', 'localized_name': 'Family', 'value': '33'}, {'name': 'friends', 'localized_name': 'Friends getaway', 'value': '38'}]",Torun,Poland,28.0,10.0,6.0,8.0,41.0,129.0,76.0,B&B Hotels,,Location,4.6,Sleep Quality,4.1,Rooms,3.7,Service,4.2,Value,4.1,Cleanliness,4.3
12431905,Kuyavia-Pomerania Province,Hotel Nicolaus,53.00948,18.6035,4.1,87,130,$$,"['Internet', 'Suites', 'Room service', 'Wheelchair access', 'Restaurant', 'Bar/Lounge', 'Wifi', 'Public Wifi', 'Free Wifi', 'Meeting rooms', 'Banquet Room', 'Air conditioning', 'Multilingual Staff', 'Minibar', 'Conference Facilities', 'Non-smoking hotel', 'Safe', 'English', 'Polish', 'Free Internet', 'Pets Allowed', 'Breakfast included', 'Dry Cleaning', 'Hot Tub', 'Non-smoking rooms', 'Laundry Service', 'Family Rooms', 'Flatscreen TV', 'Rooftop Terrace', 'Breakfast Buffet', 'Private Balcony', 'Breakfast Available', 'Housekeeping', 'Sauna', 'Baggage Storage', 'Bath / Shower', 'Blackout Curtains', 'Bottled Water', 'Breakfast in the Room', 'Cable / Satellite TV', 'Clothes Rack', 'Desk', 'Electric Kettle', 'Extra Long Beds', 'First Aid Kit', 'Complimentary Toiletries', '24-Hour Front Desk', 'Hair Dryer', 'Highchairs Available', 'Iron', 'Ironing Service', ""Kids' Meals"", 'Landmark View', 'Laptop Safe', 'Outdoor Dining Area', 'Patio', 'Private Bathrooms', 'Paid Public Parking On-site', 'Radio', 'Seating Area', 'Sofa', 'Sofa Bed', 'Soundproof Rooms', 'Special Diet Menus', 'Street Parking', 'Sun Terrace', 'Taxi Service', 'Telephone', 'VIP Room Facilities', 'Wake Up Service / Alarm Clock', 'Walk-in Shower', 'Wardrobe / Closet', 'Wine / Champagne']","['Business', 'Mid-range']","[{'name': 'business', 'localized_name': 'Business', 'value': '22'}, {'name': 'couples', 'localized_name': 'Couples', 'value': '31'}, {'name': 'solo', 'localized_name': 'Solo travel', 'value': '2'}, {'name': 'family', 'localized_name': 'Family', 'value': '15'}, {'name': 'friends', 'localized_name': 'Friends getaway', 'value': '7'}]",Torun,Poland,28.0,16.0,7.0,5.0,7.0,21.0,47.0,,"See why so many travelers make Hotel Nicolaus their hotel of choice when visiting Torun. Providing an ideal mix of value, comfort and convenience, it offers a romantic setting with an array of amenities designed for travelers like you.
Close to some of Torun's most popular landmarks, such as Bunker - Wisla (0.1 mi) and Monument to Filus (0.1 mi), Hotel Nicolaus is a great destination for tourists.
Hotel Nicolaus offers guests an array of room amenities including air conditioning and a minibar, and getting online is possible, as free wifi is available.
The hotel offers room service, to make your visit even more pleasant. The property also features breakfast.
Travelers looking to enjoy some shrimp can head to Luizjana or Szeroka No.9. Otherwise, you may want to check out an Italian restaurant such as La Nonna Siciliana, Chleb i Wino, or Metropolis.
Plus, during your trip, don’t forget to check out some of the popular castles, such as Cultural Centre ""Teutonic castle"", Monastery Gate (Brama Klasztorna), and Ruins of the Teutonic Castle in Torun.
At Hotel Nicolaus, your comfort and satisfaction come first, and they look forward to welcoming you to Torun.
",Location,4.7,Sleep Quality,3.9,Rooms,4.3,Service,3.9,Value,3.9,Cleanliness,4.3
287051,Kuyavia-Pomerania Province,Hotel Gromada Torun,53.01,18.60517,3.6,123,85,$,"['Internet', 'Free Internet', 'Restaurant', 'Wifi', 'Free Wifi', 'Non-smoking rooms', 'Breakfast Buffet', 'Room service', 'Bar/Lounge', 'Dry Cleaning', 'Meeting rooms', 'Laundry Service', 'Non-smoking hotel', 'Safe', 'Baggage Storage', 'Bottled Water', 'Bridal Suite', 'Express Check-in / Check-out', 'Coffee Shop', 'English', '24-Hour Front Desk', 'Ironing Service', 'Newspaper', 'Polish', 'Special Diet Menus']","['Business', 'Centrally Located']","[{'name': 'business', 'localized_name': 'Business', 'value': '12'}, {'name': 'couples', 'localized_name': 'Couples', 'value': '41'}, {'name': 'solo', 'localized_name': 'Solo travel', 'value': '14'}, {'name': 'family', 'localized_name': 'Family', 'value': '21'}, {'name': 'friends', 'localized_name': 'Friends getaway', 'value': '27'}]",Torun,Poland,28.0,18.0,5.0,8.0,41.0,47.0,22.0,,"Hotel Gromada Torun is an excellent choice for travelers visiting Torun, offering a family-friendly environment alongside many helpful amenities designed to enhance your stay.
The hotel features a 24 hour front desk, room service, and baggage storage, and you can stay connected during your stay as Hotel Gromada Torun offers guests free wifi. Plus, Hotel Gromada Torun offers a lounge, providing a pleasant respite from your busy day.
Close to some of Torun's most popular landmarks, such as Bunker - Wisla (0.1 mi) and Medieval Defensive City Walls (0.2 mi), Hotel Gromada Torun is a great destination for tourists.
While in Torun be sure to experience local shrimp favorites at Luizjana or Szeroka No.9.
Should time allow, Planetarium - Torun, Town Square - Old Town, and Toruń House of Legends are some popular attractions that are within walking distance.
Enjoy your stay in Torun!
",Location,4.7,Sleep Quality,3.3,Rooms,3.4,Service,4.0,Value,3.9,Cleanliness,3.8
2254821,Kuyavia-Pomerania Province,Hotel Przystanek Torun,53.013004,18.619877,4.2,9,56,$$,[],"['Business', 'Family']","[{'name': 'business', 'localized_name': 'Business', 'value': '3'}, {'name': 'couples', 'localized_name': 'Couples', 'value': '0'}, {'name': 'solo', 'localized_name': 'Solo travel', 'value': '2'}, {'name': 'family', 'localized_name': 'Family', 'value': '0'}, {'name': 'friends', 'localized_name': 'Friends getaway', 'value': '3'}]",Torun,Poland,28.0,21.0,1.0,1.0,0.0,0.0,7.0,,"Hotel Przystanek Toruń was built in a restored, historic building, stylized as an atmospheric railway station from the past. It is distinguished by extraordinary attention to every detail of the decor referring to the theme of railways and travel. The perfect solution for tourists looking for interesting places with character.",Location,4.0,Sleep Quality,3.3,Rooms,3.3,Service,3.8,Value,4.3,Cleanliness,5.0
7179861,Kuyavia-Pomerania Province,Hotel Mercure Bydgoszcz Sepia,53.125023,17.999815,4.6,477,463,$$,"['Internet', 'Kids Activities', 'Shuttle Bus Service', 'Suites', 'Room service', 'Free Internet', 'Wheelchair access', 'Restaurant', 'Bar/Lounge', 'Pets Allowed', 'Spa', 'Wifi', 'Public Wifi', 'Free Wifi', 'Dry Cleaning', 'Meeting rooms', 'Non-smoking rooms', 'Business center', 'Fitness center', 'Laundry Service', 'Banquet Room', 'Air conditioning', 'Multilingual Staff', 'Accessible rooms', 'Minibar', 'Conference Facilities', 'Babysitting', 'Non-smoking hotel', 'Safe', 'Flatscreen TV', 'Breakfast Buffet', 'Breakfast Available', 'Parking', 'Facilities for Disabled Guests', 'Housekeeping', 'Sauna', 'Baggage Storage', 'Bottled Water', 'Breakfast in the Room', 'Express Check-in / Check-out', 'English', '24-Hour Front Desk', 'Ironing Service', 'Newspaper', 'Outdoor Furniture', 'Polish', 'Private Check-in / Check-out', 'Paid Private Parking On-site', 'Shoeshine', 'Snack Bar', 'Sun Terrace', 'Wine / Champagne']","['Charming', 'Green']","[{'name': 'business', 'localized_name': 'Business', 'value': '180'}, {'name': 'couples', 'localized_name': 'Couples', 'value': '114'}, {'name': 'solo', 'localized_name': 'Solo travel', 'value': '36'}, {'name': 'family', 'localized_name': 'Family', 'value': '58'}, {'name': 'friends', 'localized_name': 'Friends getaway', 'value': '42'}]",Bydgoszcz,Poland,34.0,1.0,4.0,6.0,17.0,142.0,308.0,Mercure,,Location,4.8,Sleep Quality,4.7,Rooms,4.7,Service,4.6,Value,4.5,Cleanliness,4.8
4427782,Kuyavia-Pomerania Province,Hotel Campanile Bydgoszcz,53.12309,18.02111,4.2,362,98,$,"['Internet', 'Free Internet', 'Wifi', 'Free Wifi', 'Room service', 'Wheelchair access', 'Restaurant', 'Bar/Lounge', 'Public Wifi', 'Meeting rooms', 'Non-smoking rooms', 'Laundry Service', 'Air conditioning', 'Multilingual Staff', 'Accessible rooms', 'Non-smoking hotel', 'Flatscreen TV', 'Breakfast Buffet', 'Parking', 'Bottled Water', 'Desk', 'Kids Activities', 'Pets Allowed', 'Dry Cleaning', 'Family Rooms', 'Conference Facilities', 'Safe', 'Baggage Storage', 'Bath / Shower', 'Express Check-in / Check-out', ""Children's Television Networks"", 'Coffee Shop', 'English', '24-Hour Front Desk', 'German', 'Hair Dryer', 'Newspaper', 'Polish', 'Private Check-in / Check-out', 'Paid Private Parking On-site', 'Russian', 'Salon', 'Shared Lounge / TV Area', 'Special Diet Menus', 'Telephone', 'Wake Up Service / Alarm Clock']","['Classic', 'Mid-range']","[{'name': 'business', 'localized_name': 'Business', 'value': '159'}, {'name': 'couples', 'localized_name': 'Couples', 'value': '72'}, {'name': 'solo', 'localized_name': 'Solo travel', 'value': '24'}, {'name': 'family', 'localized_name': 'Family', 'value': '50'}, {'name': 'friends', 'localized_name': 'Friends getaway', 'value': '43'}]",Bydgoszcz,Poland,25.0,1.0,7.0,11.0,34.0,149.0,161.0,Campanile,"See why so many travelers make Hotel Campanile Bydgoszcz their small hotel of choice when visiting Bydgoszcz. Providing an ideal mix of value, comfort and convenience, it offers a quaint setting with an array of amenities designed for travelers like you.
Guest rooms offer air conditioning and a desk, and Hotel Campanile Bydgoszcz makes getting online easy as free wifi is available.
You can also take advantage of some of the amenities offered by the small hotel, including a 24 hour front desk, room service, and a coffee shop. In addition, guests can enjoy an on-site restaurant during their visit. As an added convenience, there is parking available to guests.
Nearby landmarks such as Main Post Office Building (0.7 mi) and Marian Rejewski Statue (0.9 mi) make Hotel Campanile Bydgoszcz a great place to stay when visiting Bydgoszcz.
While in Bydgoszcz be sure to experience local burritos favorites at Mexico City.
If you are interested in exploring Bydgoszcz, check out a military museum, such as Army Infantry Museum.
We’re sure you’ll enjoy your stay at Hotel Campanile Bydgoszcz as you experience all of the things Bydgoszcz has to offer.
",Sleep Quality,4.4,Location,4.3,Rooms,4.3,Service,4.5,Value,4.4,Cleanliness,4.4
528494,Kuyavia-Pomerania Province,City Hotel Bydgoszcz,53.12457,18.009441,4.1,266,99,$,"['Casino', 'Restaurant', 'Dry Cleaning', 'Meeting rooms', 'Non-smoking rooms', 'Business center', 'Internet', 'Suites', 'Room service', 'Free Internet', 'Wheelchair access', 'Bar/Lounge', 'Wifi', 'Public Wifi', 'Free Wifi', 'Laundry Service', 'Banquet Room', 'Air conditioning', 'Multilingual Staff', 'Accessible rooms', 'Conference Facilities', 'Flatscreen TV', 'Breakfast Buffet', 'Breakfast Available', 'Pets Allowed', 'Fitness center', 'Family Rooms', 'Smoking rooms available', 'Minibar', 'Safe', 'Parking', 'Facilities for Disabled Guests', 'Housekeeping', 'Electric vehicle charging station', 'Baggage Storage', 'Bath / Shower', 'Billiards', 'Blackout Curtains', 'Board Games / Puzzles', 'Bottled Water', 'Bowling Off-site', 'Breakfast in the Room', 'Cable / Satellite TV', 'Canoeing Off-site', 'Car Hire', '24-Hour Check-in', 'Express Check-in / Check-out', ""Children's Television Networks"", 'Clothes Rack', 'Coffee Shop', 'Coffee / Tea Maker', 'Complimentary Tea', 'Currency Exchange', 'Desk', 'Electric Kettle', 'English', 'First Aid Kit', 'Complimentary Instant Coffee', 'Complimentary Toiletries', 'Free Wifi in the Business Center', 'Free Wired Internet in the Business Center', '24-Hour Front Desk', 'Full Body Massage', 'Gift Shop', 'Hair Dryer', 'Hand Massage', 'Head Massage', 'Highchairs Available', 'Hiking', 'Ironing Service', ""Kids' Meals"", 'Laptop Safe', 'Makeup Services', 'Massage', 'Neck Massage', 'Parking Garage', 'Polish', 'Private Bathrooms', 'Paid Private Parking On-site', 'Paid Public Parking Nearby', 'Seating Area', '24-Hour Security', 'Secured Parking', 'Shoeshine', 'Snack Bar', 'Sofa', 'Sofa Bed', 'Special Diet Menus', 'Street Parking', 'Taxi Service', 'Telephone', 'Tennis Court Off-site', 'Tile / Marble Floor', 'Umbrella', 'VIP Room Facilities', 'Wake Up Service / Alarm Clock', 'Walking Tours', 'Wardrobe / Closet', 'Wine / Champagne']","['Classic', 'Quaint']","[{'name': 'business', 'localized_name': 'Business', 'value': '151'}, {'name': 'couples', 'localized_name': 'Couples', 'value': '37'}, {'name': 'solo', 'localized_name': 'Solo travel', 'value': '19'}, {'name': 'family', 'localized_name': 'Family', 'value': '21'}, {'name': 'friends', 'localized_name': 'Friends getaway', 'value': '21'}]",Bydgoszcz,Poland,34.0,3.0,3.0,9.0,35.0,119.0,100.0,,"City Hotel in Bydgoszcz is a four-star facility. It offers comfortable accommodation in the city centre of Bydgoszcz, restaurant, bar and conference centre services, a multi-storey parking lot and numerous facilities that will make your stay enjoyable. The hotel’s excellent location in the vicinity of local tourist and cultural attractions and shopping centres makes it a good choice for guests who want to explore the surrounding area or visit entertainment venues. The hotel is located near the Old Town, Mill Island, a park, bustling restaurants and pubs, a theatre, an opera, a philharmonics and a cinema. City Hotel is an ideal place for your stay in Bydgoszcz.",Location,4.4,Sleep Quality,4.3,Rooms,4.2,Service,4.4,Value,4.0,Cleanliness,4.5
4603321,Kuyavia-Pomerania Province,Przystan Bydgoszcz,53.12342,17.995264,3.6,54,82,$,"['Internet', 'Free Internet', 'Restaurant', 'Free Wifi', 'Kids Activities', 'Room service', 'Wheelchair access', 'Bar/Lounge', 'Pets Allowed', 'Wifi', 'Meeting rooms', 'Hot Tub', 'Non-smoking rooms', 'Business center', 'Fitness center', 'Banquet Room', 'Accessible rooms', 'Refrigerator in room', 'Conference Facilities', 'Non-smoking hotel', 'Flatscreen TV', 'Breakfast Buffet', 'Breakfast Available', 'Facilities for Disabled Guests', 'Housekeeping', 'Sauna', 'Boating', 'Bottled Water', 'Cable / Satellite TV', 'Canoeing', 'Canoeing Off-site', '24-Hour Check-in', 'Express Check-in / Check-out', 'Clothes Rack', 'Coffee Shop', 'English', 'Evening Entertainment', '24-Hour Front Desk', 'Highchairs Available', ""Kids' Meals"", 'Kid-Friendly Buffet', 'Massage', 'Newspaper', 'Outdoor Dining Area', 'Outdoor Furniture', 'Polish', 'Paid Private Parking On-site', 'Paid Private Parking Nearby', 'Paid Public Parking Nearby', 'Seating Area', 'Special Diet Menus', 'Steam Room', 'Sun Terrace', 'Taxi Service', 'Telephone', 'Walk-in Shower', 'Walking Tours', 'Wardrobe / Closet']","['Quaint', 'Mid-range']","[{'name': 'business', 'localized_name': 'Business', 'value': '26'}, {'name': 'couples', 'localized_name': 'Couples', 'value': '8'}, {'name': 'solo', 'localized_name': 'Solo travel', 'value': '5'}, {'name': 'family', 'localized_name': 'Family', 'value': '6'}, {'name': 'friends', 'localized_name': 'Friends getaway', 'value': '5'}]",Bydgoszcz,Poland,76.0,5.0,3.0,4.0,18.0,15.0,14.0,,,Location,4.8,Sleep Quality,3.8,Rooms,3.8,Service,3.9,Value,3.8,Cleanliness,3.8
528365,Kuyavia-Pomerania Province,Hotel Focus Bydgoszcz,53.145958,18.02477,3.6,76,28,,"['Internet', 'Free Internet', 'Free parking', 'Wifi', 'Free Wifi', 'Non-smoking rooms', 'Kids Activities', 'Public Wifi', 'Meeting rooms', 'Family Rooms', 'Smoking rooms available', 'Sauna', 'Baggage Storage', 'Express Check-in / Check-out', 'English', '24-Hour Front Desk', 'Polish', 'Shoeshine']","['Quaint', 'Business']","[{'name': 'business', 'localized_name': 'Business', 'value': '21'}, {'name': 'couples', 'localized_name': 'Couples', 'value': '18'}, {'name': 'solo', 'localized_name': 'Solo travel', 'value': '8'}, {'name': 'family', 'localized_name': 'Family', 'value': '18'}, {'name': 'friends', 'localized_name': 'Friends getaway', 'value': '8'}]",Bydgoszcz,Poland,34.0,10.0,4.0,5.0,20.0,38.0,9.0,,"See why so many travelers make Hotel Focus Bydgoszcz their hotel of choice when visiting Bydgoszcz. Providing an ideal mix of value, comfort and convenience, it offers a family-friendly setting with an array of amenities designed for travelers like you.
Given the close proximity of popular landmarks, such as Bydgoszcz Basilica (1.3 mi) and Tightrope Walker - sculpture (1.8 mi), guests of Hotel Focus Bydgoszcz can easily experience some of Bydgoszcz's most well known attractions.
Guests have access to a 24 hour front desk, express check-in and check-out, and baggage storage while staying at Hotel Focus Bydgoszcz. In addition, Hotel Focus Bydgoszcz offers a sauna, which will help make your Bydgoszcz trip additionally gratifying. And, as an added convenience, there is free parking available to guests.
If you’re looking for an Italian restaurant, consider a visit to Barzza, Restaurant Srodmiescie, or Karramba Restaurant, which are all conveniently located a short distance from Hotel Focus Bydgoszcz.
If you are interested in exploring Bydgoszcz, check out a history museum, such as Bydgoski Channel.
At Hotel Focus Bydgoszcz, your comfort and satisfaction come first, and they look forward to welcoming you to Bydgoszcz.
",Sleep Quality,3.7,Location,3.5,Rooms,3.5,Service,4.1,Value,4.1,Cleanliness,4.2
24923696,Kuyavia-Pomerania Province,Focus Hotel Premium Bydgoszcz,53.1224,18.006521,4.7,6,26,$$,[],"['Budget', 'Quaint']","[{'name': 'business', 'localized_name': 'Business', 'value': '1'}, {'name': 'couples', 'localized_name': 'Couples', 'value': '4'}, {'name': 'solo', 'localized_name': 'Solo travel', 'value': '1'}, {'name': 'family', 'localized_name': 'Family', 'value': '0'}, {'name': 'friends', 'localized_name': 'Friends getaway', 'value': '0'}]",Bydgoszcz,Poland,34.0,13.0,0.0,0.0,0.0,2.0,4.0,,,Location,5.0,Service,5.0,Value,5.0,,,,,,
23495914,Kuyavia-Pomerania Province,Rezydencja Sowa,53.12252,18.001692,4.7,13,23,$$,"['Bath / Shower', 'Bottled Water', 'Suites', 'Room service', 'Free Internet', 'Restaurant', 'Free Wifi', 'Non-smoking rooms', 'Fitness center', 'Banquet Room', 'Air conditioning', 'Conference Facilities', 'Babysitting', 'Safe', 'Flatscreen TV', 'Rooftop Terrace', 'Breakfast Available', 'Air Purifier', 'Blackout Curtains', 'Breakfast in the Room', 'Cable / Satellite TV', 'Clothes Rack', 'English', 'Complimentary Instant Coffee', 'Iron', 'Polish', 'Private Bathrooms', 'Paid Private Parking Nearby', '24-Hour Security', 'Sofa', 'Soundproof Rooms', 'Telephone', 'Wardrobe / Closet']","['Quaint', 'Romantic']","[{'name': 'business', 'localized_name': 'Business', 'value': '4'}, {'name': 'couples', 'localized_name': 'Couples', 'value': '9'}, {'name': 'solo', 'localized_name': 'Solo travel', 'value': '0'}, {'name': 'family', 'localized_name': 'Family', 'value': '0'}, {'name': 'friends', 'localized_name': 'Friends getaway', 'value': '0'}]",Bydgoszcz,Poland,76.0,1.0,1.0,0.0,0.0,0.0,12.0,,,Location,5.0,Sleep Quality,5.0,Rooms,5.0,Service,5.0,Value,5.0,Cleanliness,5.0
3595685,Kuyavia-Pomerania Province,Apartments Dream of Bydgoszcz,53.12631,18.0011,3.7,15,63,$$,"['Internet', 'Suites', 'Free Internet', 'Wheelchair access', 'Wifi', 'Free Wifi', 'Non-smoking rooms', 'Laundry Service', 'Family Rooms', 'Microwave', 'Refrigerator in room', 'Non-smoking hotel', 'Flatscreen TV', 'Coffee / Tea Maker', 'English', 'Complimentary Toiletries', 'Hair Dryer', 'Iron', 'Kitchenware', 'Seating Area', 'Sofa', 'Wake Up Service / Alarm Clock']","['Quaint', 'Romantic']","[{'name': 'business', 'localized_name': 'Business', 'value': '1'}, {'name': 'couples', 'localized_name': 'Couples', 'value': '5'}, {'name': 'solo', 'localized_name': 'Solo travel', 'value': '2'}, {'name': 'family', 'localized_name': 'Family', 'value': '3'}, {'name': 'friends', 'localized_name': 'Friends getaway', 'value': '1'}]",Bydgoszcz,Poland,76.0,17.0,1.0,0.0,5.0,6.0,3.0,,"The spacious apartments, designed to offer as the place to work as well as the place where guests can relax. We took care of equipment and accessories the highest class and quality which are easy to use. \ All apartments are equipped with fridge, kettle, hair dryer, iron. Our larger apartments with kitchenette are additionally equipped with a dishwasher, induction hob, hood, cooker, coffee maker and a washing machine in the bathroom. The building has an elevator, which easily fits a baby carriage, bike, and all the more heavy travel suitcase. We are glad to recommend us families with children, because there is no problem to equip apartment with a baby cot and in the fenced area you'll find a lovely playground for bigger kids. For guests who travel by car, we have parking places in a secure underground garage (for an extra charge), or place in the parking at the back of. Wi-Fi is available for free for all hotel guests. In the case of connection problems, you can use the mobile Internet, which is available anytime at the reception.",Sleep Quality,5.0,Location,4.0,Rooms,3.7,Service,3.4,Value,3.4,,
19896334,Kuyavia-Pomerania Province,Apartamenty Sowa Bydgoszcz,53.120785,18.001926,4.7,7,21,$$,"['Internet', 'Suites', 'Free Internet', 'Restaurant', 'Wifi', 'Free Wifi', 'Kitchenette', 'Meeting rooms', 'Business center', 'Air conditioning', 'Refrigerator in room', 'Non-smoking hotel', 'Safe', 'Flatscreen TV', 'Breakfast Available', 'Parking', 'Facilities for Disabled Guests', 'Housekeeping', 'Blackout Curtains', 'Bottled Water', 'Cable / Satellite TV', 'Express Check-in / Check-out', 'Clothes Rack', 'Coffee / Tea Maker', 'Desk', 'Electric Kettle', 'Extra Long Beds', 'Complimentary Instant Coffee', 'Complimentary Toiletries', 'Hair Dryer', 'Iron', 'Kitchenware', 'Mountain View', 'Outdoor Furniture', 'Polish', 'Private Bathrooms', 'Secured Parking', 'Separate Living Room', 'Sofa', 'Sofa Bed', 'Stovetop', 'Telephone', 'Wake Up Service / Alarm Clock', 'Walk-in Shower', 'Wardrobe / Closet']",['Quaint'],"[{'name': 'business', 'localized_name': 'Business', 'value': '0'}, {'name': 'couples', 'localized_name': 'Couples', 'value': '1'}, {'name': 'solo', 'localized_name': 'Solo travel', 'value': '0'}, {'name': 'family', 'localized_name': 'Family', 'value': '2'}, {'name': 'friends', 'localized_name': 'Friends getaway', 'value': '1'}]",Bydgoszcz,Poland,76.0,6.0,0.0,0.0,1.0,0.0,6.0,,"Sowa Apartments are located in the heart of Bydgoszcz, in the vicinity of the Old Town. It is also close to the most interesting monuments of the city, the boulevards on the Brda River and the dining spots at Jatki Street. Intimate space for demanding Guests. Sowa Apartments impress with modern design and convenient location.",Location,5.0,Rooms,4.0,Service,5.0,Cleanliness,5.0,,,,
5323609,Kuyavia-Pomerania Province,Noclegi Bydgoszcz - Centrum Onkologii,53.15437,18.12106,,0,0,,"['Internet', 'Free Internet', 'Wifi', 'Free Wifi']",[],"[{'name': 'business', 'localized_name': 'Business', 'value': '0'}, {'name': 'couples', 'localized_name': 'Couples', 'value': '0'}, {'name': 'solo', 'localized_name': 'Solo travel', 'value': '0'}, {'name': 'family', 'localized_name': 'Family', 'value': '0'}, {'name': 'friends', 'localized_name': 'Friends getaway', 'value': '0'}]",Bydgoszcz,Poland,,,,,,,,,,,,,,,,,,,,,
17338497,Lower Silesia Province,The Bridge Wroclaw MGallery,51.113873,17.048378,4.6,247,588,$$,"['Kids Activities', 'Shuttle Bus Service', 'Suites', 'Room service', 'Free Internet', 'Wheelchair access', 'Restaurant', 'Bar/Lounge', 'Pets Allowed', 'Spa', 'Airport transportation', 'Public Wifi', 'Free Wifi', 'Dry Cleaning', 'Meeting rooms', 'Non-smoking rooms', 'Business center', 'Fitness center', 'Laundry Service', 'Banquet Room', 'Air conditioning', 'Family Rooms', 'Multilingual Staff', 'Accessible rooms', 'Minibar', 'Conference Facilities', 'Babysitting', 'Non-smoking hotel', 'Safe', 'Flatscreen TV', 'Breakfast Buffet', 'Breakfast Available', 'Free airport transportation', 'Facilities for Disabled Guests', 'Housekeeping', 'Sauna', 'Electric vehicle charging station', 'Aerobics Off-site', 'Baggage Storage', 'Bath / Shower', 'Bathrobes', 'Bicycle Tours', 'Blackout Curtains', 'Bottled Water', 'Breakfast in the Room', 'Bridal Suite', 'Cable / Satellite TV', 'Car Hire', 'Clothes Rack', 'Desk', 'English', 'Extra Long Beds', 'Fitness / Spa Locker Rooms', 'Complimentary Toiletries', '24-Hour Front Desk', 'German', 'Hair Dryer', 'Highchairs Available', 'Interconnected room(s) available', 'Iron', ""Kids' Meals"", 'Landmark View', 'Laptop Safe', 'Parking Garage', 'Personal Trainer', 'Polish', 'Private Bathrooms', 'Paid Private Parking On-site', 'Paid Public Parking Nearby', 'Seating Area', 'Sofa Bed', 'Soundproof Rooms', 'Special Diet Menus', 'Street Parking', 'Taxi Service', 'Telephone', 'VIP Room Facilities', 'Wake Up Service / Alarm Clock', 'Walk-in Shower', 'Wardrobe / Closet', 'Yoga Classes']","['City View', 'Charming']","[{'name': 'business', 'localized_name': 'Business', 'value': '64'}, {'name': 'couples', 'localized_name': 'Couples', 'value': '66'}, {'name': 'solo', 'localized_name': 'Solo travel', 'value': '12'}, {'name': 'family', 'localized_name': 'Family', 'value': '34'}, {'name': 'friends', 'localized_name': 'Friends getaway', 'value': '13'}]",Wroclaw,Poland,109.0,8.0,7.0,6.0,14.0,32.0,188.0,MGallery Hotel Collection,,Location,4.9,Sleep Quality,4.9,Rooms,4.7,Service,4.4,Value,4.5,Cleanliness,4.9
2082637,Lower Silesia Province,PURO Wroclaw Stare Miasto,51.108006,17.024897,4.5,1899,809,$$,"['Internet', 'Free Internet', 'Wifi', 'Free Wifi', 'Bar/Lounge', 'Room service', 'Wheelchair access', 'Restaurant', 'Pets Allowed', 'Public Wifi', 'Dry Cleaning', 'Meeting rooms', 'Non-smoking rooms', 'Business center', 'Laundry Service', 'Concierge', 'Air conditioning', 'Multilingual Staff', 'Accessible rooms', 'Conference Facilities', 'Non-smoking hotel', 'Safe', 'Flatscreen TV', 'Breakfast Buffet', 'Facilities for Disabled Guests', 'Allergy-free Room', 'Baggage Storage', 'Bicycle Rental', 'Bicycles Available', 'Blackout Curtains', '24-Hour Check-in', 'Express Check-in / Check-out', 'English', '24-Hour Front Desk', 'Hair Dryer', 'Hiking', 'Ironing Service', ""Kids' Meals"", 'Kid-Friendly Buffet', 'Newspaper', 'Parking Garage', 'Polish', 'Private Check-in / Check-out', 'Paid Private Parking On-site', '24-Hour Security', 'Snack Bar', 'Soundproof Rooms', 'Special Diet Menus', 'Sun Terrace', 'Taxi Service', 'Breakfast included', 'Parking', ""Children's Television Networks""]","['Mid-range', 'Quiet']","[{'name': 'business', 'localized_name': 'Business', 'value': '435'}, {'name': 'couples', 'localized_name': 'Couples', 'value': '780'}, {'name': 'solo', 'localized_name': 'Solo travel', 'value': '134'}, {'name': 'family', 'localized_name': 'Family', 'value': '201'}, {'name': 'friends', 'localized_name': 'Friends getaway', 'value': '205'}]",Wroclaw,Poland,109.0,2.0,16.0,39.0,108.0,488.0,1248.0,PURO Hotels,"PURO Wrocław Stare Miasto is the perfect destination for those in search of cultural, artistic, and gustatory experiences, and its central location gives you a taste of this city’s remarkable atmosphere. Guests will always find PURO at the very heart of things, because that’s where we feel at home. You can count on a warm reception, personalized service, and the best tips for seeing the town through from a local perspective. And if you’d prefer to ride around the city, we’ve got a few comfortable bikes for you to use. You’re just a few minutes away from most of Wrocław’s major attractions, including the Main Square. The cozy street that’s home to Wrocław’s PURO also has plenty of excellent restaurants. Moreover, our hotel garden lets onto a green strip that makes for a leafy oasis in the very center of town. We regularly organize film screenings or lazy Sundays here, a place to enjoy a slow breakfast and kick back with a little music. And while we’re on the subject of food, make sure to drop by Hint on your stay. This is our bistro, where we whip up contemporary street-food-inspired cuisine. PURO is also the perfect home base if you’re longing for a bit of unspoiled nature – just a dozen or so kilometers away you’ll find the post-glacial Trzebnickie Hills or the Ślęży Massif. You can set off for the Chapel of Skulls in Kudowa Czermna or lose yourself in the network of tunnels and corridors of the subterranean city of Osówka in the Owl Mountains. A stay at PURO is an enormously pleasant feast for the eyes. Fine design and new Polish art, as well as comfortable beds and a round-the-clock reception desk ready to answer all your questions. Apart from the obvious conveniences like wi-fi, room service, and luggage storage, the hotel has paid parking. And our guests can always count on a freshly brewed cup of tea or coffee.",Location,4.8,Sleep Quality,4.5,Rooms,4.5,Service,4.5,Value,4.5,Cleanliness,4.7
277626,Lower Silesia Province,Novotel Wroclaw Centrum,51.098267,17.024197,4.6,885,686,$$,"['Restaurant', 'Internet', 'Free Internet', 'Wifi', 'Free Wifi', 'Room service', 'Business center', 'Pets Allowed', 'Meeting rooms', 'Non-smoking rooms', 'Wheelchair access', 'Bar/Lounge', 'Fitness center', 'Banquet Room', 'Family Rooms', 'Public Wifi', 'Dry Cleaning', 'Laundry Service', 'Air conditioning', 'Multilingual Staff', 'Conference Facilities', 'Non-smoking hotel', 'Suites', 'Airport transportation', 'Accessible rooms', 'Minibar', 'Safe', 'Flatscreen TV', 'Breakfast Buffet', 'Breakfast Available', 'Parking', 'Facilities for Disabled Guests', 'Housekeeping', 'Kids Club', 'Kids Stay Free', 'Baggage Storage', '24-Hour Check-in', 'Express Check-in / Check-out', 'English', 'Fitness / Spa Locker Rooms', '24-Hour Front Desk', 'German', 'Ironing Service', 'Polish', '24-Hour Security', 'Shoeshine', 'Soundproof Rooms']","['Mid-range', 'Residential Neighborhood']","[{'name': 'business', 'localized_name': 'Business', 'value': '257'}, {'name': 'couples', 'localized_name': 'Couples', 'value': '189'}, {'name': 'solo', 'localized_name': 'Solo travel', 'value': '49'}, {'name': 'family', 'localized_name': 'Family', 'value': '261'}, {'name': 'friends', 'localized_name': 'Friends getaway', 'value': '68'}]",Wroclaw,Poland,109.0,3.0,5.0,12.0,50.0,202.0,616.0,Novotel,The modern design of the Novotel Wroclaw Centrum hotel gives it an extraordinary trendy atmosphere. Our guests can enjoy delicious meals at the Novo2 lounge bar and relax after a long day in the fitness center or sauna. The hotel staff are very passionate about their work and aim to make your stay unforgettable. Its modern conference area makes it the ideal place for business meetings. The hotel features 192 rooms with modern facilities and a car park for an additional fee.,Sleep Quality,4.6,Location,4.5,Rooms,4.6,Service,4.6,Value,4.5,Cleanliness,4.8
277622,Lower Silesia Province,Scandic Wroclaw,51.101234,17.028257,4.2,808,376,$$,"['Internet', 'Free Internet', 'Restaurant', 'Wifi', 'Free Wifi', 'Pets Allowed', 'Wheelchair access', 'Meeting rooms', 'Non-smoking rooms', 'Family Rooms', 'Suites', 'Public Wifi', 'Dry Cleaning', 'Laundry Service', 'Banquet Room', 'Multilingual Staff', 'Conference Facilities', 'Flatscreen TV', 'Breakfast Buffet', 'Breakfast Available', 'Parking', 'Facilities for Disabled Guests', 'Baggage Storage', 'Bath / Shower', 'Bicycle Rental', 'Bicycles Available', 'Express Check-in / Check-out', 'English', 'Fitness / Spa Locker Rooms', 'Paid Private Parking Nearby', 'Taxi Service', 'Room service', 'Safe', 'Housekeeping', 'Allergy-free Room', 'Blackout Curtains', 'Board Games / Puzzles', 'Books, DVDs, Music for Children', 'Car Hire', '24-Hour Check-in', ""Children's Television Networks"", 'Coffee / Tea Maker', 'Convenience Store', 'Desk', 'Electric Kettle', 'First Aid Kit', 'Complimentary Toiletries', '24-Hour Front Desk', 'Game Room', 'German', 'Hair Dryer', 'Indoor Play Area for Children', 'Iron', 'Ironing Service', 'Parking Garage', 'Polish', 'Private Bathrooms', 'Paid Public Parking On-site', 'Salon', 'Shoeshine', 'Soundproof Rooms', 'Wardrobe / Closet']","['Mid-range', 'Quiet']","[{'name': 'business', 'localized_name': 'Business', 'value': '257'}, {'name': 'couples', 'localized_name': 'Couples', 'value': '198'}, {'name': 'solo', 'localized_name': 'Solo travel', 'value': '51'}, {'name': 'family', 'localized_name': 'Family', 'value': '124'}, {'name': 'friends', 'localized_name': 'Friends getaway', 'value': '89'}]",Wroclaw,Poland,109.0,15.0,17.0,25.0,87.0,335.0,344.0,Scandic,"From your modern hotel room in a classic or Scandinavian style, you can walk to the market square and the old town of Wroclaw in just 10 minutes. Our hotel provides versatile conference facilities for up to 260 participants along with the best coffee break in town.",Location,4.5,Sleep Quality,4.3,Rooms,4.3,Service,4.4,Value,4.3,Cleanliness,4.5
10267423,Lower Silesia Province,DoubleTree by Hilton Wroclaw,51.108387,17.043587,4.5,896,707,$$,"['Pool', 'Internet', 'Suites', 'Room service', 'Free Internet', 'Wheelchair access', 'Restaurant', 'Bar/Lounge', 'Pets Allowed', 'Spa', 'Airport transportation', 'Free Wifi', 'Paid Internet', 'Dry Cleaning', 'Meeting rooms', 'Hot Tub', 'Non-smoking rooms', 'Business center', 'Fitness center', 'Laundry Service', 'Concierge', 'Banquet Room', 'Air conditioning', 'Family Rooms', 'Multilingual Staff', 'Accessible rooms', 'Minibar', 'Conference Facilities', 'Non-smoking hotel', 'Safe', 'Heated pool', 'Flatscreen TV', 'Breakfast Buffet', 'Indoor pool', 'Facilities for Disabled Guests', 'Housekeeping', 'Sauna', 'ATM On Site', 'Baggage Storage', 'Bath / Shower', 'Bathrobes', 'Blackout Curtains', 'Breakfast in the Room', 'Complimentary Tea', 'Desk', 'English', 'Fitness / Spa Locker Rooms', '24-Hour Front Desk', 'Ironing Service', 'Parking Garage', 'Polish', '24-Hour Security', 'Taxi Service', 'VIP Room Facilities', 'Wifi', 'Breakfast included', 'Breakfast Available', 'Parking', 'Kids Stay Free', 'Bicycle Rental', 'Body Wrap', 'Bottled Water', 'Bridal Suite', 'Cable / Satellite TV', 'Car Hire', '24-Hour Check-in', ""Children's Television Networks"", 'Coffee / Tea Maker', 'Couples Massage', 'Dining Area', 'Electric Kettle', 'Executive Lounge Access', 'Facial Treatments', 'First Aid Kit', 'Complimentary Instant Coffee', 'Complimentary Toiletries', 'Free Wifi in the Business Center', 'Free Wired Internet in the Business Center', 'Full Body Massage', 'Hair Dryer', 'Hand Massage', 'Head Massage', 'Highchairs Available', 'Interconnected room(s) available', 'Iron', ""Kids' Meals"", 'Kid-Friendly Buffet', 'Laptop Safe', 'Massage', 'Neck Massage', 'Patio', 'Private Bathrooms', 'Paid Private Parking On-site', 'Seating Area', 'Separate Living Room', 'Shoeshine', 'Sofa', 'Sofa Bed', 'Soundproof Rooms', 'Sun Terrace', 'Telephone', 'Umbrella', 'Wake Up Service / Alarm Clock', 'Walk-in Shower', 'Wardrobe / Closet', 'Photo Copier / Fax In Business Center']","['Mid-range', 'City View']","[{'name': 'business', 'localized_name': 'Business', 'value': '305'}, {'name': 'couples', 'localized_name': 'Couples', 'value': '250'}, {'name': 'solo', 'localized_name': 'Solo travel', 'value': '49'}, {'name': 'family', 'localized_name': 'Family', 'value': '143'}, {'name': 'friends', 'localized_name': 'Friends getaway', 'value': '76'}]",Wroclaw,Poland,109.0,5.0,21.0,27.0,47.0,174.0,627.0,DoubleTree by Hilton,"DoubleTree by Hilton Hotel Wroclaw, located in the heart of the city and just 10 minutes from the Old Town Market Square, is part of the award-winning and futuristic OVO Wroclaw complex, which houses exclusive shops, a health center, a spa, and restaurants. Your stay in a modern guest room includes a comfortable bed, ergonomic workspace, flat-screen TV, and WiFi. You can also choose a Suite that offers extra space, upgraded amenities, beautiful views of Słowacki Park, and access to the Executive Lounge with snacks, drinks, and Happy Hours. Enjoy relaxed all-day dining at Ovo Bar & Restaurant, our on-site all-day dining restaurant located on the lobby level. A social hotspot from morning till night, the restaurant also offers breakfast and room service.",Sleep Quality,4.8,Location,4.7,Rooms,4.7,Service,4.5,Value,4.4,Cleanliness,4.8
277623,Lower Silesia Province,Hotel Mercure Wroclaw Centrum,51.108833,17.039581,4.3,1399,923,$$,"['Restaurant', 'Internet', 'Room service', 'Free Internet', 'Wifi', 'Free Wifi', 'Business center', 'Meeting rooms', 'Wheelchair access', 'Bar/Lounge', 'Non-smoking rooms', 'Family Rooms', 'Public Wifi', 'Dry Cleaning', 'Laundry Service', 'Banquet Room', 'Air conditioning', 'Suites', 'Multilingual Staff', 'Minibar', 'Safe', 'Flatscreen TV', 'Breakfast Buffet', 'Breakfast Available', 'Parking', 'Facilities for Disabled Guests', 'Housekeeping', 'Baggage Storage', 'Bath / Shower', 'Breakfast in the Room', '24-Hour Check-in', 'Express Check-in / Check-out', 'Complimentary Tea', 'Desk', 'English', 'Complimentary Toiletries', '24-Hour Front Desk', 'German', 'Hair Dryer', 'Laptop Safe', 'Polish', 'Paid Public Parking Nearby', 'Taxi Service', 'Conference Facilities', 'Allergy-free Room', 'ATM On Site', 'Bicycle Rental', 'Board Games / Puzzles', 'Books, DVDs, Music for Children', 'Bottled Water', 'Bridal Suite', 'Car Hire', ""Children's Television Networks"", 'Couples Massage', 'Facial Treatments', 'First Aid Kit', 'Foot Bath', 'Foot Massage', 'Complimentary Instant Coffee', 'Free Wifi in the Business Center', 'Full Body Massage', 'Hand Massage', 'Happy Hour', 'Head Massage', 'Highchairs Available', 'Indoor Play Area for Children', 'Ironing Service', ""Kids' Meals"", 'Kid-Friendly Buffet', 'Landmark View', 'Manicure', 'Massage', 'Neck Massage', 'Newspaper', 'Outdoor Furniture', 'Parking Garage', 'Pedicure', 'Paid Public Parking On-site', 'Shared Lounge / TV Area', 'Shoeshine', 'Sofa Bed', 'Soundproof Rooms', 'Special Diet Menus', 'Sun Terrace', 'Telephone', 'VIP Room Facilities']","['Mid-range', 'Quiet']","[{'name': 'business', 'localized_name': 'Business', 'value': '418'}, {'name': 'couples', 'localized_name': 'Couples', 'value': '375'}, {'name': 'solo', 'localized_name': 'Solo travel', 'value': '92'}, {'name': 'family', 'localized_name': 'Family', 'value': '257'}, {'name': 'friends', 'localized_name': 'Friends getaway', 'value': '181'}]",Wroclaw,Poland,109.0,9.0,27.0,29.0,117.0,507.0,721.0,Mercure,"A bustling city center with a phenomenal Market Square, where the small residents of Wroclaw – the famous gnomes – hide in the nooks and crannies. Inspired by their charm, we’ve created a place that will delight everyone – from couples in love, who can enjoy our beautiful, comfortable rooms, to guest spaces designed for families with children and their pets. There is no better place to celebrate business or simply relax. All this is just a few minutes' walk from the center. We are also inspired by the Discover Local program. At Mercure, we are committed to offering our guests genuine and locally immersive experiences that go beyond traditional hospitality – and our hotel is no exception. Whether it’s the design, atmosphere, or flavors at our Winestone restaurant, you’ll find touches of Wroclaw’s unique character throughout your stay. And to make it even more memorable, enjoy a delicious meal at Winestone – a restaurant that will impress even connoisseurs.",Location,4.7,Sleep Quality,4.3,Rooms,4.3,Service,4.4,Value,4.2,Cleanliness,4.6
277624,Lower Silesia Province,Novotel Wroclaw City,51.068405,17.008179,4.9,423,344,$,"['Internet', 'Kids Activities', 'Shuttle Bus Service', 'Room service', 'Free Internet', 'Wheelchair access', 'Restaurant', 'Bar/Lounge', 'Pets Allowed', 'Airport transportation', 'Wifi', 'Public Wifi', 'Free Wifi', 'Dry Cleaning', 'Meeting rooms', 'Non-smoking rooms', 'Business center', 'Fitness center', 'Laundry Service', 'Banquet Room', 'Air conditioning', 'Family Rooms', 'Multilingual Staff', 'Accessible rooms', 'Conference Facilities', 'Non-smoking hotel', 'Safe', 'Flatscreen TV', 'Breakfast Buffet', 'Breakfast Available', 'Parking', 'Facilities for Disabled Guests', 'Housekeeping', 'Kids Stay Free', 'Badminton', 'Baggage Storage', 'Bath / Shower', 'Blackout Curtains', 'Bottled Water', 'Breakfast in the Room', '24-Hour Check-in', 'Express Check-in / Check-out', ""Children's Playground"", 'Complimentary Tea', 'Desk', 'English', '24-Hour Front Desk', 'German', 'Gift Shop', 'Ironing Service', ""Kids' Meals"", ""Kids' Outdoor Play Equipment"", 'Outdoor Dining Area', 'Polish', 'Private Check-in / Check-out', 'Paid Private Parking On-site', '24-Hour Security', 'Taxi Service', 'Video Game Console', 'Wake Up Service / Alarm Clock']","['Mid-range', 'Quiet']","[{'name': 'business', 'localized_name': 'Business', 'value': '238'}, {'name': 'couples', 'localized_name': 'Couples', 'value': '31'}, {'name': 'solo', 'localized_name': 'Solo travel', 'value': '19'}, {'name': 'family', 'localized_name': 'Family', 'value': '76'}, {'name': 'friends', 'localized_name': 'Friends getaway', 'value': '20'}]",Wroclaw,Poland,109.0,1.0,3.0,2.0,4.0,24.0,390.0,Novotel,,Location,4.7,Sleep Quality,4.7,Rooms,4.7,Service,4.8,Value,4.7,Cleanliness,4.9
12553141,Lower Silesia Province,Ac Hotel Wroclaw,51.10769,17.02703,4.4,247,375,$$$,"['Pool', 'Internet', 'Suites', 'Free Internet', 'Wheelchair access', 'Restaurant', 'Bar/Lounge', 'Pets Allowed', 'Spa', 'Wifi', 'Public Wifi', 'Free Wifi', 'Dry Cleaning', 'Meeting rooms', 'Non-smoking rooms', 'Business center', 'Fitness center', 'Laundry Service', 'Banquet Room', 'Air conditioning', 'Multilingual Staff', 'Accessible rooms', 'Minibar', 'Non-smoking hotel', 'Safe', 'Heated pool', 'Breakfast Buffet', 'Private Balcony', 'Indoor pool', 'Housekeeping', 'Sauna', 'Baggage Storage', 'Bath / Shower', 'Bathrobes', 'Bicycle Rental', 'Blackout Curtains', 'Bottled Water', 'Breakfast in the Room', '24-Hour Check-in', 'Coffee / Tea Maker', 'Desk', 'English', 'Fitness / Spa Locker Rooms', 'Complimentary Toiletries', 'Hair Dryer', 'Iron', 'Massage', 'Pool / Beach Towels', 'Room service', 'Airport transportation', 'Hot Tub', 'Concierge', 'Family Rooms', 'Conference Facilities', 'Flatscreen TV', 'Breakfast Available', 'Parking', 'Facilities for Disabled Guests', 'Kids Stay Free', 'Air Purifier', 'Bidet', 'Bicycles Available', 'Books, DVDs, Music for Children', 'Cable / Satellite TV', 'Car Hire', 'Express Check-in / Check-out', 'Clothes Rack', 'Convenience Store', 'Electric Kettle', 'Evening Entertainment', 'Facial Treatments', 'First Aid Kit', 'Complimentary Instant Coffee', 'Free Wifi in the Business Center', '24-Hour Front Desk', 'Full Body Massage', 'German', 'Head Massage', 'Highchairs Available', 'Ironing Service', 'Laptop Safe', 'Neck Massage', 'Outdoor Dining Area', 'Outdoor Furniture', 'Patio', 'Polish', 'Private Check-in / Check-out', 'Paid Private Parking Nearby', 'Radio', 'Seating Area', 'Secured Parking', 'Shared Lounge / TV Area', 'Shoeshine', 'Sofa', 'Sofa Bed', 'Soundproof Rooms', 'Spanish', 'Special Diet Menus', 'Steam Room', 'Swimming Pool Toys', 'Taxi Service', 'Telephone', 'Ukrainian', 'Umbrella', 'Wake Up Service / Alarm Clock', 'Walk-in Shower', 'Walking Tours', 'Wardrobe / Closet', 'Wine / Champagne', 'Photo Copier / Fax In Business Center', 'Yoga Room']","['Mid-range', 'City View']","[{'name': 'business', 'localized_name': 'Business', 'value': '53'}, {'name': 'couples', 'localized_name': 'Couples', 'value': '78'}, {'name': 'solo', 'localized_name': 'Solo travel', 'value': '15'}, {'name': 'family', 'localized_name': 'Family', 'value': '49'}, {'name': 'friends', 'localized_name': 'Friends getaway', 'value': '18'}]",Wroclaw,Poland,109.0,17.0,11.0,3.0,14.0,62.0,157.0,AC Hotels (Marriott Bonvoy),5 - stars hotel located in the old town and city center of Wroclaw.,Location,4.7,Sleep Quality,4.6,Rooms,4.7,Service,4.5,Value,4.4,Cleanliness,4.8
9763242,Lower Silesia Province,ibis Wroclaw Centrum,51.09853,17.02415,4.6,765,475,$,"['Internet', 'Kids Activities', 'Shuttle Bus Service', 'Room service', 'Free Internet', 'Wheelchair access', 'Restaurant', 'Bar/Lounge', 'Pets Allowed', 'Airport transportation', 'Wifi', 'Public Wifi', 'Free Wifi', 'Dry Cleaning', 'Meeting rooms', 'Non-smoking rooms', 'Business center', 'Fitness center', 'Laundry Service', 'Air conditioning', 'Multilingual Staff', 'Non-smoking hotel', 'Safe', 'Flatscreen TV', 'Breakfast Buffet', 'Breakfast Available', 'Parking', 'Facilities for Disabled Guests', 'Housekeeping', 'Kids Stay Free', 'Sauna', 'Baggage Storage', 'Bicycle Rental', 'Board Games / Puzzles', 'Bottled Water', 'Express Check-in / Check-out', ""Children's Television Networks"", 'Coffee Shop', 'Desk', 'English', '24-Hour Front Desk', 'Game Room', 'German', 'Hair Dryer', 'Highchairs Available', 'Indoor Play Area for Children', 'Ironing Service', 'Patio', 'Polish', 'Paid Private Parking On-site', 'Paid Public Parking Nearby', 'Secured Parking', 'Shared Lounge / TV Area', 'Snack Bar', 'Taxi Service', 'Telephone', 'Video Game Console', 'Wake Up Service / Alarm Clock']","['Mid-range', 'Trendy']","[{'name': 'business', 'localized_name': 'Business', 'value': '182'}, {'name': 'couples', 'localized_name': 'Couples', 'value': '259'}, {'name': 'solo', 'localized_name': 'Solo travel', 'value': '59'}, {'name': 'family', 'localized_name': 'Family', 'value': '132'}, {'name': 'friends', 'localized_name': 'Friends getaway', 'value': '101'}]",Wroclaw,Poland,109.0,6.0,8.0,7.0,33.0,215.0,502.0,Accor Live Limitless (ALL),,Location,4.5,Sleep Quality,4.5,Rooms,4.5,Service,4.6,Value,4.5,Cleanliness,4.7
284634,Lower Silesia Province,Qubus Hotel Wroclaw,51.10907,17.03524,4.1,630,242,$$,"['Pool', 'Restaurant', 'Fitness center', 'Business center', 'Internet', 'Room service', 'Free Internet', 'Wifi', 'Free Wifi', 'Pets Allowed', 'Bar/Lounge', 'Wheelchair access', 'Suites', 'Spa', 'Public Wifi', 'Dry Cleaning', 'Meeting rooms', 'Non-smoking rooms', 'Laundry Service', 'Air conditioning', 'Multilingual Staff', 'Accessible rooms', 'Minibar', 'Conference Facilities', 'Non-smoking hotel', 'Heated pool', 'Flatscreen TV', 'Breakfast Buffet', 'Indoor pool', 'Breakfast Available', 'Housekeeping', 'English', '24-Hour Front Desk', 'Polish', 'Shoeshine', 'Kids Activities', 'Family Rooms', 'Facilities for Disabled Guests', 'Sauna', 'Baggage Storage', '24-Hour Check-in', 'Clothes Rack', 'First Aid Kit', 'Complimentary Toiletries', 'Gift Shop', 'Highchairs Available', 'Interconnected room(s) available', 'Newspaper', 'Private Bathrooms', 'Paid Public Parking Nearby', 'Telephone', 'Wake Up Service / Alarm Clock', 'Wardrobe / Closet']","['Mid-range', 'Quiet']","[{'name': 'business', 'localized_name': 'Business', 'value': '169'}, {'name': 'couples', 'localized_name': 'Couples', 'value': '188'}, {'name': 'solo', 'localized_name': 'Solo travel', 'value': '36'}, {'name': 'family', 'localized_name': 'Family', 'value': '93'}, {'name': 'friends', 'localized_name': 'Friends getaway', 'value': '99'}]",Wroclaw,Poland,109.0,20.0,13.0,23.0,102.0,268.0,224.0,,"Welcome to Qubus Hotel Wrocław, located in the center of the city just 150 meters away from the Town Square in Wrocław. This makes the Hotel a perfect place to rest for both people traveling on business and for families planning to see the sights. Qubus Hotel Wrocław offers its Guests accommodation in luxurious rooms in classical and modern style with free Internet access. The Hotel also offers a professional Fitness Centre with a pool, sauna, hot tub, and a gym. People traveling on business can work in the Business Centre at the Hotel furnished with office equipment. The Hotel is located nearby Galeria Dominikanska, where the Guests may use the rich shopping and service offer. The accommodation and recreational offer is complemented by the stylish ""Maria Magdalena"" restaurant, where the Guest can enjoy dishes from all over the world and delicious breakfasts consisting of over 100 products.",Location,4.9,Sleep Quality,4.1,Rooms,4.0,Service,4.3,Value,4.0,Cleanliness,4.3
4011143,Podlaskie Province,Hotel Great Polonia Velvet Suwalki,54.106808,22.928354,4.4,79,53,$,"['Internet', 'Wheelchair access', 'Restaurant', 'Spa', 'Wifi', 'Public Wifi', 'Free Wifi', 'Non-smoking rooms', 'Suites', 'Banquet Room', 'Minibar', 'Breakfast Buffet', 'Breakfast Available', 'Kids Activities', 'Room service', 'Free Internet', 'Dry Cleaning', 'Meeting rooms', 'Hot Tub', 'Business center', 'Fitness center', 'Laundry Service', 'Air conditioning', 'Accessible rooms', 'Non-smoking hotel', 'Safe', 'Flatscreen TV', 'Housekeeping', 'Sauna', 'Baggage Storage', 'Bottled Water', 'Bridal Suite', 'Coffee Shop', 'Coffee / Tea Maker', 'Desk', 'English', '24-Hour Front Desk', 'Full Body Massage', 'Hair Dryer', 'Ironing Service', ""Kids' Meals"", 'Massage', 'Newspaper', 'Parking Garage', 'Polish', 'Paid Public Parking On-site', 'Secured Parking', 'Soundproof Rooms', 'Special Diet Menus', 'Steam Room', 'Street Parking', 'Sun Terrace', 'Vending Machine', 'Wine / Champagne']","['Quaint', 'Trendy']","[{'name': 'business', 'localized_name': 'Business', 'value': '26'}, {'name': 'couples', 'localized_name': 'Couples', 'value': '22'}, {'name': 'solo', 'localized_name': 'Solo travel', 'value': '3'}, {'name': 'family', 'localized_name': 'Family', 'value': '14'}, {'name': 'friends', 'localized_name': 'Friends getaway', 'value': '5'}]",Suwalki,Poland,10.0,2.0,1.0,1.0,3.0,31.0,43.0,,"Velvet*** Hotel is located in the center of Suwalki. For our Guests, we have 28 rooms and an elegant apartment with free wireless Internet access. Please, take a moment to a look at our offer. Velvet*** Hotel is a new conference and banquet center where the quality of all hotel services is based on the highest international standards. Some of our advantages are: * Comfortable furnishing in every room * Air-conditioning * Monitored parking lot and underground garage * High speed internet in every room * 32'' TV * Restaurant * Breakfast available on site * SPA - massage, dry and steam sauna, jacuzzi, fitness room etc. * 24H Front Desk with the possibility to use fax and copier.",Location,4.7,Sleep Quality,4.7,Rooms,4.6,Service,4.5,Value,4.2,Cleanliness,4.9
10782794,Podlaskie Province,Suwalki Centrum Pokoje,54.09908,22.9299,,0,0,,['Kids Activities'],[],"[{'name': 'business', 'localized_name': 'Business', 'value': '0'}, {'name': 'couples', 'localized_name': 'Couples', 'value': '0'}, {'name': 'solo', 'localized_name': 'Solo travel', 'value': '0'}, {'name': 'family', 'localized_name': 'Family', 'value': '0'}, {'name': 'friends', 'localized_name': 'Friends getaway', 'value': '0'}]",Suwalki,Poland,,,,,,,,,,,,,,,,,,,,,
8387269,Podlaskie Province,Hotel Loft 1898,54.115067,22.935606,4.7,173,183,$$,"['Internet', 'Kids Activities', 'Room service', 'Free Internet', 'Free parking', 'Wheelchair access', 'Restaurant', 'Bar/Lounge', 'Pets Allowed', 'Spa', 'Wifi', 'Free Wifi', 'Meeting rooms', 'Non-smoking rooms', 'Business center', 'Banquet Room', 'Air conditioning', 'Accessible rooms', 'Flatscreen TV', 'Breakfast Buffet', 'Breakfast Available', 'Sauna', 'Bath / Shower', 'Suites', 'Breakfast included', 'Dry Cleaning', 'Fitness center', 'Laundry Service', 'Family Rooms', 'Multilingual Staff', 'Conference Facilities', 'Non-smoking hotel', 'Safe', 'Electric vehicle charging station', 'Baggage Storage', 'Bicycle Rental', 'Billiards', 'Breakfast in the Room', 'Canoeing', 'Canoeing Off-site', 'Darts', 'Desk', 'Diving', 'English', 'First Aid Kit', 'Fishing', '24-Hour Front Desk', 'Hammam', 'Hiking', 'Ironing Service', 'Parking Garage', 'Polish', 'Private Check-in / Check-out', 'Skiing', 'Soundproof Rooms', 'Special Diet Menus', 'Sun Terrace', 'Table Tennis', 'Telephone', 'Windsurfing']","['Quaint', 'Trendy']","[{'name': 'business', 'localized_name': 'Business', 'value': '52'}, {'name': 'couples', 'localized_name': 'Couples', 'value': '44'}, {'name': 'solo', 'localized_name': 'Solo travel', 'value': '9'}, {'name': 'family', 'localized_name': 'Family', 'value': '49'}, {'name': 'friends', 'localized_name': 'Friends getaway', 'value': '7'}]",Suwalki,Poland,10.0,1.0,1.0,2.0,5.0,37.0,128.0,,"Finding an ideal family-friendly hotel in Suwalki does not have to be difficult. Welcome to Hotel Loft 1898, a nice option for travelers like you.
Rooms at Hotel Loft 1898 provide a flat screen TV, air conditioning, and a desk, and guests can stay connected with free wifi.
In addition, while staying at Hotel Loft 1898 guests have access to a 24 hour front desk, room service, and baggage storage. You can also enjoy a fitness center and breakfast. Need a place to park? Free parking is available at Hotel Loft 1898.
While in Suwalki be sure to experience local dumplings  favorites at Karczma Polska Restaurant.
Should time allow, Karting Plaza and Suwalki Cultural Paths are some popular attractions that are within walking distance.
Hotel Loft 1898 looks forward to welcoming you on your visit to Suwalki.
",Sleep Quality,4.8,Location,4.2,Rooms,4.8,Service,4.5,Value,4.6,Cleanliness,4.7
4557505,Podlaskie Province,Hancza Hotel,54.09236,22.92854,2.4,22,3,,"['Kids Activities', 'Restaurant', 'Pets Allowed', 'Fitness center', 'Non-smoking hotel']","['Family', 'Budget']","[{'name': 'business', 'localized_name': 'Business', 'value': '4'}, {'name': 'couples', 'localized_name': 'Couples', 'value': '1'}, {'name': 'solo', 'localized_name': 'Solo travel', 'value': '3'}, {'name': 'family', 'localized_name': 'Family', 'value': '3'}, {'name': 'friends', 'localized_name': 'Friends getaway', 'value': '6'}]",Suwalki,Poland,11.0,7.0,11.0,1.0,3.0,4.0,3.0,,,Location,3.8,Sleep Quality,3.3,Rooms,2.4,Service,2.8,Value,3.0,Cleanliness,2.5
4932574,Podlaskie Province,Akvilon Hotel,54.09387,22.929281,4.5,31,51,$$,"['Internet', 'Suites', 'Free Internet', 'Free parking', 'Wheelchair access', 'Wifi', 'Free Wifi', 'Breakfast included', 'Non-smoking rooms', 'Kids Activities', 'Room service', 'Restaurant', 'Bar/Lounge', 'Pets Allowed', 'Meeting rooms', 'Laundry Service', 'Air conditioning', 'Refrigerator in room', 'Non-smoking hotel', 'Safe', 'Flatscreen TV', 'Housekeeping', 'Sauna', 'Baggage Storage', 'Bath / Shower', 'Bicycle Rental', 'Breakfast in the Room', 'Bridal Suite', 'Desk', 'English', 'Extra Long Beds', 'Complimentary Toiletries', '24-Hour Front Desk', 'German', 'Hair Dryer', 'Highchairs Available', 'Iron', 'Ironing Service', 'Massage', 'Polish', 'Private Check-in / Check-out', 'Secured Parking', 'Soundproof Rooms', 'Special Diet Menus', 'Street Parking', 'Sun Terrace', 'Telephone', 'Wake Up Service / Alarm Clock']","['Quaint', 'Trendy']","[{'name': 'business', 'localized_name': 'Business', 'value': '11'}, {'name': 'couples', 'localized_name': 'Couples', 'value': '6'}, {'name': 'solo', 'localized_name': 'Solo travel', 'value': '4'}, {'name': 'family', 'localized_name': 'Family', 'value': '4'}, {'name': 'friends', 'localized_name': 'Friends getaway', 'value': '3'}]",Suwalki,Poland,10.0,3.0,1.0,1.0,1.0,7.0,21.0,,"Everyone needs a place to lay their weary head. For travelers visiting Suwalki, Akvilon Hotel is an excellent choice for rest and rejuvenation. Well-known for its family-friendly environment and proximity to great restaurants and attractions, Akvilon Hotel makes it easy to enjoy the best of Suwalki.
The rooms offer a flat screen TV, a refrigerator, and air conditioning, and getting online is possible, as free wifi is available, allowing you to rest and refresh with ease.
Akvilon Hotel features a 24 hour front desk, room service, and baggage storage. In addition, as a valued Akvilon Hotel guest, you can enjoy free breakfast that is available on-site. Guests arriving by vehicle have access to free parking.
While visiting Suwalki, you may want to try some dumplings  at one of the nearby restaurants, such as Karczma Polska Restaurant.
Plus, during your trip, don't forget to check out a history museum, such as Konopnicka Museum.
Whether you’re traveling for business, pleasure or both, Akvilon Hotel is sure to make your visit to Suwalki one worth remembering.
",Sleep Quality,4.6,Location,4.4,Rooms,4.3,Service,4.4,Value,4.1,Cleanliness,4.6
5521691,Podlaskie Province,Hotel Szyszko,54.0828,22.939726,3.5,59,68,$$,"['Internet', 'Suites', 'Free Internet', 'Wheelchair access', 'Restaurant', 'Free Wifi', 'Breakfast included', 'Meeting rooms', 'Fitness center', 'Laundry Service', 'Banquet Room', 'Family Rooms', 'Multilingual Staff', 'Breakfast Buffet', 'Housekeeping', 'Kids Activities', 'Room service', 'Free parking', 'Pets Allowed', 'Spa', 'Wifi', 'Public Wifi', 'Hot Tub', 'Non-smoking rooms', 'Business center', 'Accessible rooms', 'Non-smoking hotel', 'Breakfast Available', 'Sauna', 'Baggage Storage']","['Trendy', 'Mid-range']","[{'name': 'business', 'localized_name': 'Business', 'value': '24'}, {'name': 'couples', 'localized_name': 'Couples', 'value': '12'}, {'name': 'solo', 'localized_name': 'Solo travel', 'value': '3'}, {'name': 'family', 'localized_name': 'Family', 'value': '10'}, {'name': 'friends', 'localized_name': 'Friends getaway', 'value': '7'}]",Suwalki,Poland,10.0,7.0,9.0,8.0,5.0,20.0,17.0,,"Hotel Szyszko is located by the national road 8, which is a part of the international Via Baltica route. This 3-star hotel offers a 24-hour front desk, private parking and rooms with free Wi-Fi. The rooms are classically decorated in beige and brown. Each comes with a flat-screen TV, a desk, and a private bathroom with a shower and a hairdryer. Hotel Szyszko features an elevator and facilities for disabled guests. It also provides luggage storage. The on-site restaurant serves a selection of regional, as well as Polish and Lithuanian dishes. Breakfast buffet is available in the mornings. Szyszko is located 3 km from the city centre. The area features numerous lakes, the closest of which, Lake Krzywe, is 6 km away. Wigry Lake, and the surrounding Wigry National Park, is within 10 km.",Sleep Quality,4.0,Location,3.2,Rooms,3.8,Service,3.8,Value,4.1,Cleanliness,4.2
2489753,Podlaskie Province,Folwark Hutta,54.10399,23.018364,4.1,57,70,$$,"['Free parking', 'Internet', 'Free Internet', 'Restaurant', 'Pets Allowed', 'Free Wifi', 'Non-smoking rooms', 'Business center', 'Laundry Service', 'Banquet Room', 'Breakfast Available', 'Kids Activities', 'Beachfront', 'Bar/Lounge', 'Wifi', 'Public Wifi', 'Meeting rooms', 'Family Rooms', 'Accessible rooms', 'Babysitting', 'Non-smoking hotel', 'Baggage Storage', 'Bath / Shower', 'BBQ Facilities', 'Bicycle Rental', 'Canoeing', 'English', 'Complimentary Toiletries', 'Hiking', ""Kids' Meals"", 'Kid-Friendly Buffet', 'Outdoor Fireplace', 'Polish', 'Skiing', 'Special Diet Menus', 'Beach Access']","['Quaint', 'Romantic']","[{'name': 'business', 'localized_name': 'Business', 'value': '7'}, {'name': 'couples', 'localized_name': 'Couples', 'value': '16'}, {'name': 'solo', 'localized_name': 'Solo travel', 'value': '0'}, {'name': 'family', 'localized_name': 'Family', 'value': '23'}, {'name': 'friends', 'localized_name': 'Friends getaway', 'value': '6'}]",Suwalki,Poland,11.0,1.0,3.0,0.0,9.0,21.0,24.0,,Folwark Hutta guesthouse is located in Suwalszczyzna. It is the purest region of Poland. Our pension is nearby the Wigry National Park and about 30 km from Poland-Lithuania borderline.It is perfect place to rest and relax. Start your day with happy stuff and delicious organic breakfast.,Location,4.6,Sleep Quality,4.2,Rooms,4.4,Service,4.1,Value,4.3,Cleanliness,4.7
1776883,Podlaskie Province,Gosciniec Jaczno,54.27421,22.866943,4.9,18,15,,"['Free parking', 'Restaurant']","['Quaint', 'Romantic']","[{'name': 'business', 'localized_name': 'Business', 'value': '2'}, {'name': 'couples', 'localized_name': 'Couples', 'value': '5'}, {'name': 'solo', 'localized_name': 'Solo travel', 'value': '0'}, {'name': 'family', 'localized_name': 'Family', 'value': '7'}, {'name': 'friends', 'localized_name': 'Friends getaway', 'value': '2'}]",Suwalki,Poland,11.0,3.0,0.0,0.0,0.0,2.0,16.0,,,Location,4.6,Sleep Quality,4.6,Rooms,4.3,Service,4.5,Value,4.9,Cleanliness,4.7
4579828,Podlaskie Province,Hotel Nad Wigrami,54.0186,23.01372,3.8,43,53,$$,"['Internet', 'Kids Activities', 'Free Internet', 'Free parking', 'Wheelchair access', 'Restaurant', 'Bar/Lounge', 'Wifi', 'Public Wifi', 'Free Wifi', 'Breakfast included', 'Non-smoking rooms', 'Tennis Court', 'Banquet Room', 'Family Rooms', 'Multilingual Staff', 'Accessible rooms', 'Conference Facilities', 'Room service', 'Meeting rooms', 'Non-smoking hotel', 'Breakfast Available']","['Quaint', 'Charming']","[{'name': 'business', 'localized_name': 'Business', 'value': '8'}, {'name': 'couples', 'localized_name': 'Couples', 'value': '9'}, {'name': 'solo', 'localized_name': 'Solo travel', 'value': '2'}, {'name': 'family', 'localized_name': 'Family', 'value': '15'}, {'name': 'friends', 'localized_name': 'Friends getaway', 'value': '2'}]",Suwalki,Poland,10.0,4.0,3.0,4.0,5.0,17.0,14.0,,"If you’re looking for a hotel in Suwalki, look no further than Hotel Nad Wigrami.
Hotel Nad Wigrami features room service, to help make your stay more enjoyable. The property also boasts breakfast. If you are driving to Hotel Nad Wigrami, free parking is available.
If you’re looking for things to do, you can check out Konopnicka Museum, which is a popular history museum amongst tourists.
The staff at Hotel Nad Wigrami looks forward to serving you during your upcoming visit.
",Location,4.2,Sleep Quality,4.2,Rooms,4.2,Service,4.1,Value,3.8,Cleanliness,4.7
3485588,Podlaskie Province,Logos Hotel,54.105675,22.928234,3.9,32,68,,"['Internet', 'Restaurant', 'Free Wifi', 'Banquet Room', 'Multilingual Staff', 'Smoking rooms available', 'Free Internet', 'Wheelchair access', 'Bar/Lounge', 'Pets Allowed', 'Wifi', 'Public Wifi', 'Meeting rooms', 'Non-smoking rooms', 'Business center', 'Family Rooms', 'Accessible rooms', 'Non-smoking hotel', 'Safe', 'Breakfast Available', 'Housekeeping', 'Bottled Water', 'Bridal Suite', 'English', '24-Hour Front Desk', ""Kids' Meals"", 'Polish', 'Paid Private Parking On-site', 'Russian', 'Salon', 'Secured Parking', 'Street Parking', 'Wine / Champagne']","['Quaint', 'Boutique']","[{'name': 'business', 'localized_name': 'Business', 'value': '8'}, {'name': 'couples', 'localized_name': 'Couples', 'value': '5'}, {'name': 'solo', 'localized_name': 'Solo travel', 'value': '3'}, {'name': 'family', 'localized_name': 'Family', 'value': '10'}, {'name': 'friends', 'localized_name': 'Friends getaway', 'value': '3'}]",Suwalki,Poland,10.0,5.0,3.0,1.0,3.0,14.0,11.0,,"Welcome to the Hotel Logos The Hotel ""Logos"" is located in the center of the historic 120 Kosciuszko Street in Suwalki. There are 66 beds in 31 rooms. The Booking service of the hotel is rated as Very Good. In the entire hotel we have a free Wi-Fi access. Operating the hotel is adjusted to accommodate guests with disabilities. Two classrooms make it possible to organize conferences, seminars and other meetings. Banquets, weddings, catering and other events. Organised by us are very popular the restaurant serves a tasty buffet breakfast. Daily we have at your disposal the Hotel bar and the Banquet halls. The level of service and the excellent location make it possible to meet in our hotel extraordinary figures from the world of media, culture and entertainment. During your stay, we offer you: • comfortable accommodation, • Free Wi-Fi Internet, • Reception open 24hour, • Garded car park, • Organizing conferences, banquets, integration stays and group stays summer terrace, • Bar and Restaurant with a choice of Polish and regional dishes, Suwalki and the surrounding area sightseeing tours (mediation), • We meet your additional wishes including breakfast in your room service, flowers for a loved one, a sweet surprise for a loved one and others, • coming to us, you can bring your dog.",Location,4.5,Sleep Quality,3.9,Rooms,3.3,Service,4.1,Value,4.0,Cleanliness,3.3
20088530,Lesser Poland Province,Bachleda Resort Zakopane,49.289734,19.957413,4.6,198,268,$$,"['Pool', 'Internet', 'Suites', 'Room service', 'Free Internet', 'Wheelchair access', 'Restaurant', 'Bar/Lounge', 'Spa', 'Wifi', 'Free Wifi', 'Dry Cleaning', 'Hot Tub', 'Fitness center', 'Laundry Service', 'Concierge', 'Multilingual Staff', 'Minibar', 'Breakfast Buffet', 'Private Balcony', 'Indoor pool', 'Sauna', 'English', 'Facial Treatments', 'Massage', 'Steam Room', 'Pets Allowed', 'Breakfast included', 'Meeting rooms', 'Non-smoking rooms', 'Air conditioning', 'Family Rooms', 'Safe', 'Parking', 'Housekeeping', 'Baggage Storage', 'Bathrobes', 'Blackout Curtains', 'Bottled Water', 'Clothes Rack', 'Coffee / Tea Maker', 'Desk', 'Foot Massage', '24-Hour Front Desk', 'Full Body Massage', 'Head Massage', 'Indoor Play Area for Children', 'Mountain View', 'Parking Garage', 'Polish', 'Pool / Beach Towels', 'Seating Area', 'Skiing', 'Sofa', 'Telephone', 'Walking Tours', 'Wardrobe / Closet']","['Charming', 'Quaint']","[{'name': 'business', 'localized_name': 'Business', 'value': '6'}, {'name': 'couples', 'localized_name': 'Couples', 'value': '102'}, {'name': 'solo', 'localized_name': 'Solo travel', 'value': '4'}, {'name': 'family', 'localized_name': 'Family', 'value': '52'}, {'name': 'friends', 'localized_name': 'Friends getaway', 'value': '18'}]",Zakopane,Poland,93.0,1.0,7.0,4.0,8.0,20.0,159.0,,"Bachleda Resort Zakopane is close to Krupówki Street. You'll find boutiques of the best designers from around the world, and the most-trending places for an evening out. Our location is also an ideal base for lovers of mountain trips. The new, five-star Residence will delight you with its warm and moody décor drawing on the most-beautiful elements of local design, comfortable rooms and an elegant Spa & Wellness zone.",Location,4.8,Sleep Quality,4.8,Rooms,4.8,Service,4.7,Value,4.7,Cleanliness,4.9
17165609,Lesser Poland Province,"Radisson Blu Hotel & Residences, Zakopane",49.29238,19.96673,4.1,516,438,$$,"['Pool', 'Internet', 'Kids Activities', 'Shuttle Bus Service', 'Suites', 'Room service', 'Free Internet', 'Wheelchair access', 'Restaurant', 'Bar/Lounge', 'Pets Allowed', 'Spa', 'Wifi', 'Free Wifi', 'Dry Cleaning', 'Meeting rooms', 'Hot Tub', 'Non-smoking rooms', 'Business center', 'Fitness center', 'Laundry Service', 'Concierge', 'Banquet Room', 'Air conditioning', 'Family Rooms', 'Accessible rooms', 'Minibar', 'Conference Facilities', 'Non-smoking hotel', 'Safe', 'Heated pool', 'Flatscreen TV', 'Breakfast Buffet', 'Indoor pool', 'Kids pool', 'Adult pool', 'Breakfast Available', 'Facilities for Disabled Guests', 'Housekeeping', 'Sauna', 'ATM On Site', 'Baggage Storage', 'Bath / Shower', 'Blackout Curtains', 'Bottled Water', 'Cable / Satellite TV', 'Car Hire', '24-Hour Check-in', ""Children's Television Networks"", 'Clothes Rack', 'Complimentary Tea', 'Desk', 'English', 'First Aid Kit', 'Fitness / Spa Locker Rooms', 'Free Public Parking Nearby', 'Complimentary Instant Coffee', 'Complimentary Toiletries', 'Free Wifi in the Business Center', '24-Hour Front Desk', 'Full Body Massage', 'Game Room', 'German', 'Hair Dryer', 'Hiking', 'Indoor Play Area for Children', 'Iron', 'Ironing Service', ""Kids' Meals"", 'Kid-Friendly Buffet', 'Laptop Safe', 'Mountain View', 'Newspaper', 'Parking Garage', 'Personal Trainer', 'Polish', 'Pool / Beach Towels', 'Pool with View', 'Private Bathrooms', 'Paid Private Parking On-site', 'Paid Public Parking Nearby', 'Seating Area', '24-Hour Security', 'Shops', 'Skiing', 'Special Diet Menus', 'Squash', 'Steam Room', 'Taxi Service', 'Telephone', 'Tile / Marble Floor', 'Ukrainian', 'Video Game Console', 'Wake Up Service / Alarm Clock', 'Walking Tours', 'Wardrobe / Closet']","['Charming', 'Family']","[{'name': 'business', 'localized_name': 'Business', 'value': '18'}, {'name': 'couples', 'localized_name': 'Couples', 'value': '113'}, {'name': 'solo', 'localized_name': 'Solo travel', 'value': '7'}, {'name': 'family', 'localized_name': 'Family', 'value': '280'}, {'name': 'friends', 'localized_name': 'Friends getaway', 'value': '12'}]",Zakopane,Poland,93.0,7.0,29.0,31.0,58.0,122.0,276.0,Radisson Blu,"Experience the best of Zakopane and stay close to both the city center and the Tatra Mountains in the new, family-friendly Radisson Blu Hotel & Residences offering ultimate comfort and convenience. Guests can freely use the fully equipped gym available 24/7, enjoy the hotel restaurant Roots Restaurant, and take advantage of a comprehensive wellness and spa offer. Spacious rooms with scenic views All 158 rooms and 68 residences have modern amenities, and the soothing interiors will make you feel at home whether you're staying for one night or an extended trip. From the windows, you can enjoy breathtaking views of the Tatra Mountains. The hotel offers Standard and Premium Rooms as well as Family Rooms and Apartments, each with free high-speed Wi-Fi. Wellness, events, and local flavor Delight in the local cuisine at our chic on-site restaurant, or visit our Scottish Bar for crafty drinks in a cozy setting.",Location,4.6,Sleep Quality,4.5,Rooms,4.4,Service,4.3,Value,4.1,Cleanliness,4.5
9808341,Lesser Poland Province,Hotel Logos Zakopane,49.28964,19.954617,4.4,133,186,$$,"['Internet', 'Wheelchair access', 'Restaurant', 'Bar/Lounge', 'Spa', 'Wifi', 'Free Wifi', 'Breakfast included', 'Meeting rooms', 'Non-smoking rooms', 'Banquet Room', 'Multilingual Staff', 'Conference Facilities', 'Non-smoking hotel', 'Breakfast Buffet', 'Private Balcony', 'Baggage Storage', 'English', 'Polish', 'Kids Activities', 'Suites', 'Room service', 'Free Internet', 'Pets Allowed', 'Dry Cleaning', 'Hot Tub', 'Business center', 'Fitness center', 'Laundry Service', 'Family Rooms', 'Accessible rooms', 'French', 'German', 'Paid Private Parking On-site', 'Russian', 'Skiing', 'Ukrainian']","['Charming', 'Classic']","[{'name': 'business', 'localized_name': 'Business', 'value': '10'}, {'name': 'couples', 'localized_name': 'Couples', 'value': '40'}, {'name': 'solo', 'localized_name': 'Solo travel', 'value': '7'}, {'name': 'family', 'localized_name': 'Family', 'value': '45'}, {'name': 'friends', 'localized_name': 'Friends getaway', 'value': '16'}]",Zakopane,Poland,93.0,12.0,3.0,7.0,8.0,29.0,86.0,,"The LOGOS*** Hotel in Zakopane is a unique combination of architectonic style of a region and modern decor with elements of the Goralian folk. This is a high standard place with unique atmosphere, where old polish and Goralian cuisine is served in new edition. The Hotel is situated in the center of Zakopane, near to the Krupowki Street and offers 54 comfortable rooms, Spa zone, restaurant and conference rooms.",Location,4.8,Sleep Quality,4.5,Rooms,4.3,Service,4.4,Value,4.4,Cleanliness,4.6
7332037,Lesser Poland Province,Aries Hotel & Spa Zakopane,49.294197,19.949451,4.6,722,953,$$$,"['Internet', 'Wifi', 'Free Wifi', 'Pool', 'Kids Activities', 'Suites', 'Room service', 'Wheelchair access', 'Restaurant', 'Bar/Lounge', 'Spa', 'Airport transportation', 'Breakfast included', 'Dry Cleaning', 'Meeting rooms', 'Hot Tub', 'Non-smoking rooms', 'Business center', 'Fitness center', 'Laundry Service', 'Concierge', 'Banquet Room', 'Air conditioning', 'Family Rooms', 'Multilingual Staff', 'Accessible rooms', 'Minibar', 'Conference Facilities', 'Babysitting', 'Non-smoking hotel', 'Safe', 'Heated pool', 'Flatscreen TV', 'Breakfast Buffet', 'Private Balcony', 'Indoor pool', 'Breakfast Available', 'Sauna', 'Baggage Storage', 'Bathrobes', 'Bridal Suite', 'Couples Massage', 'English', 'Facial Treatments', 'Fitness / Spa Locker Rooms', 'Foot Massage', '24-Hour Front Desk', 'Full Body Massage', 'German', 'Ironing Service', 'Massage', 'Polish', 'Paid Private Parking On-site', 'Salon', 'Skiing', 'Steam Room', 'Free Internet', 'Outdoor pool']","['Charming', 'Trendy']","[{'name': 'business', 'localized_name': 'Business', 'value': '37'}, {'name': 'couples', 'localized_name': 'Couples', 'value': '292'}, {'name': 'solo', 'localized_name': 'Solo travel', 'value': '14'}, {'name': 'family', 'localized_name': 'Family', 'value': '198'}, {'name': 'friends', 'localized_name': 'Friends getaway', 'value': '109'}]",Zakopane,Poland,93.0,3.0,27.0,12.0,34.0,112.0,537.0,,"Aries Hotel & Spa Zakopane is an excellent choice for travelers visiting Zakopane, offering a romantic environment alongside many helpful amenities designed to enhance your stay. Nearby landmarks such as Upside Down House (Dom Do Gory Nogami) (0.2 mi) and Shrine of Our Lady of Fatima (1.4 mi) make Aries Hotel & Spa a great place to stay when visiting Zakopane. You’ll enjoy relaxing rooms that offer a flat screen TV, air conditioning, and a minibar, and you can stay connected during your stay as Aries Hotel & Spa offers guests free wifi. The hotel features a concierge and room service. Plus, Aries Hotel & Spa offers a pool and free breakfast, providing a pleasant respite from your busy day. For guests with a vehicle, there is paid private parking available on-site. While visiting Zakopane, you may want to try some ribs at one of the nearby restaurants, such as Karczma Po Zboju, Restauracja Owczarnia, or Stek Chalupa. Plus, during your trip, don’t forget to check out some of the popular history museums, such as Willa Koliba - Zakopane Style Museum, Tatra Mountains Museum, and Tatra Museum - Kornel Makuszynski Museum. Enjoy your stay in Zakopane!",Location,4.9,Sleep Quality,4.6,Rooms,4.7,Service,4.5,Value,4.5,Cleanliness,4.8
277663,Lesser Poland Province,Bachleda Hotel Kasprowy,49.294365,19.931334,4.2,1668,782,$$,"['Pool', 'Internet', 'Free Internet', 'Wifi', 'Free Wifi', 'Restaurant', 'Room service', 'Kids Activities', 'Ski-In / Ski-Out', 'Wheelchair access', 'Bar/Lounge', 'Pets Allowed', 'Meeting rooms', 'Non-smoking rooms', 'Fitness center', 'Banquet Room', 'Multilingual Staff', 'Babysitting', 'Public Wifi', 'Dry Cleaning', 'Business center', 'Laundry Service', 'Concierge', 'Family Rooms', 'Conference Facilities', 'Shuttle Bus Service', 'Suites', 'Accessible rooms', 'Safe', 'Heated pool', 'Flatscreen TV', 'Breakfast Buffet', 'Private Balcony', 'Indoor pool', 'Outdoor pool', 'Breakfast Available', 'Parking', 'Facilities for Disabled Guests', 'Kids Club', 'Sauna', 'Baggage Storage', 'English', 'Fitness / Spa Locker Rooms', '24-Hour Front Desk', 'German', 'Indoor Play Area for Children', 'Ironing Service', 'Polish', 'Skiing', 'Ski Rentals', 'Steam Room', 'Paid Private Parking On-site']","['Classic', 'Green']","[{'name': 'business', 'localized_name': 'Business', 'value': '221'}, {'name': 'couples', 'localized_name': 'Couples', 'value': '425'}, {'name': 'solo', 'localized_name': 'Solo travel', 'value': '42'}, {'name': 'family', 'localized_name': 'Family', 'value': '722'}, {'name': 'friends', 'localized_name': 'Friends getaway', 'value': '174'}]",Zakopane,Poland,93.0,6.0,51.0,75.0,241.0,503.0,798.0,,"Bachleda Hotel Kasprowy is famous for its breathtaking views of the Tatras panorama. Situated on the sunny slope of the Szymoszkowa clearing, it offers unlimited possibilities for an active or relaxing stay. It's the only hotel in Zakopane located directly next to the ski slope and seasonal geothermal pools. Bachleda Hotel Kasprowy offers 288 rooms, 12 fully furnished conference rooms for 1,150 guests as well as three restaurants, a bar and disco. After an active day, you can use the pool, sauna, fitness centre, beauty parlour, children club for the little ones.",Location,4.4,Sleep Quality,4.1,Rooms,4.0,Service,4.0,Value,3.9,Cleanliness,4.2
1743726,Lesser Poland Province,Apartamenty ApartArt Zakopane,49.287823,19.958923,4.6,93,110,$,"['Internet', 'Suites', 'Wheelchair access', 'Kitchenette', 'Wifi', 'Free Wifi', 'Non-smoking rooms', 'Family Rooms', 'Multilingual Staff', 'Microwave', 'Refrigerator in room', 'Skiing', 'Ski-In / Ski-Out', 'Free Internet', 'Free parking', 'Airport transportation', 'Laundry Service', 'Self-Serve Laundry', 'Accessible rooms', 'Non-smoking hotel', 'Flatscreen TV', 'Breakfast Available', 'Facilities for Disabled Guests', 'Baggage Storage', 'Bath / Shower', 'BBQ Facilities', 'Bicycle Rental', 'Blackout Curtains', 'Board Games / Puzzles', 'Cable / Satellite TV', 'Express Check-in / Check-out', ""Children's Television Networks"", 'Clothes Rack', 'Desk', 'Dishwasher', 'Electric Kettle', 'English', 'Fireplace', 'Free Private Parking Nearby', 'Hair Dryer', 'Hiking', 'Iron', ""Kids' Outdoor Play Equipment"", 'Kitchenware', 'Mountain View', 'Polish', 'Private Bathrooms', 'Private Check-in / Check-out', 'Seating Area', 'Shops', 'Sofa', 'Stovetop', 'Street Parking', 'Wardrobe / Closet', 'Washing Machine']","['Modern', 'Quaint']","[{'name': 'business', 'localized_name': 'Business', 'value': '1'}, {'name': 'couples', 'localized_name': 'Couples', 'value': '7'}, {'name': 'solo', 'localized_name': 'Solo travel', 'value': '1'}, {'name': 'family', 'localized_name': 'Family', 'value': '53'}, {'name': 'friends', 'localized_name': 'Friends getaway', 'value': '14'}]",Zakopane,Poland,1020.0,2.0,1.0,2.0,7.0,15.0,68.0,,"Apartamenty ApartArt Zakopane are situated in the heart of Zakopane, between Krupowki Street and Wielka Krokiew Ski Jump and are very convenient for skiers and guests wanting to explore the mountain and the city. All are fully equipped with kitchenettes, seating areas, satellite TV and internet access. In the bathroom you will find ironing facilities and hair drier. You can also benefit from free parking, small playground for children and common washing machine. The friendly staff of Apartamenty ApartArt will order for you airport shuttles and help you to organize trips to attractive destinations. Couples and families with children like our place.",Location,4.9,Sleep Quality,4.5,Rooms,4.5,Service,4.6,Value,4.5,Cleanliness,4.8
12000203,Lesser Poland Province,VILLA NOSAL - Zakopane,49.285046,19.981836,4.9,68,128,$,"['Internet', 'Suites', 'Free Internet', 'Free parking', 'Wifi', 'Public Wifi', 'Free Wifi', 'Non-smoking rooms', 'Family Rooms', 'Baggage Storage', ""Children's Television Networks"", 'Free Public Parking Nearby', '24-Hour Front Desk', 'Hiking', 'Kids Activities', 'Ski-In / Ski-Out', 'Room service', 'Airport transportation', 'Breakfast included', 'Non-smoking hotel', 'Flatscreen TV', 'Breakfast Available', 'Bath / Shower', 'Clothes Rack', 'English', 'Complimentary Toiletries', 'Hair Dryer', 'Italian', 'Polish', 'Skiing']","['Quaint', 'Business']","[{'name': 'business', 'localized_name': 'Business', 'value': '1'}, {'name': 'couples', 'localized_name': 'Couples', 'value': '43'}, {'name': 'solo', 'localized_name': 'Solo travel', 'value': '0'}, {'name': 'family', 'localized_name': 'Family', 'value': '15'}, {'name': 'friends', 'localized_name': 'Friends getaway', 'value': '2'}]",Zakopane,Poland,371.0,7.0,0.0,0.0,0.0,6.0,62.0,,"Zakopane. Offering a terrace and ski-to-door access, VILLA NOSAL is set in Zakopane in the Lesser Poland Region, 1.1 km from Pardalowka Ski Lift. Free WiFi is featured throughout the property and free private parking is available on site. Rooms come with a flat-screen TV. Some rooms have a seating area for your convenience. A terrace or balcony are featured in certain rooms.",Location,4.8,Sleep Quality,4.8,Rooms,4.7,Service,4.9,Value,4.8,Cleanliness,5.0
21164553,Lesser Poland Province,APARTHOTEL ROYAL RESORT SPA Zakopane,49.286884,19.963602,2.3,6,4,$$$,[],[],"[{'name': 'business', 'localized_name': 'Business', 'value': '0'}, {'name': 'couples', 'localized_name': 'Couples', 'value': '1'}, {'name': 'solo', 'localized_name': 'Solo travel', 'value': '0'}, {'name': 'family', 'localized_name': 'Family', 'value': '5'}, {'name': 'friends', 'localized_name': 'Friends getaway', 'value': '0'}]",Zakopane,Poland,1020.0,413.0,4.0,0.0,0.0,0.0,2.0,,,Location,2.3,Sleep Quality,2.0,Rooms,3.0,Service,1.0,Value,2.0,Cleanliness,2.5
505389,Lesser Poland Province,Hotel Gromada Zakopane,49.2947,19.9514,3.2,87,26,$,"['Free Internet', 'Free Wifi', 'Non-smoking rooms', 'Internet', 'Wheelchair access', 'Restaurant', 'Bar/Lounge', 'Wifi', 'Public Wifi', 'Fitness center', 'Non-smoking hotel', 'Safe', 'Housekeeping', 'English', '24-Hour Front Desk', 'German', 'Massage Chair', 'Polish', 'Paid Private Parking On-site', 'Russian', 'Skiing']","['Budget', 'Family']","[{'name': 'business', 'localized_name': 'Business', 'value': '8'}, {'name': 'couples', 'localized_name': 'Couples', 'value': '27'}, {'name': 'solo', 'localized_name': 'Solo travel', 'value': '9'}, {'name': 'family', 'localized_name': 'Family', 'value': '22'}, {'name': 'friends', 'localized_name': 'Friends getaway', 'value': '16'}]",Zakopane,Poland,93.0,50.0,8.0,11.0,33.0,24.0,11.0,,"Finding an ideal budget friendly hotel in Zakopane does not have to be difficult. Welcome to Gromada Zakopane, a nice option for travelers like you.
Nearby landmarks such as Upside Down House (Dom Do Gory Nogami) (0.1 mi) and Church of Our Lady of Czestochowa (0.3 mi) make Gromada Zakopane a great place to stay when visiting Zakopane.
Guests have access to a 24 hour front desk while staying at Gromada Zakopane. In addition, Gromada Zakopane offers a lounge, which will help make your Zakopane trip additionally gratifying. And, as an added convenience, there is paid private parking available on-site.
When you’re feeling hungry, be sure to check out Grand Kasprowy Restaurant, which is a steakhouse that is popular with locals and out-of-towners alike.
Zakopane is also known for some great history museums, including Willa Koliba - Zakopane Style Museum, Tatra Mountains Museum, and Tatra Museum - Kornel Makuszynski Museum, which are not too far from Gromada Zakopane.
Gromada Zakopane looks forward to welcoming you on your visit to Zakopane.
",Location,4.6,Sleep Quality,3.4,Rooms,2.8,Service,3.7,Value,3.4,Cleanliness,3.8
8704659,Lesser Poland Province,Lipowy Dwor Zakopane,49.28911,19.95321,4.7,19,23,$$,"['Free Wifi', 'Pool', 'Kids Activities', 'Shuttle Bus Service', 'Free Internet', 'Free parking', 'Kitchenette', 'Spa', 'Airport transportation', 'Hot Tub', 'Non-smoking rooms', 'Concierge', 'Banquet Room', 'Air conditioning', 'Family Rooms', 'Microwave', 'Refrigerator in room', 'Heated pool', 'Flatscreen TV', 'Private Balcony', 'Outdoor pool', 'Breakfast Available', 'Sauna', 'Bathrobes', 'Breakfast in the Room', 'Cable / Satellite TV', ""Children's Playground"", 'Coffee / Tea Maker', 'Dining Area', 'Dishwasher', 'Electric Kettle', 'English', 'Extra Long Beds', 'Hiking', 'Mountain View', 'Polish', 'Pool / Beach Towels', 'Pool View', 'Private Check-in / Check-out', '24-Hour Security', 'Ski Rentals', 'Ski School', 'Sofa', 'Sofa Bed', 'Taxi Service', 'Walk-in Shower', 'Wardrobe / Closet']","['Great View', 'Quaint']","[{'name': 'business', 'localized_name': 'Business', 'value': '1'}, {'name': 'couples', 'localized_name': 'Couples', 'value': '7'}, {'name': 'solo', 'localized_name': 'Solo travel', 'value': '0'}, {'name': 'family', 'localized_name': 'Family', 'value': '7'}, {'name': 'friends', 'localized_name': 'Friends getaway', 'value': '2'}]",Zakopane,Poland,1020.0,21.0,0.0,0.0,0.0,5.0,14.0,,,Location,5.0,Sleep Quality,4.5,Rooms,5.0,Service,5.0,Value,5.0,Cleanliness,4.8
17634606,Greater Poland Province,Hampton By Hilton Kalisz,51.765575,18.08313,4.7,83,94,$$,"['Internet', 'Free Internet', 'Wheelchair access', 'Wifi', 'Free Wifi', 'Breakfast included', 'Non-smoking rooms', 'Business center', 'Fitness center', 'Safe', 'Clothes Rack', 'Desk', 'English', 'Restaurant', 'Bar/Lounge', 'Pets Allowed', 'Dry Cleaning', 'Meeting rooms', 'Laundry Service', 'Air conditioning', 'Family Rooms', 'Accessible rooms', 'Conference Facilities', 'Breakfast Buffet', 'Breakfast Available', 'Parking', 'Facilities for Disabled Guests', 'Housekeeping', 'Kids Stay Free', 'Electric vehicle charging station', 'Allergy-free Room', 'Baggage Storage', 'Bath / Shower', 'Blackout Curtains', 'Bottled Water', 'Cable / Satellite TV', 'Car Hire', '24-Hour Check-in', 'Express Check-in / Check-out', 'Coffee Shop', 'Complimentary Tea', 'Electric Kettle', 'First Aid Kit', 'Fitness / Spa Locker Rooms', 'Complimentary Instant Coffee', 'Free Wifi in the Business Center', '24-Hour Front Desk', 'Gift Shop', 'Hair Dryer', 'Interconnected room(s) available', 'Iron', 'Ironing Service', 'Landmark View', 'Outdoor Dining Area', 'Outdoor Furniture', 'Parking Garage', 'Polish', 'Private Bathrooms', 'Private Check-in / Check-out', 'Paid Private Parking On-site', 'Paid Public Parking Nearby', 'Radio', '24-Hour Security', 'Snack Bar', 'Sofa', 'Street Parking', 'Sun Terrace', 'Sun Umbrellas', 'Taxi Service', 'Telephone', 'Umbrella', 'Wake Up Service / Alarm Clock', 'Walk-in Shower', 'Wardrobe / Closet', 'Wine / Champagne']","['City View', 'Quaint']","[{'name': 'business', 'localized_name': 'Business', 'value': '37'}, {'name': 'couples', 'localized_name': 'Couples', 'value': '19'}, {'name': 'solo', 'localized_name': 'Solo travel', 'value': '3'}, {'name': 'family', 'localized_name': 'Family', 'value': '15'}, {'name': 'friends', 'localized_name': 'Friends getaway', 'value': '3'}]",Kalisz,Poland,8.0,2.0,0.0,1.0,5.0,12.0,65.0,Hampton by Hilton,"Our hotel is in the center of the city, within walking distance of the Main Square. The flexible meeting space and location make our hotel the ideal venue for your next event. A variety of restaurants, shopping, and entertainment are nearby including a bus and train station. Our hot breakfast is included, along with WiFi, and a fitness center.",Sleep Quality,4.8,Location,4.6,Rooms,4.7,Service,4.5,Value,4.6,Cleanliness,4.6
3645102,Greater Poland Province,Hotel Villa Stary Kalisz,51.745872,18.083975,3.9,27,13,$,"['Free parking', 'Internet', 'Kids Activities', 'Room service', 'Free Internet', 'Restaurant', 'Bar/Lounge', 'Wifi', 'Public Wifi', 'Free Wifi', 'Meeting rooms', 'Non-smoking rooms', 'Business center', 'Laundry Service', 'Concierge', 'Air conditioning', 'Family Rooms', 'Non-smoking hotel', 'Safe', 'Baggage Storage', 'Breakfast in the Room', 'Express Check-in / Check-out', ""Children's Television Networks"", 'English', 'Polish', 'Secured Parking', 'Special Diet Menus']","['Business', 'Quaint']","[{'name': 'business', 'localized_name': 'Business', 'value': '10'}, {'name': 'couples', 'localized_name': 'Couples', 'value': '5'}, {'name': 'solo', 'localized_name': 'Solo travel', 'value': '3'}, {'name': 'family', 'localized_name': 'Family', 'value': '7'}, {'name': 'friends', 'localized_name': 'Friends getaway', 'value': '1'}]",Kalisz,Poland,8.0,4.0,2.0,3.0,2.0,9.0,11.0,,"Villa Old Kalisz is a new comfortable hotel with accompanying restaurant and bar, located in Kalisz at Polna 63b Street, near the Amber Route.We offer cosy and modern furnished single, twin/double, and triple rooms with en – suit bathrooms and several useful facilities like wireless Internet access, cable TV and a landline telephone.Villa Old Kalisz offers a spacious conference room where various training courses, conferences, banquets, celebrations and special events can be organized.",Location,4.0,Sleep Quality,4.0,Rooms,4.3,Service,4.3,Value,4.3,Cleanliness,4.5
17649381,Greater Poland Province,Metropolis Apartamenty Kalisz Centrum,51.761932,18.081253,5.0,3,0,$,"['Internet', 'Suites', 'Room service', 'Free Internet', 'Free parking', 'Kitchenette', 'Wifi', 'Free Wifi']","['Luxury', 'Quaint']","[{'name': 'business', 'localized_name': 'Business', 'value': '1'}, {'name': 'couples', 'localized_name': 'Couples', 'value': '1'}, {'name': 'solo', 'localized_name': 'Solo travel', 'value': '0'}, {'name': 'family', 'localized_name': 'Family', 'value': '1'}, {'name': 'friends', 'localized_name': 'Friends getaway', 'value': '0'}]",Kalisz,Poland,10.0,2.0,0.0,0.0,0.0,0.0,3.0,,"Each apartment is air-conditioned, has a fully equipped kitchenete, a comfortable hotel bed with a double mattress, with a thickness of 2x 20 cm.The bed covers are made of Egyptian cotton.
In each apartment, there is: a desk with a cable Internet socket, a very good Wi-Fi signal, a flat screen TV with satellite channels,  a comfortable sofa, a comfortable wardrobe.
          
          
          
          
          ",Location,5.0,Sleep Quality,5.0,Rooms,5.0,Service,5.0,Value,5.0,Cleanliness,5.0
23256665,Greater Poland Province,Apartament Kalisz,51.71933,18.097025,,0,0,$,[],[],"[{'name': 'business', 'localized_name': 'Business', 'value': '0'}, {'name': 'couples', 'localized_name': 'Couples', 'value': '0'}, {'name': 'solo', 'localized_name': 'Solo travel', 'value': '0'}, {'name': 'family', 'localized_name': 'Family', 'value': '0'}, {'name': 'friends', 'localized_name': 'Friends getaway', 'value': '0'}]",Kalisz,Poland,,,,,,,,,,,,,,,,,,,,,
624748,Greater Poland Province,Hotel Europa,51.76057,18.087717,4.5,148,131,$,"['Internet', 'Room service', 'Free Internet', 'Public Wifi', 'Free Wifi', 'Meeting rooms', 'Non-smoking rooms', 'Business center', 'Laundry Service', 'Concierge', 'Air conditioning', 'Suites', 'Breakfast included', 'Dry Cleaning', 'Multilingual Staff', 'Minibar', 'Conference Facilities', 'Flatscreen TV', 'Breakfast Buffet', 'Breakfast Available', 'Polish', 'Wifi', 'Non-smoking hotel']","['Quiet', 'Romantic']","[{'name': 'business', 'localized_name': 'Business', 'value': '65'}, {'name': 'couples', 'localized_name': 'Couples', 'value': '25'}, {'name': 'solo', 'localized_name': 'Solo travel', 'value': '14'}, {'name': 'family', 'localized_name': 'Family', 'value': '27'}, {'name': 'friends', 'localized_name': 'Friends getaway', 'value': '10'}]",Kalisz,Poland,8.0,1.0,0.0,2.0,10.0,44.0,92.0,,"Dear Sirs, We have created a new face of Europa Hotel, which on the foundations of many years' tradition that dates back to 1799, became a place where typical Polish hospitality and European standard are being cultivated. We have experience and knowledge of our predecessors, which is necessary to ensure comfort, convenience and discretion. Our hotel is located in cultural and business centre of the city Kalisz. From Europa Hotel windows you may admire the street that was named the most beautiful one as well as theatre dated back to the second half of 19th century, surrounded by one of the biggest park in Wielkopolska. Highly qualified personnel will take care about professional service and friendly atmosphere. For our regular guests we have a special price offer. Possibility of negotiating prices in case of longer stays. Our hotel is guest friendly and we do our best to fulfill our guests' expectations and make them visit us again.",Location,4.7,Sleep Quality,4.3,Rooms,4.3,Service,4.6,Value,4.4,Cleanliness,4.5
7625450,Greater Poland Province,Komoda Club Residence,51.76476,18.09465,4.6,30,60,$,"['Internet', 'Suites', 'Room service', 'Free Internet', 'Free parking', 'Wheelchair access', 'Restaurant', 'Bar/Lounge', 'Wifi', 'Public Wifi', 'Free Wifi', 'Breakfast included', 'Dry Cleaning', 'Meeting rooms', 'Non-smoking rooms', 'Business center', 'Fitness center', 'Laundry Service', 'Concierge', 'Banquet Room', 'Air conditioning', 'Family Rooms', 'Multilingual Staff', 'Accessible rooms', 'Refrigerator in room', 'Minibar', 'Conference Facilities', 'Flatscreen TV', 'Breakfast Buffet', 'Housekeeping', 'Kids Activities', 'Hot Tub', 'Non-smoking hotel', 'Baggage Storage']","['Centrally Located', 'Quaint']","[{'name': 'business', 'localized_name': 'Business', 'value': '19'}, {'name': 'couples', 'localized_name': 'Couples', 'value': '2'}, {'name': 'solo', 'localized_name': 'Solo travel', 'value': '2'}, {'name': 'family', 'localized_name': 'Family', 'value': '5'}, {'name': 'friends', 'localized_name': 'Friends getaway', 'value': '1'}]",Kalisz,Poland,8.0,3.0,0.0,0.0,2.0,8.0,20.0,,"Offering a restaurant and a bar, Komoda Club Residence is located in a quiet area in the vicinity of a park in Kalisz. The property features a business centre and free WiFi access. Each room here is air conditioned and will provide you with a flat-screen TV and satellite channels. The rooms are additionally equipped with a fridge and an electric kettle. Featuring a shower, the private bathroom come with a hairdryer, a bidet and free toiletries. At Komoda Club Residence you will find a 24-hour front desk, a ticket service and a tour desk. The property also offers a hot tub and massages. Free private parking is available. The hotel is 2.9 Km from Kalisz Train Station.",Location,4.7,Sleep Quality,4.6,Rooms,4.4,Service,4.6,Value,4.5,Cleanliness,4.9
1757360,Greater Poland Province,Hotel Calisia,51.75699,18.084682,3.3,30,11,$,"['Business center', 'Free Wifi', 'Family Rooms', 'Internet', 'Kids Activities', 'Room service', 'Free Internet', 'Wheelchair access', 'Restaurant', 'Bar/Lounge', 'Pets Allowed', 'Kitchenette', 'Wifi', 'Public Wifi', 'Dry Cleaning', 'Meeting rooms', 'Laundry Service', 'Concierge', 'Accessible rooms', 'Babysitting', 'Non-smoking hotel', 'Parking', 'Housekeeping', 'Baggage Storage', 'Bath / Shower', 'Breakfast in the Room', 'Bridal Suite', 'Desk', 'English', 'Complimentary Toiletries', '24-Hour Front Desk', 'Hair Dryer', 'Polish', 'Private Check-in / Check-out', 'Paid Private Parking On-site', 'Shoeshine', 'Special Diet Menus', 'Telephone', 'Wake Up Service / Alarm Clock']","['Budget', 'Romantic']","[{'name': 'business', 'localized_name': 'Business', 'value': '18'}, {'name': 'couples', 'localized_name': 'Couples', 'value': '2'}, {'name': 'solo', 'localized_name': 'Solo travel', 'value': '3'}, {'name': 'family', 'localized_name': 'Family', 'value': '6'}, {'name': 'friends', 'localized_name': 'Friends getaway', 'value': '1'}]",Kalisz,Poland,10.0,4.0,1.0,4.0,14.0,7.0,4.0,,"Looking for a place to stay in Kalisz? Then look no further than Hotel Calisia, a small hotel that brings the best of Kalisz to your doorstep.
As your “home away from home,” the small hotel rooms offer a desk, and getting online is easy, with free wifi available.
Guests have access to a 24 hour front desk, room service, and a concierge while staying at Hotel Calisia. In addition, Hotel Calisia offers a lounge, which will help make your Kalisz trip additionally gratifying. And, as an added convenience, there is paid private parking available on-site.
Given the close proximity of popular landmarks, such as Church of the Holy Apostles Peter and Paul in Kalisz (0.7 mi) and Baszta Dorotka (0.7 mi), guests of Hotel Calisia can easily experience some of Kalisz's most well known attractions.
While in Kalisz be sure to experience nearby Italian restaurants such as Antonio, KTW Park Restaurant, or Pub Restauracyjny Warka.
During your visit, be sure to check out popular attractions like Sanctuary of St. Joseph in Kalisz (0.6 mi), Old Town Hall (1.1 mi), and Stone Bridge (0.3 mi), which are all within walking distance of the small hotel.
We’re sure you’ll enjoy your stay at Hotel Calisia as you experience everything Kalisz has to offer.
",Location,4.3,Sleep Quality,3.5,Rooms,3.3,Service,3.9,Value,4.1,Cleanliness,3.6
1735518,Greater Poland Province,Hotel Seven,51.74617,18.09614,3.2,17,16,$,"['Free parking', 'Suites', 'Room service', 'Breakfast included', 'Family Rooms', 'Refrigerator in room', 'Minibar', 'Internet', 'Free Internet', 'Wheelchair access', 'Restaurant', 'Bar/Lounge', 'Pets Allowed', 'Wifi', 'Public Wifi', 'Free Wifi', 'Meeting rooms', 'Non-smoking rooms', 'Accessible rooms', 'Non-smoking hotel', 'Breakfast Available', 'Housekeeping', 'Baggage Storage', 'BBQ Facilities', 'Bicycle Rental', 'Breakfast in the Room', 'English', '24-Hour Front Desk', 'German', 'Hiking', 'Newspaper', 'Polish', 'Russian', 'Snack Bar', 'Sun Terrace']","['Quaint', 'Classic']","[{'name': 'business', 'localized_name': 'Business', 'value': '10'}, {'name': 'couples', 'localized_name': 'Couples', 'value': '2'}, {'name': 'solo', 'localized_name': 'Solo travel', 'value': '2'}, {'name': 'family', 'localized_name': 'Family', 'value': '2'}, {'name': 'friends', 'localized_name': 'Friends getaway', 'value': '1'}]",Kalisz,Poland,8.0,5.0,2.0,2.0,6.0,4.0,3.0,,"If you’re looking for a budget friendly hotel in Kalisz, look no further than Hotel Seven.
Given the close proximity of popular landmarks, such as Pomnik Adama Asnyka (1.3 mi) and Niecała street (1.3 mi), guests of Hotel Seven can easily experience some of Kalisz's most well known attractions.
The rooms offer a refrigerator and a minibar, and getting online is possible, as free wifi is available, allowing you to rest and refresh with ease.
Hotel Seven features a 24 hour front desk, room service, and a sun terrace. In addition, as a valued Hotel Seven guest, you can enjoy breakfast that is available on-site. Guests arriving by vehicle have access to free parking.
When you’re feeling hungry, be sure to check out Maguro Sushi Bar, which is a sushi restaurant that is popular with locals and out-of-towners alike.
Plus, during your trip, don't forget to check out Sanctuary of St. Joseph in Kalisz (1.2 mi), Stone Bridge (1.1 mi), and Church of St. Wojciech and St. Stanislaw Biskup in Kalisz (1.2 mi), some attractions that are a short walk from Hotel Seven.
The staff at Hotel Seven looks forward to serving you during your upcoming visit.
",Location,2.6,Sleep Quality,2.0,Rooms,2.7,Service,3.9,Value,3.4,Cleanliness,3.4
1729285,Warmia-Masuria Province,Nad Pisa,53.627674,21.809378,3.4,84,81,$$,"['Free Internet', 'Free parking', 'Restaurant', 'Bar/Lounge', 'Non-smoking rooms', 'Internet', 'Kids Activities', 'Room service', 'Pets Allowed', 'Spa', 'Meeting rooms', 'Laundry Service', 'Concierge', 'Family Rooms', 'Babysitting', 'Non-smoking hotel', 'Safe', 'Sauna', 'Baggage Storage', 'Bicycle Rental', 'Bridal Suite', 'Express Check-in / Check-out', 'English', '24-Hour Front Desk', 'German', 'Ironing Service', 'Massage', 'Polish', 'Salon', 'Special Diet Menus', 'Sun Terrace']","['Romantic', 'Quaint']","[{'name': 'business', 'localized_name': 'Business', 'value': '14'}, {'name': 'couples', 'localized_name': 'Couples', 'value': '28'}, {'name': 'solo', 'localized_name': 'Solo travel', 'value': '2'}, {'name': 'family', 'localized_name': 'Family', 'value': '20'}, {'name': 'friends', 'localized_name': 'Friends getaway', 'value': '14'}]",Pisz,Poland,3.0,3.0,7.0,8.0,26.0,27.0,16.0,,"See why so many travelers make Nad Pisa their small hotel of choice when visiting Pisz. Providing an ideal mix of value, comfort and convenience, it offers a family-friendly setting with an array of amenities designed for travelers like you.
In addition, while staying at Nad Pisa guests have access to a 24 hour front desk, a concierge, and room service, and you can stay connected with free wifi. You can also enjoy a sauna and a lounge while staying at Nad Pisa. Need a place to park? Free parking is available at Nad Pisa.
While in Pisz, you may want to check out the nearby pub Zajazd Mysliwski Halina Pieloszczyk.
At Nad Pisa, your comfort and satisfaction come first, and they look forward to welcoming you to Pisz.
",Location,4.5,Sleep Quality,3.1,Rooms,3.5,Service,4.0,Value,3.3,Cleanliness,3.7
2482444,Warmia-Masuria Province,Hotel Joseph Conrad,53.639297,21.823027,4.4,83,185,$$,"['Internet', 'Beachfront', 'Suites', 'Free parking', 'Wheelchair access', 'Restaurant', 'Wifi', 'Public Wifi', 'Free Wifi', 'Breakfast included', 'Non-smoking rooms', 'Business center', 'Family Rooms', 'Multilingual Staff', 'Accessible rooms', 'Beach Access', 'Kids Activities', 'Shuttle Bus Service', 'Room service', 'Free Internet', 'Pets Allowed', 'Meeting rooms', 'Conference Facilities', 'Flatscreen TV', 'Breakfast Buffet', 'Private Beaches', 'Breakfast Available', 'Housekeeping', 'Baggage Storage', 'BBQ Facilities', 'Bicycle Rental', 'Bicycle Tours', 'Board Games / Puzzles', 'Boating', 'Books, DVDs, Music for Children', 'Bottled Water', 'Bowling Off-site', 'Canoeing', 'Canoeing Off-site', '24-Hour Check-in', 'Express Check-in / Check-out', 'Clothes Rack', 'Desk', 'Diving', 'Fireplace', 'Fishing', 'Full Body Massage', 'German', 'Hand Massage', 'Head Massage', 'Hiking', 'Hindi', 'Horseback Riding', 'Hot Spring Bath', 'Interconnected room(s) available', ""Kids' Meals"", 'Massage', 'Mosquito Net', 'Outdoor Dining Area', 'Picnic Area', 'Polish', 'Private Bathrooms', 'Private Check-in / Check-out', 'Seating Area', 'Special Diet Menus', 'Sun Loungers / Beach Chairs', 'Sun Umbrellas', 'Tennis Court Off-site', 'Umbrella', 'Wake Up Service / Alarm Clock', 'Walking Tours', 'Wardrobe / Closet', 'Water Park Off-site', 'Water Sport Equipment Rentals', 'Windsurfing', 'Wine / Champagne']","['Romantic', 'Quaint']","[{'name': 'business', 'localized_name': 'Business', 'value': '9'}, {'name': 'couples', 'localized_name': 'Couples', 'value': '35'}, {'name': 'solo', 'localized_name': 'Solo travel', 'value': '2'}, {'name': 'family', 'localized_name': 'Family', 'value': '25'}, {'name': 'friends', 'localized_name': 'Friends getaway', 'value': '8'}]",Pisz,Poland,3.0,1.0,1.0,2.0,4.0,29.0,47.0,,"Htel Joseph Conrad is situated 10 metres from the banks of Lake Ros, 2 km from Pisz town centre. The Joseph Conrad offers free Wi-Fi and a private beach area on the lake. The spacious rooms at the Hotel Joseph Conrad are warmly furnished with traditional-style wooden furniture. All rooms include a TV, desk and a colourfully tiled bathroom. Breakfast and traditional Polish meals are served in the spacious dining room, which features wooden panelling and a lounge with open fireplace and a bar. Drinks can also be enjoyed on the lakeside terrace. Hotel Joseph Conrad offers rental bicycles and is a good base for hiking and cycling here in the Masuria region. Guests can also go swimming, sailing and canoeing on Lake Ros.",Location,4.8,Sleep Quality,4.7,Rooms,4.6,Service,4.5,Value,4.6,Cleanliness,4.6
6523226,Warmia-Masuria Province,Zlota Lania Wiartel Resort & SPA,53.594555,21.683098,3.8,29,42,$$,"['Internet', 'Restaurant', 'Bar/Lounge', 'Public Wifi', 'Non-smoking rooms', 'Air conditioning', 'Refrigerator in room', 'Suites', 'Room service', 'Free Internet', 'Wifi', 'Free Wifi', 'Meeting rooms', 'Banquet Room', 'Family Rooms', 'Kids Activities', 'Beachfront', 'Free parking', 'Breakfast included', 'Breakfast Buffet', 'Private Balcony', 'Private Beaches', 'Breakfast Available', 'Housekeeping', 'Sauna', 'Badminton', 'BBQ Facilities', 'Bicycle Rental', 'Bicycle Tours', 'Billiards', 'Blackout Curtains', 'Board Games / Puzzles', 'Boating', 'Bottled Water', 'Breakfast in the Room', 'Cable / Satellite TV', ""Children's Television Networks"", ""Children's Playground"", 'Clothes Rack', 'Complimentary Tea', 'English', 'Evening Entertainment', 'Complimentary Instant Coffee', 'Complimentary Toiletries', 'Complimentary Welcome Drink', 'German', 'Highchairs Available', 'Hiking', 'Karaoke', ""Kids' Meals"", ""Kids' Outdoor Play Equipment"", 'Mosquito Net', 'Outdoor Dining Area', 'Outdoor Furniture', 'Picnic Area', 'Polish', 'Private Bathrooms', 'Seating Area', 'Sun Loungers / Beach Chairs', 'Sun Umbrellas', 'Table Tennis', 'Tennis Court Off-site', 'Walking Tours', 'Water Sport Equipment Rentals', 'Wine / Champagne', 'Beach Access']","['Great View', 'Quaint']","[{'name': 'business', 'localized_name': 'Business', 'value': '0'}, {'name': 'couples', 'localized_name': 'Couples', 'value': '8'}, {'name': 'solo', 'localized_name': 'Solo travel', 'value': '0'}, {'name': 'family', 'localized_name': 'Family', 'value': '11'}, {'name': 'friends', 'localized_name': 'Friends getaway', 'value': '7'}]",Pisz,Poland,8.0,3.0,2.0,3.0,5.0,7.0,12.0,,,Location,4.8,Sleep Quality,4.1,Rooms,4.6,Service,3.7,Value,4.1,Cleanliness,4.1
2160071,Warmia-Masuria Province,Hotel Ros,53.62778,21.80046,3.5,25,16,$,"['Free parking', 'Internet', 'Kids Activities', 'Beachfront', 'Free Internet', 'Restaurant', 'Pets Allowed', 'Spa', 'Wifi', 'Public Wifi', 'Free Wifi', 'Paid Wifi', 'Non-smoking rooms', 'Tennis Court', 'Fitness center', 'Laundry Service', 'Family Rooms', 'Refrigerator in room', 'Non-smoking hotel', 'Flatscreen TV', 'Private Beaches', 'Sauna', 'Bath / Shower', 'BBQ Facilities', 'Bicycle Rental', 'Billiards', 'Canoeing', 'English', 'Fishing', '24-Hour Front Desk', 'Hammam', 'Massage', 'Polish', 'Shared Lounge / TV Area', 'Beach Access']","['Luxury', 'Quaint']","[{'name': 'business', 'localized_name': 'Business', 'value': '2'}, {'name': 'couples', 'localized_name': 'Couples', 'value': '11'}, {'name': 'solo', 'localized_name': 'Solo travel', 'value': '0'}, {'name': 'family', 'localized_name': 'Family', 'value': '8'}, {'name': 'friends', 'localized_name': 'Friends getaway', 'value': '1'}]",Pisz,Poland,8.0,2.0,2.0,2.0,7.0,9.0,5.0,,"Hotel Ros is an excellent choice for travelers visiting Pisz, offering a budget friendly environment alongside many helpful amenities designed to enhance your stay.
You’ll enjoy relaxing rooms that offer a flat screen TV and a refrigerator, and you can stay connected during your stay as Hotel Ros offers guests free wifi.
The small hotel features a 24 hour front desk. Plus, Hotel Ros offers a fitness center and an on-site restaurant, providing a pleasant respite from your busy day.
While you’re here, be sure to check out Zajazd Mysliwski Halina Pieloszczyk, one of the pubs that can be found in Pisz, which is a short distance from Hotel Ros.
Enjoy your stay in Pisz!
",Location,4.5,Sleep Quality,3.2,Rooms,3.2,Service,3.9,Value,3.0,Cleanliness,3.7
1507917,Warmia-Masuria Province,Kaliszki Manor,53.618553,22.005974,4.4,60,101,$,"['Free parking', 'Restaurant', 'Internet', 'Free Internet', 'Public Wifi', 'Free Wifi', 'Non-smoking rooms', 'Family Rooms', 'Suites', 'Tennis Court', 'Business center', 'Banquet Room', 'Multilingual Staff', 'Conference Facilities', 'Pool', 'Shuttle Bus Service', 'Room service', 'Bar/Lounge', 'Pets Allowed', 'Kitchenette', 'Spa', 'Airport transportation', 'Wifi', 'Meeting rooms', 'Laundry Service', 'Non-smoking hotel', 'Breakfast Buffet', 'Outdoor pool', 'Housekeeping', 'Sauna', 'Baggage Storage', 'Bath / Shower', 'Bathrobes', 'BBQ Facilities', 'Bicycle Rental', 'Bicycles Available', 'Billiards', 'Blackout Curtains', 'Breakfast in the Room', 'Bridal Suite', 'Darts', 'Desk', 'English', 'First Aid Kit', 'Fishing', '24-Hour Front Desk', 'Full Body Massage', 'Game Room', 'German', 'Hand Massage', 'Karaoke', 'Landmark View', 'Massage', 'Mosquito Net', 'Neck Massage', 'Polish', 'Russian', 'Secured Parking', 'Special Diet Menus', 'Sun Terrace', 'Table Tennis', 'Taxi Service', 'Telephone', 'Umbrella']","['Romantic', 'Boutique']","[{'name': 'business', 'localized_name': 'Business', 'value': '10'}, {'name': 'couples', 'localized_name': 'Couples', 'value': '25'}, {'name': 'solo', 'localized_name': 'Solo travel', 'value': '3'}, {'name': 'family', 'localized_name': 'Family', 'value': '13'}, {'name': 'friends', 'localized_name': 'Friends getaway', 'value': '6'}]",Pisz,Poland,3.0,2.0,3.0,2.0,1.0,15.0,39.0,,"The beautifully restored manor house of Kaliszki Mansion is now home to Dwor Kaliszki. Dating back to the early 19th century, this delightful Mazurian manor and gardens is situated close to the city of Pisz. This classically-decorated house features 30 beautifully presented guestrooms and suites. Rooms are stylish in design and feature antique furnishings alongside more modern touches. The Dwor Kaliszki is surrounded by historical parkland, home to two 300-year old oak trees that tower over the gardens. Guests at the property can enjoy leisurely walks, play outdoor games or explore by bicycle. For the more adventurous, horse-riding and 4-wheel drive adventures can be arranged. The hotels beautiful restaurant is open daily for breakfast, lunch and dinner. Guests can enjoy many traditional Polish dishes alongside European cuisine.",Sleep Quality,4.7,Location,4.0,Rooms,4.7,Service,4.5,Value,4.3,Cleanliness,4.8
11622060,Warmia-Masuria Province,Wrota Mazur,53.65435,21.81144,3.5,12,8,$$$,[],"['Mid-range', 'Green']","[{'name': 'business', 'localized_name': 'Business', 'value': '1'}, {'name': 'couples', 'localized_name': 'Couples', 'value': '1'}, {'name': 'solo', 'localized_name': 'Solo travel', 'value': '0'}, {'name': 'family', 'localized_name': 'Family', 'value': '4'}, {'name': 'friends', 'localized_name': 'Friends getaway', 'value': '0'}]",Pisz,Poland,18.0,3.0,2.0,2.0,2.0,0.0,6.0,,,Location,5.0,Sleep Quality,4.0,Rooms,5.0,Service,4.3,Value,2.0,Cleanliness,5.0
7103076,Warmia-Masuria Province,Zajazd Wiejski,53.69335,21.81339,4.5,13,2,$,"['Kids Activities', 'Room service', 'Free parking', 'Restaurant', 'Bar/Lounge', 'Pets Allowed', 'Free Wifi', 'Non-smoking hotel', 'Breakfast in the Room', 'Express Check-in / Check-out', 'Fireplace', 'Hiking', 'Private Check-in / Check-out', 'Wine / Champagne']","['Quaint', 'Budget']","[{'name': 'business', 'localized_name': 'Business', 'value': '0'}, {'name': 'couples', 'localized_name': 'Couples', 'value': '4'}, {'name': 'solo', 'localized_name': 'Solo travel', 'value': '1'}, {'name': 'family', 'localized_name': 'Family', 'value': '5'}, {'name': 'friends', 'localized_name': 'Friends getaway', 'value': '0'}]",Pisz,Poland,8.0,1.0,0.0,1.0,2.0,0.0,10.0,,"Welcome to Zajazd Wiejski, your Pisz “home away from home.” Zajazd Wiejski aims to make your visit as relaxing and enjoyable as possible, which is why so many guests continue to come back year after year.
The inn features room service and express check-in and check-out, and you can stay connected during your stay as Zajazd Wiejski offers guests free wifi. Plus, Zajazd Wiejski offers an on-site restaurant, providing a pleasant respite from your busy day. For guests with a vehicle, free parking is available.
During your visit, be sure to check out a popular Pisz pubs such as Zajazd Mysliwski Halina Pieloszczyk, which is a short distance from Zajazd Wiejski.
Zajazd Wiejski puts the best of Pisz at your fingertips, making your stay both relaxing and enjoyable.
",Location,5.0,Sleep Quality,4.7,Rooms,4.5,Service,4.7,Value,5.0,Cleanliness,5.0
7092317,Warmia-Masuria Province,Karwik 122,53.67516,21.78673,5.0,1,10,,[],['Quaint'],"[{'name': 'business', 'localized_name': 'Business', 'value': '0'}, {'name': 'couples', 'localized_name': 'Couples', 'value': '0'}, {'name': 'solo', 'localized_name': 'Solo travel', 'value': '0'}, {'name': 'family', 'localized_name': 'Family', 'value': '1'}, {'name': 'friends', 'localized_name': 'Friends getaway', 'value': '0'}]",Pisz,Poland,8.0,6.0,0.0,0.0,0.0,0.0,1.0,,,,,,,,,,,,,,
6583918,Warmia-Masuria Province,Galindia Refugia,53.733665,21.562746,3.8,19,76,,"['Beachfront', 'Free parking', 'Restaurant', 'Bar/Lounge', 'Pets Allowed', 'Free Wifi', 'Meeting rooms', 'Family Rooms', 'Non-smoking hotel', 'Private Beaches', 'Allergy-free Room', 'BBQ Facilities', 'Bicycle Rental', 'Billiards', 'Board Games / Puzzles', 'Canoeing', 'Clothes Rack', 'Coffee Shop', 'Currency Exchange', 'English', 'Entertainment Staff', 'Fishing', 'German', 'Gift Shop', 'Hiking', 'Indoor Play Area for Children', ""Kids' Outdoor Play Equipment"", 'Outdoor Fireplace', 'Picnic Area', 'Polish', 'Private Check-in / Check-out', 'Shared Lounge / TV Area', 'Skiing', 'Ski Rentals', 'Special Diet Menus', 'Wake Up Service / Alarm Clock', 'Windsurfing', 'Beach Access']","['Family', 'Quaint']","[{'name': 'business', 'localized_name': 'Business', 'value': '1'}, {'name': 'couples', 'localized_name': 'Couples', 'value': '4'}, {'name': 'solo', 'localized_name': 'Solo travel', 'value': '0'}, {'name': 'family', 'localized_name': 'Family', 'value': '8'}, {'name': 'friends', 'localized_name': 'Friends getaway', 'value': '2'}]",Pisz,Poland,18.0,1.0,2.0,2.0,2.0,4.0,9.0,,,Location,4.3,Sleep Quality,4.3,Rooms,4.0,Service,4.6,Value,5.0,Cleanliness,2.0
8342267,Warmia-Masuria Province,Azuria Agroturystyka,53.65094,21.87322,5.0,4,13,$,"['Kids Activities', 'Room service', 'Free parking', 'Pets Allowed', 'Kitchenette', 'Free Wifi', 'Tennis Court', 'Family Rooms', 'Refrigerator in room', 'Non-smoking hotel', 'Bath / Shower', 'BBQ Facilities', 'Bicycles Available', 'Billiards', 'Board Games / Puzzles', 'Books, DVDs, Music for Children', 'Canoeing', ""Children's Television Networks"", 'Coffee / Tea Maker', 'Darts', 'Executive Lounge Access', 'Fishing', 'Game Room', 'Hiking', 'Indoor Play Area for Children', ""Kids' Outdoor Play Equipment"", 'Kitchenware', 'Mosquito Net', 'Outdoor Fireplace', 'Outdoor Furniture', 'Picnic Area', 'Private Check-in / Check-out', 'Seating Area', 'Shared Lounge / TV Area', 'Sofa', 'Sun Terrace', 'Wake Up Service / Alarm Clock']","['Family', 'Luxury']","[{'name': 'business', 'localized_name': 'Business', 'value': '0'}, {'name': 'couples', 'localized_name': 'Couples', 'value': '1'}, {'name': 'solo', 'localized_name': 'Solo travel', 'value': '0'}, {'name': 'family', 'localized_name': 'Family', 'value': '3'}, {'name': 'friends', 'localized_name': 'Friends getaway', 'value': '0'}]",Pisz,Poland,18.0,2.0,0.0,0.0,0.0,0.0,4.0,,,Location,5.0,Rooms,5.0,Service,5.0,Value,5.0,Cleanliness,5.0,,
