id,location_id,published_date,rating,helpful_votes,text,title,trip_type,travel_date,user.username,user.user_location.name,owner_response.title,owner_response.text,owner_response.author,owner_response.published_date,subratings.0.localized_name,subratings.0.value,subratings.1.localized_name,subratings.1.value,subratings.2.localized_name,subratings.2.value,subratings.3.localized_name,subratings.3.value,subratings.4.localized_name,subratings.4.value,subratings.5.localized_name,subratings.5.value
1029040227,278399,2025-09-06T07:57:42Z,5,0,Great place to stay. Room was very large and well equipped. Staff very friendly and helpful. Parking spaces at the rear are so convenient. The jacuzzi and sauna were so relaxing. Centrally located so short walking distance to shops and bars.,Central Location,Couples,2025-08-31,ellenp667,,Owner response,"Dear Ellen667
Thank you for your feedback and an amazing rating of 5/5. Your kind comments about clean and spacious rooms, great location and helpful team are much appreciated. We're delighted to know that they contributed to a positive experience during your stay. 

Thank you for choosing to stay with us, and we look forward to welcoming you back for another enjoyable stay in the future.
",Katarzyna Grądzka,2025-09-25T06:43:01Z,,,,,,,,,,,,
1028901978,278399,2025-09-05T09:34:55Z,1,0,"I came to eat a delicious Provençal soup and a delicious salad with shrimp. The waiter took the order on the run, offered nothing to drink. I waited 20 min for the soup and didn't get it... during this time the customer who came after me received 2 dishes.... What came out of a delicious dinner was a sense of disappointment and disregard from the staff👎. It's a shame because the food they have is delicious and it's hard to eat better Provençal soup, not only in Bialystok😔😔😔😔 I was 05/09/25. I left not expecting to eat....",Słaba obsługa,Solo travel,2025-09-30,Departure58486761593,,,,,,,,,,,,,,,,,
1021148887,278399,2025-07-27T13:21:27Z,1,0,"I've try to call them 3 times and each time I' ve spend  30 min on the phone and nobody bothered to answe. Hard to communicate,  or  make an changes.",Not nice,Couples,2025-07-31,roman865,,Owner response,"Dear Roman865.
Thank you for your review. I wish we could know more details about your stay. Unfortunately we dont know wheter you stayed at our hotel or just tried to contact with us. We are very sorry that nobody answered the phone. Some days reception agents are very busy with the guests. There are other ways of communication: an email, sms, or massage via booking website. Contact details are available on our website. 
If you wish to share more details about your stay kindly contact us directly. Thank you. ",Katarzyna Grądzka,2025-07-28T09:20:41Z,,,,,,,,,,,,
1033812883,10050636,2025-10-07T10:16:23Z,5,0,"This was my second time in a suite. 100% recommend! 
In fact coming back in July and booked a suite again!
Front desk girls are so great, always welcoming and kind.
Breakfast is delicious. 
ONLY recommendation I have is to have bugger bath towels! 

xox book it !",Just book it! Great hotel!,Family,2025-05-31,monikac145,,,,,,Value,5.0,Rooms,5.0,Location,5.0,Cleanliness,5.0,Service,5.0,Sleep Quality,4.0
1019523151,10050636,2025-07-20T03:03:09Z,4,0,"This hotel is in a great location. Attached to a shopping centre and close to the old town . 
Rooms had more storage than it first appeared. There was no fridge but there was a kettle. The shower was walk in which was good but the water went over the floor . 
Breakfast wasn’t to my taste but there was quite a lot to choose from . Lots of cold cuts and cake.",Good location in Bialystock,Couples,2025-07-31,andream0402,"Melbourne, Victoria",Owner response,"Dear Andream0402, 
That is so nice of you to leave such wonderful feedback about your last stay, our location and service. Many thanks for your appreciation. When you visit next time, please book the Family Suite that is equipped with the small fridge. 
I hope to host you again in the close future. 
Kindest regards
Urszula Markowska-Buwaj/ General Manager
",Beata Nowakowska,2025-07-22T08:51:49Z,,,,,,,,,,,,
972191134,10050636,2024-10-01T15:45:27Z,3,0,"The hotel was easy to find this the parking place is not indicated. I drove at another place, a block beside the hotel.
The elevator has a glass window and you can see outside when going up or down. I am afraid of highs so it was uncomfortable. The floor in the room is extremely noisy. I could hear the neighbours walking continuously. Very disturbing.
Otherwise it seems ok. Shopping center nearby and nice reception. Maybe if I get used to the place I will appreciate it more.",Ok,Solo travel,2024-10-31,GoodMorning11,Sweden,,,,,,,,,,,,,,,,
953043053,10050636,2024-05-30T14:46:34Z,5,0,"Cool location, near the city center, very nice and cozy room, very friendly personnel, tasty breakfast. I am sure i will come again",Cool Location,NONE,2024-05-31,Chris29w2000,Vienna,,,,,Value,5.0,Rooms,5.0,Location,5.0,Cleanliness,5.0,Service,5.0,Sleep Quality,5.0
1058816082,23643711,2026-05-03T11:34:22Z,5,0,"What a surprise to find this venue.  Near all the old town location with such unrealized history.  Rooms are nice, facility is clean and well maintained.",Central Europe is a cool place to visit,Business,2026-01-31,johnsL8695XS,"Amherst, New Hampshire",,,,,,,,,,,,,,,,
1055109917,23643711,2026-04-02T10:48:48Z,1,0,"At check out no invoice was issued in either paper or digital form, despite numerous requests made both at the reception and by phone during the following ten hours. This behavior is unacceptable, and even more so if you are travelling for business where the invoice is an essential part of the work. Avoid this hotel.",No invoice,Business,2026-04-30,840rosariol,"Milan, Lombardy",Owner response,"Dear Rosario,

Thank you for sharing your feedback.

We are sorry to hear about your dissatisfaction; however, we would like to clarify that the situation described does not reflect what occurred.

On April 2nd, a paper invoice was prepared for you in the morning at the time of check-out. As it was not collected, and in line with the National e-Invoicing System (KSeF) introduced in Poland on April 1st, the invoice was sent electronically later that same day in the afternoon as part of the required daily submission process.

We understand how important invoices are for business travel, which is why we ensured it was issued in accordance with current regulations. We regret that this has led to a misunderstanding.

Kind regards,
Justyna Lewkowicz
General Manager",Justyna Lewkowicz,2026-04-03T09:22:17Z,Value,4.0,Rooms,3.0,Location,4.0,Cleanliness,4.0,Service,1.0,Sleep Quality,1.0
1019028526,23643711,2025-07-17T05:14:47Z,5,0,"We stayed at this hotel on the recommendation of our tour guide and it did not disappoint. This hotel had all modern conveniences needed, a delicious buffet breakfast, comfortable rooms, and friendly staff. We had breakfast here each morning and cocktails in the evening before heading out to dinner. It is very close to many restaurants and interesting sights. There is space in the lobby to both eat and also just to gather to talk with family and friends. I have to eat gluten free meals and there were gluten free options available at breakfast. I highly recommend this hotel.",Highly Recommended Hotel,Family,2025-07-31,jenc746,"Malvern, Pennsylvania",,,,,Value,5.0,Rooms,5.0,Location,5.0,Cleanliness,5.0,Service,5.0,Sleep Quality,5.0
965092656,23643711,2024-08-16T07:32:09Z,4,0,"Recently opened hotel on a side street close to the city center, very quiet location.
The spotlessly clean  rooms in a pleasant design feature a sofa. The breakfast is OK and is served in the entrance hall, could become crowded at busy times. There is also a children's corners to keep the little ones occupied.","modern, quiet, central",Solo travel,2024-07-31,riehen,"Bern, Bern Mittelland District, Canton of Bern",,,,,Value,4.0,Rooms,4.0,Location,4.0,Cleanliness,5.0,Service,4.0,Sleep Quality,4.0
959324612,23643711,2024-07-13T11:08:03Z,4,0,"Remarkably good experience. It may be on the newer side or recently renovated— the facility was immaculate and staff pleasant. We both slept very well in the queen bed. The room is not large but comfortably arranged with a banquette and a small desk. Nice shower also. The hotel is situated on something of a cul-de-sac and so our room was quiet even though it overlooked the street. The breakfast was quite impressive and such an excellent value! Besides typical fare, it offered excellent and delicious fresh products (including very good fresh salads, one with beets and goat cheese, another with chicken, tomatoes, cucumber), crunchy pickles, eggs, sausages, delicious blintzes, and an excellent assortment of fresh breads. Overall, an excellent value.",Well situated and great value,Couples,2024-07-31,BiConti,,,,,,,,,,,,,,,,,
902400535,21356073,2023-07-12T06:05:36Z,5,0,"The hotel manager n staff are super helpful. They helped us to check cross border transportation. Also the car key is out of battery n they helped us to fix it. 

The hotel manger’s name is Joanna. She and her team members are all very helpful. They deserve good comment for their service.",Good service of hotel manager and hotel staff,Friends getaway,2023-07-31,puifongl2022,,Owner response,Dear Pui fong Lm thank you so much for sharing your opinion with TA community. I am very happy to learn that Joanna  and the rest of our staff made your stay so satisfactory. It's good to know you have found our personnel helpful and professional. I do hope you will visit us again in the future. All the best!,Sebastian Pruchniak,2023-07-14T06:05:19Z,,,,,,,,,,,,
878635952,21356073,2023-02-14T05:38:46Z,1,0,"The hotel only uses air conditioning to heat the rooms, which is very noisy and even at a temperature of 0 degrees outside does not warm the room at all. In addition, there is no soundproofing in the rooms, you will hear absolutely any rustle. Because of what we were forced to move out after 2 hours in the room and look for a new hotel. It was not possible to stay overnight in this hotel. The reaction of the hotel management to the designation of problems did not lead to any results. Worst hotel in my life.",Worst hotel in my life,Couples,2023-02-28,vagez,"Volma, Minsk Region",,,,,,,,,,,,,,,,
862377352,21356073,2022-09-28T18:17:09Z,4,0,"Comfortable and new facilities. The worst, it is very far from the restaurants and shopping area. The food menu in the restaurant is limited, although the breakfasts are very good and varied. Clean and equipped bathrooms.","Cozy, quiet and cheap",Business,2022-09-30,241joaqu_nr,"Province of Cordoba, Andalucia",,,,,Value,5.0,Service,4.0,Sleep Quality,5.0,,,,,,
1014214098,23247934,2025-06-22T10:32:06Z,5,0,"I recently had to attend a conference in Bialystok, but my university told me to keep in budget (spoilsports!). The suggested accommodation for the conference (several local hotels) were a bit pricey when I just needed somewhere to sleep, so I decided to try the Hostel Bialystok Centrum. My wife was a little worried by some reviews online, but I have slept in some pretty horrendous places, so decided to take my chance... I'm glad I did.

Arriving at Bialystok's recently modernised station (I remember it from 20 years ago, and it was grim... now it looks a lot better), I asked a taxi if he could take me to the hostel. He moaned that he would have to return all around a ring road and it wasn't worth his time for the trip. I asked how far it was and it was a pretty direct 15 minute walk, nothing complicated, ""Just head for the big church!"".

The entrance to the hostel is through a series of doors, requiring codes (which had been provided), and I managed to arrive before the receptionist finished work (10pm). The interior was clean and friendly looking. The lady welcomed me, showed me the room and the bathrooms (not en suite), the communal microwave and the kettle.

The bathrooms were clean and modern, which was a big relief. The nearest to me were 2 rooms which had a shower and toilet, and one room with a toilet. The shower was easy to use and had decent power and hot water. 

My double-bed room was small but perfectly fine for my needs. Even for two people, there was enough room (unless you are going to be dancing or doing acrobatics all over the place).

I ventured out for something to eat and found I was only ten minutes' walk from the rather nice city centre- plenty of pubs and fast food places, considering the hour.

Next morning, there was a knock at my door and the lady brought me breakfast (a surprise, as I thought I would be eating in some kind of dining room). Breakfast was basic- scrambled eggs, a hot-dog style sausage (parówka) and a plate full of freshly cut tomatoes, cucumber, salami and bread. I've eaten in a few hostels and hotels and this was quite a good breakfast for the price. Oh, and the lady asked whether I wanted tea or coffee (natural or instant), which she later delivered to the door.

I later asked for directions to the university, where the conference was, and the lady explained how to get there. It turned out to be the same road I'd walked the night before.

So, 3 nights (3-6 June) and no complaints. The staff were friendly and happy to help, and tolerant of my shoddy Polish.  All in all, a very pleasant surprise. 

The hostel also has traditional dorm style rooms with bunks.

Cost: 510 zlotych (around 120 pounds sterling,  $137, 120 euro).

Basic, clean, friendly, convenient and hot scrambled eggs. RECOMMEND.",A pleasant surprise,Business,2025-06-30,trevh709,World,,,,,Value,4.0,Rooms,4.0,Location,5.0,Cleanliness,4.0,Service,4.0,Sleep Quality,4.0
874130511,23247934,2023-01-06T08:38:25Z,4,0,"Advantages:
Location is good it is near of the train station.
Personnel allowed me to leave my bag in the hostel while I was waiting for my train.
Staff is friendly and polite.

Disadvantages:
There is no elevator and the hostel is at the 5th floor. And nobody from staff helps with lifting heavy travel cases upstairs.
There is a kitchen at the hostel floor. However guests are not allowed to use it. Very weird",Overall good for this price,Solo travel,2023-01-31,OlegC58,"Cherevki, Minsk Region",,,,,,,,,,,,,,,,
864989893,23247934,2022-10-18T05:25:56Z,4,0,"It was very clean and tidy. Good location. Complementary tea or coffee in the morning.
The drawbacks for us were very uncomfortable, lumpy pillows, slow WiFi which barely worked in the room (but worked in the hallway just fine) and they had run out of liquid soap in the bathrooms.",Cheap stay in the centre of the city,NONE,2022-08-31,IrenaAneri,"Klaipeda, Klaipeda County",,,,,Location,5.0,Service,5.0,Sleep Quality,4.0,,,,,,
1025981613,641571,2025-08-22T00:42:45Z,5,0,"What a lovely and very different hotel. Stayed 3 days, 2 nights. This a hotel that takes you back to the 1940s, in a nice way. The rooms are big, furnished well and everything has the look and feel of a bygone era. A nice change to the modern style of hotels today. 

Hotel was spotless. Very clean. Staff super friendly. And the town square just a five minute walk away. 

Breakfast was lovely, good variety and quality choices. 

Bathrooms have showers and baths and complimentary water provided. 

Overall, a lovely experience and one I would like to have again. Nice hotel for sure.",Olde worlde charm,Business,2025-08-31,D12345678900,"Bangor, County Down, Northern Ireland",,,,,,,,,,,,,,,,
902663359,641571,2023-07-13T06:42:38Z,5,0,I have no adverse criticism of this hotel.  I think it is charming.  It is the second time i have stayed there.  The staff are friendly and helpful.  Everything provided was good.  The breakfast in particular is a treat - lacking nothing.,Give it a try,Friends getaway,2023-06-30,dongordonturner,"Amersham, Buckinghamshire, England",,,,,Value,5.0,Location,5.0,Service,5.0,,,,,,
901352608,641571,2023-07-08T05:02:05Z,5,0,"Ahhh…I wanted charm and warmth of spirit…and I found both here.  This is my first time in Poland as a solo woman traveler, and I started in the perfect spot. 

The rooms are old style European, not modern and vanilla.  The staff smiles and they do everything in their power to help you,  whether fixing the cappuccino machine or explaining how things work in your room!  

The breakfast  is remarkable.  The chef makes all the cured meats and fish in his kitchen on site. The selection of cheese and pastries was truly beautiful.   After a long journey, arriving after midnight from Berlin, I feel I have found my oasis to rest, restore, and set forth again.  I recommend this hotel with total cheer!💜",The Old World Charm Of Poland Awaits You!,Solo travel,2023-07-31,shermarynl,"Lewes, Delaware",,,,,,,,,,,,,,,,
895821638,641571,2023-06-19T02:24:00Z,5,0,"Really great place, very friendly and helpful staff, great, delicious breakfast with a variety of local products. Nice city centre location approx 5min. I would say this is a great value for this money.!To ensure my stay was perfect, Really recommend!",Really great place,Solo travel,2023-06-30,dariuszw959,,,,,,,,,,,,,,,,,
869014297,641571,2022-11-19T14:09:40Z,4,0,"Hotel was clean with lovely crisp bed linen.
I had the double which was roomy and had a great shower
Sadly i didn't sample breakfast or the evening meals but they looked  good
Staff couldn't do enough for you!",Excellent,NONE,2022-11-30,TadeuszB114,"Cheltenham, Cotswolds, England",,,,,Value,4.0,Rooms,4.0,Service,5.0,,,,,,
949428500,11680364,2024-05-04T06:49:36Z,5,0,"This hotel is completely fabulous, and I very highly recommend it. I stayed in room 213, it was beautiful. The bed was so comfortable, the bathroom was stunning and the shower was the best of any hotel I have stayed in over the years. You really have everything you need. The room was pure luxury in the most luxurious way and style. I was very impressed!
The hotel is perfectly located and you couldn’t find a more perfect location. The breakfast was amazing and pure luxury as well as the service from the waiter on the 4th May. 
All the staff were so helpful and really looked after me. I especially need to mention Klaudia on reception. This lady is a complete asset to this hotel and so very kind and attentive to the guests. 
The only fault I can find with this hotel, is that I had to leave. Whenever I return to this city I will always book this fabulous hotel, it is completely perfect and a real jewel in this beautiful city! 
Thank you for a wonderful stay!",A fabulously perfect hotel,Friends getaway,2024-05-31,stevedes2015,"Leamington Spa, Warwickshire, England",,,,,,,,,,,,,,,,
948923851,11680364,2024-04-30T09:10:42Z,1,0,"""Worst hotel ever with terrible service. Just avoid. I travel a lot, however, it's the first time I've seen such awful attitude towards guests. By mistake, we made reservations twice through booking.com for the same guests and arrived two hours after reservation. The hotel refused to cancel one reservation, so we ended up paying twice. They said, 'It's your problem!' Moreover, they gave us a room with an entrance from stairs... I also need to mention that the beds are not comfortable, and there is a lot of noise if your window faces the pedestrian area, etc...""",Worst experience ever,Business,2024-04-30,409andreyt,"Vilnius, Vilnius County",,,,,Value,1.0,Rooms,1.0,Location,3.0,Cleanliness,2.0,Service,1.0,Sleep Quality,2.0
876628163,528501,2023-01-28T11:57:00Z,4,0,"Good hotel with quite big pool and in good location. You getting breakfast and pool in your booking price. Clean rooms with english interior. Big place for breakfast, special for kids showing movies in dining area. Plus there is a night club.",Good hotel,Couples,2023-01-31,alkante,"Karmelava, Kaunas County",,,,,,,,,,,,,,,,
700809700,528501,2019-08-19T15:31:11Z,5,1,Not a new building but looked after and maintained. We arrived late as a large group and were well fed at ten o clock at night.  Rooms big and comfortable with lcd tv and coffee/tea making options in the room. Clean bathroom. Good breakfast and pleasant staff.,Comfortable,Friends getaway,2019-08-31,sheltonhar,,,,,,,,,,,,,,,,,
684952097,528501,2019-06-28T09:08:16Z,4,0,"A lovely hotel, with good enough water zone including regular 25 m swimming pool. few saunas and kids pool.
Also checked a Kid's room - small but since there were not many visitors - it was ok for our kid.

Good enough service and breakfast, we liked it ;)","Nice hotel with a water zone, close to an old City part",Family,2019-06-30,Deniss2015l,"Riga, Riga Region",,,,,Location,5.0,Cleanliness,5.0,Service,5.0,,,,,,
1059205441,14040909,2026-05-06T10:32:23Z,5,0,"We really loved this perfect hotel. So stylish, clean and comfortable. Staff super friendly and helpful. Very comfortable bed and outstanding breakfast. Free bike hire. Close to train station [10 minutes walk]. Our room faced the railway but the sound of the trains was not at all loud.",Perfect hotel,Couples,2026-05-31,BogAsphodel,,,,,,Value,5.0,Rooms,5.0,Location,5.0,Cleanliness,5.0,Service,5.0,Sleep Quality,5.0
1058999116,14040909,2026-05-04T16:30:48Z,5,0,"Well-located making it a quiet stay but still close to everything and very walkable. Friendly staff, good breakfast, absolutely gorgeous and stylish hotel that I would love to stay at again.  Great bar as well.",Can't go wrong,Solo travel,2026-05-31,Jeplaine,,Owner response,"Dear Guest,
Thank you for your lovely review. We’re so pleased that you enjoyed our location, as well as the breakfast, bar, and overall design of the hotel. Your kind words about our friendly staff truly mean a lot to us.
We would be delighted to welcome you back again in the future!
Best regards,
Iwona/ Operations Manager",Iwona Nowicka,2026-05-05T04:46:08Z,Value,4.0,Rooms,5.0,Location,5.0,Cleanliness,5.0,Service,5.0,Sleep Quality,4.0
1058910402,14040909,2026-05-04T05:15:09Z,5,0,"A lovely hotel with everything you need  Beautiful rooms, lovely restaurants and helpful and friendly staff. Great location to see everything a short 20 min walk to the Old Town, 15 minutes We to the Jewish Quarter and 5 mins to the Wisla River. We would stay here again.",A lovely hotel,Friends getaway,2026-05-31,SamWhybrow1,,Owner response,"Dear Guest,
Thank you so much for your wonderful review. We’re delighted to hear that you enjoyed our rooms, restaurants, and the friendly, helpful service from our team. It’s great that our location made exploring the Old Town, Jewish Quarter, and the Vistula River so convenient for you. We truly appreciate your kind words and would be absolutely thrilled to welcome you back on your next visit.
Warm regards,
Iwona/ Operations Manager",Iwona Nowicka,2026-05-05T04:45:00Z,,,,,,,,,,,,
1058819237,321158,2026-05-03T11:59:38Z,4,0,Good location at the outskirt of the old town - way less busy streets but still close to everything. Friendly and helpful staff. Room was good size but the king size bed was actually 2 single beds put together and connected with a sheet. Also the window of the room was to the hotel lobby/restaurant area. Poor water pressure in the room. Pool area is not very good. Everything was rather small there. Breakfast was excellent - good variety and quality. Clean everywhere and quiet nights.,Good but a bit pricey hotel,Couples,2026-05-31,Liamola,"Helsinki, Uusimaa",Owner response,"Dear Liamola,

Thank you for sharing such a detailed review. We’re glad to hear that our location, the cleanliness of the hotel, the quiet atmosphere and the quality of breakfast all contributed positively to your stay. It’s also wonderful to know that our team made a good impression.

At the same time, we appreciate your comments regarding the bed setup, water pressure, pool area and the room orientation. Your feedback is very valuable to us, and we will review these points with our team.

We hope that, despite these inconveniences, your visit to Krakow was enjoyable, and we thank you once again for taking the time to share your thoughts.

Warm regards, 
The Sheraton Grand Krakow Team",Apostolos Papatolios,2026-05-04T08:48:36Z,Value,3.0,Rooms,3.0,Location,5.0,Cleanliness,5.0,Service,5.0,Sleep Quality,4.0
1057848768,321158,2026-04-25T13:32:31Z,5,0,"I switched to the Sheraton Grand Krakow at the last minute, a couple days before we were to arrive in Krakow so that I could get some more nights with Bonvoy. I loved the hotel and so did my parents.

We enjoyed the rooftop terrace on our first night, the sports bar on our second night, and the Italian restaurant on our third night. Overall, the food is good. A little pricey but good. The breakfast in the Italian restaurant each morning is wonderful. 

The staff are all very friendly especially the guy who greets everyone at the door. 

The location is right along the river and our room had gorgeous views both during the day and at night. 

I would happily stay here again.",Great Location,Family,2026-04-30,AineV28,,Owner response,"Dear Aine,

Thank you for sharing such a thoughtful review. We’re delighted that your last‑minute change brought you to us, and even more so that both you and your parents enjoyed your stay.

We’re glad the riverfront location and room views added to your visit, and it would be a pleasure to welcome you back whenever your travels bring you to Krakow again.

Warm regards, 
The Sheraton Grand Krakow Team",Apostolos Papatolios,2026-04-29T06:47:31Z,,,,,,,,,,,,
1057538793,321158,2026-04-22T16:19:16Z,5,0,Great location and beautiful properties stunning views from toproof  bar.. Very friendly stuff. Special bartender Szymon very accommodating and knowledgeable,Kraków,Friends getaway,2026-04-30,F7131AUannat,,Owner response,"Dear F7131AUannat,

Thank you for your kind feedback. We are delighted to hear that you enjoyed our excellent location, the views from the rooftop bar and the warm hospitality of our team. Your recognition of Szymon’s professionalism and knowledge is truly appreciated, and we will be sure to share your compliments with him.

Kind regards, 
The Sheraton Grand Krakow Team",Apostolos Papatolios,2026-04-24T08:33:38Z,Value,5.0,Rooms,5.0,Location,5.0,Cleanliness,5.0,Service,5.0,Sleep Quality,5.0
1057418563,321158,2026-04-21T15:56:30Z,5,0,"We stayed for a long weekend... the best things about this hotel are the staff, the location and the food.
The staff just cannot do enough to help  from check in, waiting and bar staff,managers and even the owner himself,  who was around each day checking everyone was happy.
Our biggest thanks to Maria,  who made  a sunny day on the roof terrace even more special and took such good care of us.
The rooms are comfortable,  a little tired in places ( curtains a little falling off, door chasing came off) but minor details..the view was worth any minor maintenance problem.
Free water, coffee pods and great toiletries. 
The food is plentiful and tasty
 Room service was super fast. All excellent prices .
The spa and gym are functional ( not the best,  nor the worst spa I have used) and the whole hotel is spotless. The place feels very relaxed and overall welll worth the cost. I very much hope tp return next time we visit Krakov","Wonderful location, fabulous staff, food and views",Couples,2026-04-30,J7945UHemmah,,Owner response,"Dear Emma,

Thank you very much for sharing such a thoughtful and detailed review. We are delighted to hear that our location, culinary offerings and, above all, our team contributed to making your long weekend so enjoyable. Your kind words for Maria and the rest of our colleagues are truly appreciated — we will be sure to pass them along.

We would be honoured to welcome you back on your next visit to Krakow.

Kind regards,
The Sheraton Grand Krakow Team",Apostolos Papatolios,2026-04-24T08:30:57Z,,,,,,,,,,,,
1057416428,321158,2026-04-21T15:36:43Z,5,0,"The service was amazing! I’ve been to this hotel twice in the last two months. The lounge had a great server. And the bartender is the Amina restaurant, Simon, makes this amazing cosmo!! It’s the best cosmo I’ve ever had! The staff was very accommodating, even when I wanted to order something from the sports bar. We had an engagement here and the food for lunch WAS TO DIE FOR! I’ve never had such great service as  I have here!!",Amazing staff.,Business,2026-04-30,Departure50788826637,,Owner response,"Dear Departure50788826637, 

Thank you for sharing such an exceptional review. We are truly delighted to hear that our team made both of your recent stays so memorable.

We are also honored that you chose our hotel for your engagement celebration, and thrilled that the lunch and overall service exceeded your expectations. Feedback like yours inspires us to continue delivering the highest level of hospitality every day.

Kind regards, 
The Sheraton Grand Krakow Team",Apostolos Papatolios,2026-04-24T08:28:39Z,,,,,,,,,,,,
1059018630,9884047,2026-05-04T22:00:47Z,5,0,"5 Stars, here’s why:
- clean room with comfortable beds and bathroom 
- location is perfect with the Galleria right across the street and train station. Old Town is also within walking distance
- breakfast was good for a fee. If your flight is early, they have pretzels to go at the lobby",Modern and Functional,Couples,2026-05-31,Michigan_stater,"East Lansing, Ingham County, Michigan",,,,,,,,,,,,,,,,
1058550947,9884047,2026-05-01T11:12:21Z,5,1,"Hotel is ideal regarding location and comfort. Room was bright with large bed and bathroom area with walk in shower. The controls for the shower were so easy to use and the toiletries were just fabulous. 
The room was serviced daily and towels changed daily. 
On arrival we were greeted by friendly welcoming staff in national dress. The fragrance throughout this hotel is just perfect and gave an expectation of cleanliness.
The location is ideal and the train station is adjacent to the huge shopping mall which is across the road from the hotel. Trams also serve this hotel well.
Drinks are expensive.
Lovely touch when we left of a gift of traditional pretzels.
Would recommend and would stay here again.",Great location for visiting Krakow,Friends getaway,2026-04-30,cla53,Scotland,,,,,,,,,,,,,,,,
1058220245,9884047,2026-04-28T16:35:01Z,4,0,Indeed hotel was clean and conveniently located.  Modern hotel.  My only issue is the overwhelming use of air freshener in the lobby and common areas which bothered my allergies. When I asked about it I was told it was their “signature aroma.”  If this isn’t a problem for you it’s a nice place to stay.,Signature Aroma. But otherwise fine,Solo travel,2026-04-30,Navigate67718498146,"Torrington, Connecticut",,,,,,,,,,,,,,,,
1058100012,9884047,2026-04-27T18:31:41Z,5,0,"My stay at the Mercure Hotel was fantastic. The location is excellent, the room was very clean and comfortable, and it had everything I needed. As soon as you stepped out of the elevator, the corridor had a pleasant fragrance, which created a very nice atmosphere.
The staff was extremely polite and welcoming. When I return to Krakow, I will definitely choose the same hotel again.","Clean, comfortable, and welcoming",Solo travel,2026-04-30,kledianaa2026,,,,,,Value,5.0,Rooms,5.0,Location,5.0,Cleanliness,5.0,Service,5.0,Sleep Quality,5.0
1057846108,9884047,2026-04-25T13:08:20Z,5,0,Stayed for 4 nights. Arrived and hour early and the room was ready. Very pleasant staff. We stayed in room 420. The bed was a little harder than we are used to but not enough to spoil our stay. Restaurant a little pricey but we either ate out or did an uber eats order. Breakfast had so many choices. Ideal spot for exploring,"Excellent hotel, couldn't have wished for a better one",Couples,2026-04-30,sharonhF6738EK,"Kent, England",,,,,,,,,,,,,,,,
1058552718,12393367,2026-05-01T11:27:26Z,5,0,"Excellent situation within walking distance of the square. 
Hotel facilities were excellent, including the swimming pool and jacuzzi. 
The rooms were excellent, spotlessly clean and tastefully decorated. 
Last but not least, the staff were courteous and attentive as well as extremely pleasant. 
Overall it was a great experience and I wouldn’t hesitate to return or recommend it to others.",Excellent,Family,2026-04-30,joanchapman3,"Middlesbrough, North Yorkshire, England",Owner response,"Dear Guest,

Thank you very much for your excellent review and perfect score.

I am truly pleased to read that you enjoyed our central location, the comfort and cleanliness of your room, as well as our SPA facilities. It is especially rewarding to know that the attentiveness and courtesy of our team contributed positively to your overall experience.

Your kind words and recommendation are sincerely appreciated, and I am delighted that your stay was such a great one.

We look forward to welcoming you back to Wyndham Grand Krakow in the future.

Warmest regards,
Błażej Żak
Guest Relations Manager",Błażej Żak,2026-05-04T03:06:18Z,,,,,,,,,,,,
1058534439,12393367,2026-05-01T08:53:30Z,5,0,"Stayed here for three nights and it ended up being exactly the kind of place you want for a city break. The location is hard to beat — right in the Old Town on Floriańska Street, so everything is within walking distance, but it still felt surprisingly calm once you were inside.

We had a Premium Suite which was properly spacious, not just “city hotel” spacious. Plenty of room to actually relax in the evenings rather than just sleep and go again the next day. The minibar was well stocked, bed was very comfortable, and the whole space felt clean, polished and easy to settle into.

The spa was a bit of a standout. Tucked away and really nicely done, and both times we went it was almost empty, which made it even better after long days walking the city. Exactly what you want when you’ve been out all day.

Nice touch with the prosecco on arrival, and the staff were consistently friendly and helpful without it ever feeling over the top.

We skipped breakfast as Krakow is far too good food-wise to stay in one place every morning, and I’d recommend doing the same — there’s so much to explore just outside the door.

Overall, it just made the whole trip feel easy. Would absolutely stay here again without hesitation.",Perfect LUXURY base for a Krakow city break,Couples,2026-04-30,heylolly,"Nottingham, Nottinghamshire, England",Owner response,"Dear Lauren,

Thank you very much for your detailed and thoughtful review, and for awarding us a perfect score.

I am delighted to read that your stay with us contributed so positively to your Kraków city break. It is great to know that the comfort and spaciousness of your Premium Suite, along with its amenities, allowed you to truly relax after exploring the city. I am also very pleased that you enjoyed the SPA area and appreciated the calm atmosphere it offers.

Your kind words about the welcome gesture and the friendliness of our team are sincerely appreciated, as is your overall impression of an easy and enjoyable stay in the heart of the Old Town.

Thank you once again for your recommendation. I would be very happy to welcome you back in the future.

Warmest regards,
Błażej Żak
Guest Relations Manager",Błażej Żak,2026-05-04T03:08:17Z,Value,5.0,Rooms,5.0,Location,5.0,Cleanliness,5.0,Service,5.0,Sleep Quality,5.0
1058506391,12393367,2026-05-01T03:53:14Z,5,0,"The hotel is fine with great breakfasts. We stayed in historical room. Very nice.

Swimming pool was clean, not crowded and comfortable. 
Near the hotel there is museum of krakow where the original of Leonardo DaVinci masterpiece is. Highly recommend to visit",Great experience,Family,2026-04-30,Jet00274759862,,Owner response,"Dear Guest,

Thank you for your wonderful review and for awarding us a perfect score. I am delighted to read that you had such a great experience and that you particularly enjoyed our breakfasts, the comfort of your historical room, and the relaxing atmosphere of the swimming pool.

It is also lovely to see that you appreciated our location and took the opportunity to visit the Czartoryski museum, indeed, it is a truly special place to explore while in Kraków.

Thank you once again for your recommendation. I hope we will have the pleasure of welcoming you back in the future.

Warmest regards,
Błażej Żak
Guest Relations Manager",Błażej Żak,2026-05-04T03:00:19Z,,,,,,,,,,,,
1057505982,12393367,2026-04-22T10:50:07Z,5,0,"Excellent hotel and services. Perfect location at the city center of Krakow. Facilities are beautiful and well organized. Amazing SPA, very small gym area though. High level breakfast with any type of food",Excellent work trip,Business,2026-04-30,marcopX3276RF,"Milan, Lombardy",Owner response,"Dear Marco,

Thank you for sharing your experience following your recent stay with us. I am truly pleased to read that your work trip was so successful and comfortable!

It is especially rewarding to know that you appreciated our central location, the organization of our facilities, and the quality of the breakfast offering. Your kind words about the SPA are also very much valued. At the same time, I take note of your comment regarding the gym area, this is important feedback that helps us evaluate how we can further improve our amenities.

I hope we will have the opportunity to welcome you back for another equally enjoyable stay, whether for business or leisure.

Kindest regards,
Błażej Żak
Guest Relations Manager",Błażej Żak,2026-04-23T03:28:53Z,,,,,,,,,,,,
1054057013,12393367,2026-03-24T04:50:29Z,2,0,"The Wyndham Grand Krakow Old Town looks premium, but the stay didn’t match its rating. The Wi‑Fi didn’t work at all, and the bathroom had no fan, leaving it humid and uncomfortable. For a hotel claiming five stars, these basic issues were disappointing.",Not the 5‑Star Experience I Expected,Couples,2026-03-31,P6501MEluigid,,Owner response,"Dear Luigi,

thank you for taking the time to share your feedback. I am truly sorry to learn that your stay did not meet the expectations.

Please accept my sincere apologies for the issues you encountered with the Wi-Fi connection and the bathroom ventilation. Both are indeed essential elements of guest comfort, and I fully understand how their absence or malfunction could negatively impact your stay. Your comments have been shared with our technical team for immediate verification and corrective action.

We greatly value such feedback, as it helps us identify areas requiring improvement and ensure a better experience for our future guests. I hope you will consider giving us another opportunity in the future to provide you with the level of service and comfort we strive for!

Kindest regards,
Błażej Żak
Guest Relations Manager",Błażej Żak,2026-03-25T03:27:01Z,,,,,,,,,,,,
1056588417,23391245,2026-04-14T13:11:58Z,5,0,Our first time in Krakow was amazing ! Cannot fault the hotel was excellent immaculate very friendly five star definitely!!!,Excellent,Couples,2026-04-30,Explore11909908033,"York, North Yorkshire, England",Owner response,"Thank you for your wonderful review! We’re thrilled to hear that your first visit to Krakow was amazing and that you found the hotel immaculate and friendly. Your kind words mean a lot, and we truly appreciate your glowing feedback.
Warm regards,
Tomasz Krawczyk
Quality Manager",General Manager,2026-04-29T08:30:15Z,,,,,,,,,,,,
1055125995,23391245,2026-04-02T13:28:38Z,5,0,"Absolutely stunning immaculate hotel. Facilities are first class, lovely SPA, spacious rooms and delicious dining. 
Perfect location to visit all areas of the city. 
Highly recommend.",Fabulous Visit,Couples,2026-01-31,Voyage38889667760,"Chester, Cheshire, England",Owner response,"Thank you for your glowing review and perfect score! We're thrilled to hear you enjoyed the immaculate facilities, lovely spa, spacious rooms, and delicious dining. It’s great to know the location suited your needs for exploring the city. Your high recommendation means so much to us!
Warm regards,
Tomasz Krawczyk
Quality Manager",General Manager,2026-04-03T04:51:08Z,,,,,,,,,,,,
1054849200,23391245,2026-03-31T04:25:38Z,5,0,"We arrived Saturday to the hotel early afternoon the hotel was beautiful and modern inside and out. The cleanliness of the hotel was out of this world and the cleaners worked exceptionally well and are constantly busy cleaning!
The walk to the old town is about 30 minutes but there are taxis available in the town which is around £10 - £15 pound! The best company to use is bolt taxis which was recommended by a friend and apparently cheaper prices. 
The English breakfast could be improved a little bit more and quite pricey when paid on arrival but other than that great choices and pancakes was a hit with my little one! 
The pool was a fantastic size and the times was very good and accommodating to us all.  Room service was 10/10 and the pizza and french fries was our favourite.
There are coffee machines available from 10am -4am which is free and unlimited daily.

Thankyou very much for a warm and welcoming stay we will be back next year  😁",Beautiful hotel 10/10,Family,2026-03-31,brodieh762,,Owner response,"Thank you so much for your glowing review! We're delighted to hear that you appreciated the hotel's modern design and exceptional cleanliness, as well as the pool and room service. It's wonderful that the amenities like free coffee machines and the food options, including pancakes for your little one and room service favorites, added to your experience. Your feedback regarding the English breakfast is invaluable, and we're glad it didn’t detract from your overall enjoyment. We're thrilled you plan to return next year and deeply value your kind words about your warm and welcoming stay!
Warm regards,
Tomasz Krawczyk
Quality Manager",General Manager,2026-04-03T04:53:53Z,,,,,,,,,,,,
1058685118,609368,2026-05-02T12:19:49Z,5,0,"Our stay at Qubus Hotel was excellent and I would happily stay there again. The location is perfect—close to Krakow's Jewish quarter and 5min by taxi from the Old Town. The rooms were clean, comfortable, and quiet. One of the best parts was the rooftop wellness area with the pool, jacuzzi, and beautiful city views, which was the perfect way to relax after a day of sightseeing. The staff were friendly.
A tip: next to the hotel is BARWY - a great local place to try Polish wine.",Comfortable and affordable,Couples,2026-04-30,ronniess2025,,,,,,,,,,,,,,,,,
1056041973,609368,2026-04-10T04:23:33Z,5,0,Great stay! Very good location! Plenty of choice for breakfast!,Great stay!,Friends getaway,2026-04-30,laurenwG3376TA,"King's Lynn, Norfolk, East Anglia, England",,,,,,,,,,,,,,,,
1055321174,609368,2026-04-04T08:50:59Z,4,0,"I very much enjoyed my stay at the Qubus Hotel, modern design, clean rooms, great choice of hot, fresh delicious food, catered for many nationalities, staff all spoke English very well, were polite, friendly, very helpful with any queries/problems, the cleaning staff did a fantastic job of cleaning my room, leaving fresh towels etc, my only criticism is the bathroom design, the bath was too high and I did consider it very dangerous, especially for somebody that has limited mobility (personally I do not), it would have been much better if there were only a shower in bathroom, apart from that the Qubus Hotel was absolutely perfect! Thank you for making my stay in Krakow enjoyable 😃👍🏻⭐⭐⭐⭐","Great hotel, great staff, great experience",Family,2026-04-30,I2148CJrichardj,"Norfolk, East Anglia, England",,,,,,,,,,,,,,,,
1054344389,609368,2026-03-26T17:23:24Z,5,0,"Nice hotel on the river bank in walking distance of most of the points of interest. Room clean & tidy, quick check in, breakfast was good with good choice of food, buffet could be positioned a bit better as everyone on top of each other, reaching over the food for bread / toast etc. The bar area is in the foyer, quite expensive but ok for a night cap or meeting area. Went in the spa, would be lovely on a clear day to see the views of the city from the rooftop but unfortunately it was very foggy when we visited, spa is small but ok for a small session. Overall I liked this hotel & would return.",Good position to explore Krakow,Family,2026-03-31,millypink,"Hedon, East Riding of Yorkshire, England",,,,,,,,,,,,,,,,
1053881486,609368,2026-03-22T15:42:33Z,5,0,"We stayed at this hotel for four days whilst we toured Krakow and the surrounding area. The staff were very  attentive ,welcoming and English speaking. We found the hotel itself to be very clean, large atrium foyer, fairly modern and well maintained, as was our room. We had breakfast every day at the hotel and found that it was probably one of the best and varied hotel breakfasts that we have had, it was good quality and replenished regularly. We also had a couple of evening meals in the restaurant, again they were again of excellent quality and sizeable portions and reasonably priced. well prepared. The hotel also had a pool with a view, a gym, jacuzzi, sauna and steam room, all again very well kept and in good order, and something to look forward to at the end of the to relax in, The hotel is near the area for Schindlers Factory (about a 10 minute walk), and also close to the Jewish Ghetto wall area , plus the square with the memorial chairs. The ghetto pharmacy is also on a corner of this square. The hotel is close to a bridge where the road leads straight into the main Old Quarter main  square, the walk is about one and a half to two miles away, the entire area is flat and the walk is very manageable. We did not notice and real out of the ordinary road noise. There are also tram stops nearby if needed, and it is also close to the a railway station. The hotel is also close to the river and you can walk along the river to various other bridges which lead into the town. We walked every in the city and did not use any trams or buses to get around . There are no direct usb plug points in the room there are only general plugs. The other hotel residents appeared to be mainly business people and mature British tourists. When we were leaving they were holding a dance convention in another part of the hotel and nearby culture centre , it was well managed and did not impact upon the other residents. We travelled to and from the airport via taxi, the journey took about 45 minutes and cost 149 pzl each way. We would recommend this hotel and do intend to use it again.",Great Hotel to use as a hub to tour Krakow City and area.,Couples,2026-03-31,frankhA7519MT,"Eastleigh, Hampshire, England",,,,,,,,,,,,,,,,
1059067362,4176964,2026-05-05T07:09:15Z,5,0,"Perfect location for a weekend break
Really nice atmosphere
Nice and clean rooms
Friendly staff",Really nice hotel,Couples,2026-05-31,sisselo80,,Owner response,"Dear Guest,

Thank you very much for your kind words. We’re delighted to hear that you enjoyed our location, atmosphere, clean rooms and the friendliness of our team. It’s wonderful to know we could be part of a great weekend break for you.
We hope to have the pleasure of welcoming you back again soon. 

Warm regards.
Joanna",Joanna Duczmańska,2026-05-06T03:43:21Z,Value,4.0,Rooms,5.0,Location,5.0,Cleanliness,4.0,Service,5.0,Sleep Quality,5.0
1058945284,4176964,2026-05-04T09:38:32Z,5,0,"Very welcoming and clean hotel.
Friendly service and top breakfast. Recommended.",:),Family,2026-05-31,lucarO9924DL,"Pogliano Milanese, Province of Milan, Lombardy",Owner response,"Dear Guest,
Thank you very much for your kind words. We’re delighted to hear you enjoyed the cleanliness of the hotel, our service, and the breakfast. It truly means a lot to us, and we hope to welcome you back again in the future.

Warm regards
Joanna",Joanna Duczmańska,2026-05-05T07:33:40Z,,,,,,,,,,,,
1058349018,4176964,2026-04-29T16:49:39Z,5,0,"I'm usually hesitant about booking a hotel near a train station but so glad we did. This is a beautiful modern hotel in a great location across the road from the tram, train station, buses and a huge shopping centre. However it's just a short stroll into the old town. The tram outside also allows you to quickly get to the Jewish quarter with its many restaurants and bars. Regular train from the airport and very easy to get to sites outside the city. 

The room wasn't huge, but was very well equipped with a great shower, a fridge, tea and coffee making facilities and a TV with inbuilt chromecast so you could cast netflix/youtube etc. Everything was spotlessly clean with a lovely modern European design. 

The bed was extremely comfortable. One of the best I've ever slept in, and comparable with beds in a 5 star hotel. Also amazing pillows. All controls (air con, lighting, alarm, menus) are via a tablet. 

Breakfast was excellent and well worth booking. Great coffee, a small menu of items that can be ordered (Shakshouka, avocado toast) and a buffet of juices, fruit, salad,  meat and cheese, bacon, sausage, scrambled eggs etc. All very good quality and regularly restocked. 

Staff were absolutely lovely and spoke perfect English. There's a small bar with a wide range of beers, wines and spirits. It's a little expensive, but it is a hotel bar I suppose! Oh, and there's unlimited free tea and coffee available in the lobby from an excellent bean to cup machine.

Kraków is an absolutely amazing city with so much to see and do. It's beautiful to walk around. It's also one of the cleanest cities I've ever been to. Everything in Poland seems to be done to a very high standard. Things just work and there's a real sense of optimism and order about the place. Of course, it is very touristy, and there are the usual CBD shops, overpriced restaurants in the square, and people with flyers trying to get you into a club/bar. However it's still a remarkable city and I will be back again. 

This is a really excellent hotel that I would highly recommend to anyone looking for convenience, facilities and extremely comfortable beds!",An excellent hotel in an excellent location in an excellent city in an excellent country.,Family,2026-04-30,M8813EWdavidf,"Dublin, County Dublin",Owner response,"Dear Guest,

Thank you so much for taking the time to share such a thoughtful and detailed review. Reading your impressions was truly a pleasure, and I’m delighted to know how much you enjoyed your stay with us and your time in Kraków.

It’s wonderful to hear that our location exceeded your expectations and made exploring the city so easy, from the Old Town to Kazimierz and beyond. I’m also very glad you appreciated the comfort and design of the room, especially the bed and pillows — knowing you had such a great night’s sleep means a lot to us. Your kind words about the breakfast, the technology in the room, and the overall cleanliness are equally appreciated.

Most of all, thank you for highlighting our team. I’ll be sure to share your compliments with them; they’ll be proud to know they helped make your stay so memorable.

We’re also happy that Kraków left such a strong impression on you. It truly is a special city, and it’s lovely to hear it described with such enthusiasm.

We sincerely hope to welcome you back on your next visit — it would be a pleasure to have you with us again. Until then, we wish you many more wonderful travels.

Joanna",Joanna Duczmańska,2026-05-05T07:39:39Z,Value,5.0,Rooms,5.0,Location,5.0,Cleanliness,5.0,Service,5.0,Sleep Quality,5.0
1056595882,1728175,2026-04-14T15:07:37Z,4,0,"Whenever I have long layovers between flights, this hotel is always my go-to choice.
There is no doubt: the hotel is consistently clean and quiet, with spacious and comfortable rooms.
The breakfast is excellent, truly worthy of the brand and makes the stay even more enjoyable.
Always a reliable choice every time I return.",Every time a cuddle.,Solo travel,2026-04-30,BARTOLOMAX,"Dubai, Emirate of Dubai",,,,,,,,,,,,,,,,
1053758961,1728175,2026-03-21T14:38:53Z,5,0,"If your planning a trip to Kraków, stop there. This is the place.My wife,& son have just spent four nights there,16 to 19 March 26,and it was perfect. OK so it might take twenty minutes to walk to the main square,but your walking through the town,or along the river,shops, bars and restaurants, bakerys all along the route. The staff were very helpful, VERY POLITE.Our booking included  breakfast and it included everything,continental  and English breakfast,all in a buffet  style. The rooms were very clean,very well stocked and maintained, and maids in every day. It did make for a brilliant  stay. Once you've walked up to the junction and crossed the bridge over the vistula River,great views of the castle to the left,but the first bar you come to is called TEA TIME.Its Polands first real ale pub,very good choice of beers with pea nuts with every pint.And they brew their own beer on site as well.We really  did enjoy our visit to Kraków, however  be warned it is horrendous  clearing immigration, took us an hour and this is quick apparently. When you fly back clear security, took us about ten minutes  bit when you get to departures  join the que straight away for passport control,don't bother with duty free. The que we joined started at duty free and we got pulled out of the line by airport staff to make sure we got through  on time. We'd  qued for twenty minutes up to that point. The E.U will find that this system isn't going to work and is quite frankly  a waste of time. But don't let it put you off,once your through its a brilliant place to see and visit,and the cakes and buns in the many bakeries are....what can I say be prepared  to put on a few calories, infact with the various food  on offer ,put on a lot of calories.",Kraków  and Hilton Garden Inn Hotel,Family,2026-03-31,waynecW7490FA,,,,,,,,,,,,,,,,,
1049849904,1728175,2026-02-15T16:14:41Z,5,0,"Nice hotel within walking distance to castle and market square  ,we had nice view over river towards city and opposite ferris wheel . Rooms were spacious with plenty of storage very clean with towels and bedding  replaced daily . Staff very friendly and helpful , check in very prompt and allowed us late check out at no extra charge. Breakfast was fine great variety of the usual cereal , fruit, and cooked items also an egg/omelette station which was great and made fresh .we only had one evening meal but again it was very nice.Used the bar at night very reasonably priced for a hotel and a small shop with a few necessary items .If we ever return to krakow would most definitely book again",Cracker in Krakow,Couples,2026-02-28,Midrig18,"Irvine, North Ayrshire, Ayrshire, Scotland",Owner response,"Dear Guest 

thank you very much for so positive review . We appreciate it 
Regards 
HGI Krakow team",Dorota Smagur,2026-02-23T08:39:09Z,,,,,,,,,,,,
1044859825,1728175,2026-01-04T07:12:07Z,5,0,"Oliwia was remarkably professional and friendly at check in. She was helpful and confident answering all of our questions, and did so with a smile.

Parking is free. If you are just coming as a tourist to see the old town than maybe consider a closer location if you are not fit but we loved it here. The hotel is quite clean, the beds are very comfortable, the workout room is very modern with lots of options. Coffee and good working refrigerator in the room. We will definitely come back when we return to this wonderful city and the amazing people.",Customer service cannot be beat! All facilities are modern and parking is free.,Couples,2026-01-31,Voyage728227,"Littleton, Colorado",Owner response,"Dear Susannah

thank you vey much for your comment . 
We appreciate it 
HGI Krakow team",Dorota Smagur,2026-02-23T08:40:01Z,,,,,,,,,,,,
1059041293,277359,2026-05-05T03:44:22Z,4,0,"Stayed for 2 nights.
Check in was rather confused as on arriving from the airport we were told to return at 13.00 when our rooms would be ready. We arrived at 13.10 only to be told to come back after 15.00. I've been subsequently informed that reception staff make no guarantees for early check in's.
The rooms were clean but need to be updated. There were no usb charging points in the rooms - unusual for such a hotel.
We ran the shower for 20 minutes after which it was still lukewarm. Best of luck if you want a bath!
I completed a hotel survey and was surprised to hear back with ""we'll look into the concerns etc......"" but I strongly suspect that nothing will be done!
We'll be returning to Krakow as its a lovely city and most likely will return to the Radisson Blu so it will be interesting to see if anything has been done to address our issues!",Great location,Friends getaway,2026-03-31,NICKC6666,United Kingdom,,,,,Value,4.0,Rooms,4.0,Location,5.0,Cleanliness,4.0,Service,3.0,Sleep Quality,5.0
1058219728,277359,2026-04-28T16:30:07Z,5,0,"Lovely hotel, excellent location 5 minutes walk from main square. Helpful staff, great breakfast. 

We booked a superior room which had a nice view of the park directly opposite. 

Hotel had a nice feel about it, rooms were nice (although hot) and beds comfortable. 

There was a nice bar to sit in-although not cheap. 

Took us about 20/25 minutes from Airport. We used Bobs Taxis-he was brilliant and very reliable. 

Would highly recommend and return to this hotel.","Great hotel, centrally located.",Couples,2026-04-30,needaholidaynow_10,"Liverpool, Merseyside, England",,,,,,,,,,,,,,,,
1054685046,277359,2026-03-29T18:15:28Z,5,0,"Amazing experience.
I stayed last week with my wife from the 22nd to 27th March, in room 613, an amazing Junior suite looking over the park and towards to castle too.
Check in was very easy and the lady explained the hotel facilities to us.
With my Premium status I was so lucky to be upgraded from my Superior old town view room to this beauty. (I understand 413 is similar but 613 has a better view being higher)
The room was extremely spacious with a large king bed, approx 6 foot as a guide for fellow UK travellers.
Great size bathroom too, only one word of advice would be to use the shower over the bath as opposed to the separate main shower, when using the main shower water escapes all over the floor through the 2 inch gap between the bottom of the screen and the floor - unless we both missed a trick. However not a major issue using the other.
Excellent large towels provided.
Turndown service on most nights.
The bar area in the hotel was very pleasant, enjoyed sitting there planning our next day. Great selection of drinks available.
And lovely staff in the bar.
Also we had breakfast, which was buffet style.  Plenty of fresh juices, pastries, meats, fruit and hot items. Bacon on request but came out quickly. 
They also had a few options made to order e.g. omelette, or scrambled eggs with say spinach. No extra charge for them.
Breakfast staff were great, one person seemed allocated to clearing tables and another re-setting them, so quite efficient. 
I did note each day the hotel General manager came to the Breakfast area and made sure all was as it should be, even though she does not know me in person.  That to me was nice to see.
All in all highly recommended, and we miss it already!
Thank you to all staff!","Highly recommended hotel, amazing service!",Couples,2026-03-31,CARLSBERGFAMILY,,,,,,,,,,,,,,,,,
1053875981,277359,2026-03-22T14:48:15Z,4,0,"My husband and I are huge fans of the Radisson Blu chain - they are always our hotel of choice, a home from home! 
We have just come back from 3 nights at the Radisson Blu in Krakow which was comfortable, clean and a great base for us during our trip. We love the little touches such as that welcoming “Radisson Blu scent” as you walk in to the lobby which instantly relaxes you, the friendly staff and cleanliness. We were checked in by Valentina who was very friendly and helpful and informed us that we had been placed in a Park View room which was lovely! 
We were very impressed with the sustainability efforts of the RB Krakow such as two sterile carafes in the room and a filtered water machine in the hallways for your unlimited use ensuring you always have access to cold, fresh, filtered water. Another lovely touch was that if you didn’t need clean towels etc then you hang a sustainable bag on your door handle which got filled with some little treats the next morning by housekeeping! We found this really lovely and actually looked forward to seeing what we got in there - it was like leaving a stocking out at Christmas! 
Some constructive criticism would be that we did not have any milk with our tea tray but this was soon put right once I asked a member of housekeeping on their rounds. The body wash container didn’t appear to have been topped up/ replaced before our stay which was a shame. I had luckily travelled with a mini body wash so we had an alternative but just something to stay on top of when more sustainable and refilling items as opposed to new bottles on the side that are more obvious. 
We found the room quite warm and the aircon was more of an air circulator than cooler which we both found very drying and would wake up with sore throats - this could only be turned off it the window was open but there was a sign to keep the windows shut after sunset due to bugs etc. The breakfast buffets were quite chaotic (the first morning it was a bit of a treasure hunt to find milk and a spoon) and you had to ask the staff for bacon which is usually something already out as part of the cooked selection but as it was all self service the staff were few and far between it wasn’t easily sourced.
That being said, our room was clean and comfortable, staff were friendly and the restaurant inside the hotel was great - tasty food and excellent service with friendly staff. We will continue to be top fans of the RB hotel chain and only wish they were in the locations we are heading to in Canada later in the year!!",Another great stay,Couples,2026-03-31,AbbieSarah1,"West Midlands, England",Owner response,"Dear Mrs. Abbie Sarah,

Thank you very much for sharing your detailed review and for your continued loyalty to the Radisson Blu brand.

We are delighted to hear that you enjoyed your stay, appreciated the comfort and cleanliness of your room, as well as the atmosphere and our sustainability initiatives. Your kind words about our team, especially Valentina, mean a lot to us and will be gladly shared.

At the same time, we truly appreciate your constructive feedback. We are sorry for the inconveniences you experienced regarding room amenities, air conditioning, and breakfast organization. Please be assured that your comments have been shared with the relevant teams to help us improve.

We hope to have the pleasure of welcoming you back in the future.

Kind regards,
Izabela Tomczyk
Assistant Front Office Manager",Radisson Krakow,2026-03-28T15:31:25Z,,,,,,,,,,,,
1052133534,277359,2026-03-06T12:53:20Z,4,0,"Nice enough hotel go to central location very friendly and helpful staff. Hotel is not actually as nice as the Radison park inn by the ice Congress Centre although the location is closer to the city centre good breakfast  issues with very loud and rattling air-conditioning in the room that could only be switched off when the window was open, which then meant the noisefrom the loud street below instead.",Good location for old town,Business,2026-03-31,Pinkgina,,Owner response,"Dear Guest,

Thank you for taking the time to share your feedback with us.

We are pleased to hear that you appreciated our central location, as well as the friendliness and helpfulness of our team. It’s also great to know that you enjoyed our breakfast selection.

At the same time, we are sorry to learn that certain aspects of your stay did not fully meet your expectations. We regret the inconvenience caused by the air-conditioning system and the noise you experienced. Please be assured that your comments have been shared with our technical team, as this is certainly not the standard we aim to provide.

Your feedback is very valuable to us and helps us improve the quality of our services.

We hope to have the opportunity to welcome you back in the future and provide you with a more comfortable stay.

Kind regards,
Marta
Reception
Radisson Blu Krakow",Info Krakow,2026-03-22T11:39:02Z,,,,,,,,,,,,
1057941054,277358,2026-04-26T10:46:57Z,2,0,"The hotel itself is well-situated and pleasant.  However,  I am lactose-intolerant and I was very disappointed in the restaurant.  Every main course contains milk and the allergen labelling on the menu is very inaccurate.  It uses a milk bottle symbol for dishes including milk but two dishes are not labelled, even though one contains cottage cheese and the other is a spaghetti carbonara, which is a cheese-based dish.  There are other errors but these are two of the most blatant.  Breakfast was better (fortunately, as breakfast was included in my package) but, again, be wary of trusting the labelling.  I can’t see how pickled cucumbers can contain milk!  It’s such a pity, because the hotel is very good in other respects.",Think Twice About Choosing This Hotel If You Are Lactose-Intolerant.,Couples,2026-04-30,wendymM331DC,,,,,,Value,3.0,Rooms,5.0,Location,5.0,Cleanliness,5.0,Service,3.0,Sleep Quality,5.0
1050475854,277358,2026-02-21T04:26:21Z,4,0,"The location is good, close walking distance to the center of the city. The breakfast is ok. The staff needs training and need to be more helpful. TV was showing only polish channels and there was no option to use netflix. ...Overall ok but they need improve some points to make it a perfect stay",Good location but they need to improve their service,Family,2026-01-31,dimitrispG2450UN,,,,,,Value,4.0,Rooms,4.0,Location,5.0,Cleanliness,4.0,Service,3.0,Sleep Quality,4.0
1049740778,277358,2026-02-15T01:57:03Z,5,0,"We really enjoyed our stay, we booked it because of the pool but we only used it once as the poolside loungers were very uncomfortable!
However our room sleep quality was excellent, bed and pillows are very  comfortable,  we turned down the room temperature though which had been set far too high. The room and bathroom were spacious but the main room lighting was poor. We stayed 5 nights and had a free room upgrade which had a fabulous view of the castle and river. The location of the hotel is great, we got a bus to/from the airport and it was a short walk from the stop. We walked easily everywhere in the city, it’s about 20 minutes to the Main Square. 
There were lots of options for breakfast but felt the hot buffet didn’t keep the hot food hot enough and none of the chilled food eg fruit, yogurt, meats were on refrigerated display. Also we disagree that guests should be allowed to bring dogs into the buffet area and especially not on a leash. Perhaps now I’ve written this I should have rated lower than 5 stars but we enjoyed it and would recommend.","Great location, comfortable stay, slept well.",Couples,2026-02-28,Lesley61,"Richmond, North Yorkshire, England",,,,,,,,,,,,,,,,
1056238845,277649,2026-04-11T17:18:19Z,5,0,"⭐️⭐️⭐️⭐️⭐️ A Truly Exceptional Stay at NOVOTEL Katowice

Our experience at NOVOTEL Katowice was outstanding from start to finish. The hotel offers an impressive breakfast selection with a wide spread of delicious options to suit every taste. Dinner was equally memorable — beautifully prepared meals, rich flavours, and desserts that were simply irresistible.

What truly sets this hotel apart is the staff. Every single person we encountered was friendly, welcoming, and genuinely committed to making our stay special. Their warmth created an atmosphere that felt both professional and personal.

A heartfelt thank you to the entire team for making our visit so enjoyable, and a very special mention to Antoni and Natalia. Their kindness, attention to detail, and thoughtful support made our daughter’s  birthday celebration unforgettable. They went above and beyond in every way, and we are incredibly grateful.

We left feeling refreshed, appreciated, and eager to return. Highly recommended for anyone visiting Katowice.","Amazing food, atmosphere and personal support",Family,2026-04-30,craigey2025,,Owner response,"Thank you very much for your wonderful review and for taking the time to share your experience with us.

We are truly delighted to hear that your stay at our hotel was exceptional from start to finish. It is especially rewarding to know that you enjoyed both our breakfast selection and dinner offerings – your kind words about the quality and flavours mean a great deal to our culinary team.

What brings us the greatest satisfaction, however, is your appreciation of our staff. Creating a welcoming and personal atmosphere for our Guests is at the heart of what we do, and we are thrilled that this was reflected during your stay.

Your special recognition of Antoni and Natalia has been shared with them personally – they were deeply touched by your kind words. We are especially happy that they could contribute to making your daughter’s birthday celebration so memorable.

Thank you once again for your recommendation. We look forward to welcoming you and your family back in the near future.

Warm regards,
Justyna- Guest Experience Manager",Justyna Dziwoki,2026-04-20T07:37:47Z,,,,,,,,,,,,
1050747917,277649,2026-02-23T01:07:53Z,4,0,"What a lovely time we had!!
Rooms were as you'd expect from Novotel, the bed was supremely comfortable, and the room quiet, even in the city centre.
Nice spa facility with sauna, and pool was well worth using.
Easily reaches from the motorway, even with my directional skills (!) We stayed here for 3 days for a Hyrox competition and would happily come again. 
Biggest and best thing about the hotel is the staff, and breakfast.  What a huge selection on offer!!  
Special praise for Monika & her team, who catered for our daughter's dietary allergies without a fuss - you are a star!
Only downside is if you book half board the evening meal selection is somewhat limited if you are staying more than 1 or 2 nights.",A lovely few days in Katowice,Family,2026-02-28,scottmG8726JO,"Brighton and Hove, East Sussex, England",Owner response,"Dear Guest, 
Thank you so much for sharing such a wonderful review of your stay with us at Novotel Katowice Centrum.

We’re delighted to hear that you had such a lovely few days in Katowice and that the comfort of our rooms, the quiet atmosphere, and the spa facilities helped make your stay enjoyable—especially after busy days around the city and the competition. It’s great to know the location and easy access from the motorway worked well too (directional skills aside 😉).

Your kind words about our breakfast and, most importantly, our team truly mean the world to us. We’ll be very proud to pass your special thanks on to Monika and her team. Taking care of our guests’ dietary needs—especially allergies—is something we treat with the utmost care, so your appreciation will mean a lot to them.

Thank you as well for your honest feedback regarding the half-board dinner selection. We truly value such comments, as they help us identify areas where we can continue to improve the guest experience, especially for longer stays.

We would be absolutely happy to welcome you and your family back again in the future. Until then, we wish you many more great travels and competitions ahead! 😊
Regards, 
Justyna- Guest Experience Manager",Justyna Dziwoki,2026-02-23T07:57:52Z,,,,,,,,,,,,
1049975638,277649,2026-02-16T17:07:44Z,5,0,"I stayed at Novotel Katowice Centrum for almost 40 days during a long business trip, and I can honestly say it exceeded my expectations.

The hotel offers everything you need for an extended stay: comfortable rooms, a very good restaurant, a small but complete gym, and a relaxing SPA area with sauna, swimming pool and jacuzzi — perfect after long working days.

What truly makes the difference, however, is the staff. When you spend many weeks abroad for work, far from home, kindness and professionalism mean a lot. The bar and restaurant team are among the most friendly and helpful people I have ever met.

A special thank you to Paulina and Marta — charming, professional and genuinely kind. Their smile and attention to guests make you feel welcome every single day.",Highly recommended for both business and leisure stays.,Business,2026-02-28,Fearless12673452268,,Owner response,"Dear Guest, 
Thank you so much for taking the time to share such a detailed and thoughtful review of your stay at Novotel Katowice Centrum.

We are truly delighted to hear that your long business stay exceeded expectations and that the comfort of our rooms, restaurant, gym, and SPA facilities helped make your time with us enjoyable and relaxing after busy workdays.

Your kind words about our team mean a great deal to us. We know how important warmth and professionalism are when spending many weeks away from home, and it’s wonderful to hear that our bar and restaurant staff made you feel welcome throughout your stay. We will be especially happy to pass your compliments on to Paulina and Marta — your recognition of their kindness, professionalism, and positive energy will certainly put a smile on their faces.

Thank you once again for recommending us for both business and leisure stays. We sincerely hope to have the pleasure of welcoming you back in the future, whether for work or a well-deserved break.
Regards, 
Justyna- Guest Experience Manager",Justyna Dziwoki,2026-02-23T07:51:33Z,Value,4.0,Rooms,4.0,Location,5.0,Cleanliness,5.0,Service,5.0,Sleep Quality,5.0
1049124098,277649,2026-02-09T15:13:39Z,5,0,"The hotel was very convenient, the rooms were spacious and comfortable, and the staff were very friendly – ​​especially the receptionist, Kamil, who was very helpful and hospitable. I highly recommend this hotel.",Dorota,Business,2026-02-28,dorotakI2193VX,,Owner response,"Thank you very much for your kind recommendation and for choosing Novotel Katowice Centrum. We’re delighted to hear that you found the hotel convenient and the rooms spacious and comfortable.

Your special mention of Kamil from the reception truly means a lot to us. We will be happy to pass along your compliments to him and the entire team — feedback like this is a wonderful motivation and a great reward for their daily efforts.

We sincerely hope to welcome you back again in the future and provide you with another excellent stay.
Regards, 
Justyna- Guest Experience Manager",Justyna Dziwoki,2026-02-17T06:19:12Z,Value,5.0,Rooms,5.0,Location,5.0,Cleanliness,5.0,Service,5.0,Sleep Quality,5.0
1011530384,1654292,2025-06-07T14:50:38Z,5,0,"Just back from a 2 night break and struggling to fault anything about this Hotel
We have visited various parts of Poland on 8 separate occasions and must say this Hotel is probably the nicest we have  stayed in
We booked a Junior suite on the 1st floor, big spacious room, comfortable bed, power shower and bath, separate “make up” room, bath robe, slippers, tea, coffee and a free chocolate left on our pillow was a lovely touch
Breakfast the best yet, catered for everyone’s needs, so much choice!!
We got the bus from the airport ( AP ) which dropped us right outside the hotel and going back the bus stop is just across the road, trams a 5 minute walk away as where plenty of shops, bars, food….
Hotel staff lovely and nothing too much trouble
If we ever return to Katowice this is the place we will stay again and would happily recommend",Ohhh Vienna,Family,2025-06-30,V2847XGgaryk,England,Owner response,"Dear Guests,
thanks a lot for your really great comment and rating! We are glad that we met all your expectations and you felt well during your stay :) 
Great that you liked our location, the room, breakfast and our friendly staff :) Thank you for your visit and we are looking forward to seeing you again! 
Regards,
Anna Gorczyca-Dziewięcka
Resident Manager",Vienna House,2025-07-28T21:32:07Z,Value,5.0,Rooms,5.0,Location,5.0,Cleanliness,5.0,Service,5.0,Sleep Quality,5.0
972421268,1654292,2024-10-03T12:42:59Z,4,0,"Hotel is five minutes walk from station, city centre, large shopping malls and main bus stops.
Hotel receptionist was welcoming and helped me when I needed a favour. Hotel rooms were large and had lots of storage areas, room could get warm, windows open but the hotel is near to a busy road and bus stops, the biggest letdown was the showers which was powerful and easy to use but you needed to wait for the water to drain slowly away before opening the door as it would flood the bathroom if you opened it.",Easy to find,Solo travel,2024-09-30,FootienBeer,"Shrewsbury, Shropshire, England",,,,,Value,3.0,Rooms,3.0,Location,5.0,Cleanliness,4.0,Service,5.0,Sleep Quality,3.0
1053663179,1400018,2026-03-20T16:13:14Z,5,0,"Super hotel, great option for weekend break, hotel is located location for travelling, plus three is a good service in cantine (thanks for Anastasia).",My visit,Friends getaway,2026-03-31,K9870VRkamilp,,Owner response,"Szanowny Panie Kamilu,

Dziękujemy za Pańską pozytywną opinię. Cieszymy się, że nasza lokalizacja oraz obsługa w kantynie spełniły Pańskie oczekiwania. Zachęcamy do ponownej wizyty w ibis budget Katowice Centrum.

Justyna - Kierownik ds. relacji z gośćmi",Justyna Dziwoki,2026-03-21T08:24:38Z,Value,5.0,Rooms,4.0,Location,5.0,Cleanliness,5.0,Service,5.0,Sleep Quality,5.0
1004677782,1400018,2025-04-28T06:05:05Z,5,0,"Absolutely lovely hotel, super clean, nice sized rooms and  staff very friendly. Amazing breakfast super fresh.everything you need is in close distance from hotel. Extra thanks to Kamil at reception for going the extra mile, will definitely be returning.",Brilliant,Family,2025-04-30,Curious52715504153,,Owner response,"Dear Guest, 
Thank you so much for your wonderful feedback! 🌟 We’re delighted to hear that you enjoyed the cleanliness of the hotel, the comfort of the rooms, and our breakfast selection.

A special thank you for mentioning Kamil at reception – we’ll make sure to share your kind words with him, as it will surely make his day! 💙

We look forward to welcoming you back on your next visit to Katowice.

Best regards,
ibis Budget Team ",Justyna Dziwoki,2025-09-03T11:35:02Z,Value,5.0,Rooms,5.0,Location,5.0,Cleanliness,5.0,Service,5.0,Sleep Quality,5.0
1011786523,12167331,2025-06-09T06:54:05Z,4,0,"Perfect hotel base for exploring the town. Clean, friendly staff and quality food. The rooms were clean and had all the amenities required. Only 45 minutes from Krakow airport which was ideal. Only reason for 4/5 stars was the lack of decent gym equipment but otherwise it was fine for a short stay.",Great base for exploring,Business,2025-06-30,rossh800,"Dunoon, Cowal Peninsula, Argyll and Bute, Scotland",,,,,,,,,,,,,,,,
957700733,12167331,2024-07-02T12:47:06Z,4,0,"Hotel located a few minutes walk from the market square. A nice room with a comfortable bed, very tasty breakfasts with a wide selection of dishes and drinks (you can compose your own vegetable or fruit juice in a slow juicer). Friendly staff, parking available on site. I recommend it and if I come to Katowice,I will gladly come to this hotel again.",In the heart of the city,Couples,2024-06-30,AleksandraJ659,"Copenhagen, Zealand",Owner response,"Dear Mrs Aleksandra,

thank you for such a nice review:-)  It's a great pleasure to read such a comments. 
We hope you won't forget about us during your next visit in Katowice.

My best regards,
Katarzyna Gaweł Hotel Manager.", ,2024-07-11T06:26:56Z,Value,4.0,Rooms,4.0,Location,4.0,Cleanliness,4.0,Service,4.0,Sleep Quality,4.0
951284306,12167331,2024-05-18T02:07:28Z,2,0,"Noise! Intolerable noise of trains passing by! 
Luckily I spent there one night only, because I would probably check-out after one night anyway. 
Hotel is located close to the city center but it’s also close to main train station so if you’re “lucky” :/ you have a room with constant noise of trains. Closed window doesn’t help at all.
I was awaken with every single train.
Bed was uncomfortable - I travelled with my partner but our double bed was made of two single with a hole between so doesn’t matter if you take one big bed or two single - you still sleep separately :/
Restaurant and bar are closed from 10pm - it’s surprisingly early, especially for 4 star hotel.
Room was spacious, personnel was kind and professional.
Unfortunately I woke up so tired that there’s nothing that could help to change my negative opinion, especially for this price - because it’s not one of the cheap hotels.",Never again!,Couples,2024-05-31,U7294ZHrenatab,"Warsaw, Mazovia Province, Central Poland",,,,,,,,,,,,,,,,
1056121212,23417081,2026-04-10T17:19:53Z,5,0,"Exceeded my expectations in every area, very clean and spacious rooms, extensive breakfast 😋,  Julia, the receptionist, was very patient with booking ammendments done on arrival .
I would recommend 👌 any time.",Lovely experience,Family,2026-04-30,620bellaw,"Dublin, County Dublin",,,,,,,,,,,,,,,,
1051111836,23417081,2026-02-25T21:34:23Z,5,0,"Great location 2 minutes walk from bus station and 40 minutes from airport. Good size rooms very clean, large comfortable bed, we had a longe area with large Tv, bathroom room was a really good size with a bath with rain full shower. Food was lovely and quite cheap too, breakfast is around £15 per couple with a wide range of hot and cold food. Staff was very friendly and helpful, check in is from 4pm but we arrived 2 and half hours early and within half an hour our room was ready,and they let us check in early at no extra charge. We would definitely stay here again",Great hotel ideal for sightseeing or business trips,Couples,2026-02-28,Odyssey34425609212,,,,,,Value,5.0,Rooms,5.0,Location,5.0,Cleanliness,5.0,Service,5.0,Sleep Quality,5.0
1047907491,23417081,2026-01-30T06:40:38Z,5,0,"A 2 week business trip at short notice wasn't ideal for my first visit to Poland. I arrived only knowing how to say ""Hello"" and ""Thank you"". Fortunately for me I found that all of the hotel staff can speak fluent English. In fact the staff are the hotel's greatest asset especially the hospitality staff working on the ground floor. All are pleasant polite and friendly, smiling, sharing a joke and making my stay more enjoyable. The room was clean, warm and comfortable. The quality of the food and beers served was very good. The only criticism I can think of is that if you're staying for a longer duration than just a weekend then you might find the evening menu slightly limited. However there are a plethora of different places to eat within a 10 minute walk of the hotel. I also found that the hotel's location just a minute's walk from the railway station and the [relative to the UK]  VERY cheap rail travel means that this hotel would be a viable choice for people visiting Krakow [the direct train took 50 minutes and cost me under £20 for a 70km journey first class!  Katowice is also cheaper than Krakow. Finally the five storey shopping centre next to the railway station is full of brands familiar to us Brits - Nike, Adidas, North Face TKMAXX etc.... that's also a 2 minute walk from the hotel. I'd definitely stay here again and also recommend it to others. Overall the hotel was by far the best part of my trip.",Pleasant warm clean hotel with a good location.,Business,2026-01-31,L6331BOmikej,,,,,,Value,5.0,Rooms,5.0,Location,5.0,Cleanliness,5.0,Service,5.0,Sleep Quality,4.0
1047208023,23417081,2026-01-24T14:22:44Z,3,0,"This hotel is in a good location for the train station and shops etc, and that is handy. All of the staff seemed very nice, including the restaurant staff and the reception staff, expect for the person who checked me in. Thankfully I never had to deal directly with that person again but he was hovering around regularly. I do not expect to be spoken to in the way he did with such a foul look, especially with status in the Accor loyalty scheme. Unfortunately, it was not possible to be upgraded this time, and I got a bit of soap. Loyalty is important there it seems /s. Anyway, the hotel was ok but nothing special. Kind of a bit of a strange atmosphere it seemed to me.",Ok,Solo travel,2026-01-31,b037,"Randalstown, County Antrim, Northern Ireland",,,,,Value,4.0,Rooms,4.0,Location,4.0,Cleanliness,4.0,Service,4.0,Sleep Quality,4.0
1034935600,23417081,2025-10-15T08:31:10Z,4,0,"Check-in was fast and friendly. The hotel is right next to the train station and a large shopping mall.

The room was on the 8th floor, nice view out the window.

A comfortable double bed, a walk-in shower, good wifi, and a large TV complemented the room. There was no noise from outside the room; it was very well insulated.

A large breakfast buffet is available in the morning. Plenty to choose from. This is, of course, extra unless you booked your room with breakfast included.

All in all, a pleasant stay, and I can highly recommend the hotel.",Enjoyable stay,Solo travel,2025-10-31,yvr1,"Vancouver, British Columbia",,,,,Value,4.0,Rooms,4.0,Location,4.0,Cleanliness,5.0,Service,4.0,Sleep Quality,5.0
983631750,502269,2024-12-08T13:19:37Z,5,1,A great hotel in a great location within walking distance to a shopping mall.  Easily accessible by bus from the centre of Katowice. This place certainly didn’t disappoint - the staff were incredibly helpful and supportive. It’s certainly a quiet hotel - it is pet friendly too which might not be to everyone’s taste,A great gem,Friends getaway,2024-12-31,robertgJ9144LV,United Kingdom,Owner response,"Dear Sir

Thank you very much for your review and the positive feedback. We are very glad to hear you enjoyed your stay.

Additionally a huge ""Thank You"" for all your kind words. It will help us to continually improve our service and offer for our guests.

We are very much looking forward to greet you as our guest some time soon.

Yours sincerely

General Manager

Campanile Katowice
",Olga Śmielak,2024-12-16T05:40:27Z,Value,4.0,Rooms,4.0,Location,5.0,Cleanliness,5.0,Service,5.0,Sleep Quality,5.0
983280367,502269,2024-12-05T11:34:52Z,5,0,"Everything as expected. Perfect for me. Very nice service, great coffee. I really enjoyed the breakfasts. The rooms are very clean and the lady at the reception is very nice. I especially liked the bartender on the morning shift. I recommend this place to everyone. If you are visiting Katowice, this is a good choice for accommodation",Very satisfied,Business,2024-09-30,F3735NPtomaszc,,Owner response,"Dear Sir,

Thank you very much for your review and the positive feedback. We are very glad to hear you enjoyed your stay.

Additionally a huge ""Thank You"" for all your kind words. It will help us to continually improve our service and offer for our guests.

We are very much looking forward to greet you as our guest some time soon.

Yours sincerely

General Manager

Campanile Katowice
",Olga Śmielak,2024-12-16T05:39:58Z,Value,5.0,Rooms,5.0,Location,5.0,Cleanliness,5.0,Service,5.0,Sleep Quality,5.0
915535578,1723757,2023-09-08T16:13:08Z,2,0,"Esperienza da dimenticare Hotel dove se non lo prevedi non rifanno le camere assurdo, inoltre il ristorante così raccomandato indecente con personale indecente. Sembrano dipendenti pubblici veramente maleducati. Radisson dovrebbe selezionare meglio il personale.

An experience to forget Hotel where if you don't plan it they don't redo the rooms absurd, furthermore the restaurant so recommended indecent with indecent staff. They seem like really rude civil servants. Radisson should select staff better.",Visita Cracovia,Friends getaway,2023-09-30,EmilioP664,"Venice, Veneto",,,,,,,,,,,,,,,,
914595746,1723757,2023-09-03T09:27:26Z,4,0,"Reasonably priced hotel by the park with free parking. 24/7 gym, sauna and steam room, small but cosy and clean.
Very attentive and pleasant staff at the reception, and also in the breakfast restaurant.",Hotel near the park,NONE,2023-08-31,Klakot,"Prague, Bohemia",,,,,Value,4.0,Rooms,4.0,Location,4.0,Cleanliness,4.0,Service,4.0,Sleep Quality,3.0
914043243,1723757,2023-08-31T07:29:51Z,4,0,"smoking smell in the room and impossibility to open a window normally 

Breakfast is not worth the price paid
Variety of dishes is poor

It’s time to renovate the rooms 
Bed and pillows were good, it was quiet 
outside. Sleep experience is excellent 
",One night stopover before flight,NONE,2023-08-31,mperva458989,"Porto, Porto District, Northern Portugal",,,,,Value,4.0,Rooms,4.0,Location,4.0,Cleanliness,4.0,Service,4.0,Sleep Quality,4.0
913403848,1723757,2023-08-28T05:50:02Z,1,0,"The worst expierence - dirty and damaged rooms. No security, the room door lock was not working. And anybody could access the room floors by lift. The overall feel that the hotel is outdated, with quite a lot of thing damaged and dirty. The bedroom bed had bugs. ",Draged down the Radisson brand,NONE,2023-08-31,CocoAndBilly,Riga Region,,,,,Value,1.0,Rooms,1.0,Location,3.0,Cleanliness,1.0,Sleep Quality,2.0,,
1033529876,12246671,2025-10-05T12:44:26Z,5,0,"Very nice hotel with a great location. Had a room at 24th floor with nice views to the city. Room was very clean and cozy. Breathtaking views from the 27th floor restaurant, especially at night time. Helpful staff and an outstanding fitness center. A short walk to the street with a bunch of great restaurants. Would definitely recommend this hotel.",Nice hotel with a good location.,Business,2025-07-31,Tuksendaali,"Helsinki, Uusimaa",,,,,,,,,,,,,,,,
1032360220,12246671,2025-09-27T11:41:22Z,5,0,"I came here with a friend to have lunch and enjoy a view of Katowice from high up, and wasn't disappointed. The resturant on the top floor provides a breathtaking view of the city and its surroundings, which alone is worth the visit. We had a quick lunch also, the menu wasn't vast but had enough choice and food was good quality.",Lunch with a stunning view,Friends getaway,2025-09-30,marco938,"Belfast, Northern Ireland",,,,,Value,4.0,Location,5.0,Cleanliness,5.0,Service,5.0,,,,
1013083353,12246671,2025-06-15T04:11:13Z,5,0,"Nice hotel. The reception staff were friendly and very helpful.  Rooms were nice, comfy, clean and spacious.  The hotel is well located.  The bar is very nice with great views but closes too early.  Breakfast was also quite good.  Worth staying here if visiting Katowice",Good hotel,Business,2025-06-30,Seanbrody,"Manchester, Greater Manchester, England",,,,,,,,,,,,,,,,
1033807292,286780,2025-10-07T09:35:34Z,5,0,A lovely clean hotel in a great location. It has friendly staff and a really nice bar. The rooms are very modern and the beds are really comfortable.,"Great hotel, great location",Friends getaway,2025-10-31,athloneundercover,,,,,,,,,,,,,,,,,
1010558927,286780,2025-06-01T04:15:25Z,5,0,"Absolutely extraordinary hotel in the heart of Katowice. Nice and clean room but the best thing was the STAFF! Thank you for EVERYTHING you did for us during the trip, hope it shows in your paychecks. Will recommend you and hope to see you again. Lina and Elton in room 422",Amazing hotel,Family,2025-06-30,linalO3461FF,,,,,,,,,,,,,,,,,
991483045,286780,2025-01-29T06:11:39Z,5,0,"Excellent Hotel, it was very clean / the staff were very helpful. It was an excellent price too. I will definitely be staying here again. The Restaurant food is very fancy, which if you are wanting more standard food like an Indian/ kebab / pizza there are all sorts of very nice restaurants within a 2/ 3 minute walk.",Excellent Hotel,Business,2025-01-31,Voyage38236616905,"Derby, Derbyshire, England",,,,,Value,5.0,Rooms,5.0,Location,5.0,Cleanliness,5.0,Service,5.0,Sleep Quality,5.0
974314603,286780,2024-10-17T16:17:39Z,5,0,"3 nights of comfort, great restaurant (rich and quality breakfast, delicious dinner choices) and helpful / nice stuff at reception and at restaurant. Parking infront is convenient. Place is well positioned to access to center. Definitely stay again !",Wonderful stay,Business,2024-10-31,G8826VKantons,,,,,,,,,,,,,,,,,
966625404,286780,2024-08-25T05:09:47Z,4,0,"As the title says. The location is just superb, breakfast had a wide selection and was overall very good, the room was big and the bed really comfortable. But the soundproofing in the room was lacking and we could hear the noise from streets and passing trains as if the windows were open. Yes, central location and next to train station - some noise is inevitable, but this was really noticeable. Luckily this was fixed with a pair of earplugs and we did sleep well, but if you cannot sleep with earplugs on, this might be a dealbreaker.","Excellent location and great breakfast, but a bit noisy",Couples,2024-08-31,69mep,,,,,,,,,,,,,,,,,
1058015985,6664499,2026-04-27T04:29:10Z,5,0,"Wonderful hotel! Perfect location, beautiful rooms, delicious breakfast, attentive service, clean and comfortable rooms. A great bonus - they have bikes you can use free of charge to roam around the city 😊 I recommend it highly",Wonderful stay!,Solo travel,2026-04-30,Pioneer16630481451,"Lake Zurich, Lake County, Illinois",Owner response,"Good morning,

thank you very much for your wonderful review and for recommending us. We are delighted to hear that you appreciated our location, rooms, breakfast, attentive service and cleanliness. We’re also glad you enjoyed our complimentary bikes — a great way to explore the city 😊

Warm regards,",Michal Grabowski,2026-04-29T02:35:35Z,,,,,,,,,,,,
1056712231,6664499,2026-04-15T16:53:34Z,5,1,"We visited Poznan with my parents in law for a family christening nearby.  We completed check in online in advance of arrival, so when we arrived to the hotel at about 1am, after delayed flight from Dublin, the process at the desk was super quick.  The girl was very welcoming and helpful also.  

We were in room 407, which was clean and spacious enough for our 4 night stay.  Shower was one of the best I've used in hotels to date.  Bathroom was also spotless and had hairdryer, box of toiletries (nail file, shower cap, cotton pads, cotton buds, shoe sponge, etc), towels, etc.  While bathroom walls were frosted glass, there was a thick curtain you could pull across bathroom wall / hallway to seperate the bed area, if required. Sufficient wardrobe space for two people.  Vanity table (although a large mirror here with better lighting would be useful.  Cans of still/sparkling water provided daily, as well as a mini fridge.  Digital panel in room for selecting areas of room to turn lights on.  Bed was comfortable with choice of two different pillows.  Duvet (duck feather I think?) was a little noisy the first night any time we moved, but we were so tired the nights that followed, that it didnt bother us.  

Breakfast was honestly the best I've ever had in a hotel!  There was a choice of four hot breakfast courses to order from the front of house staff member upon entrance (I had the poached egg and avocado toast each of the four mornings and was faultless each time!), but also other hot breakfast buffet, various dishes like salmon pate, herring in mustard mayo (my fave!!), tuna paste, etc.  Also cereals, granolas, fruit, meats, cheese, bread/rolls, salads, yoghurts.  Good quality coffee machines and delicious juices (try the cucumber / pineapple / ginger smoothie, so good!). 

We did not have dinner in the hotel, but popped in for a few beers / cocktails on two of the evenings - the Blackwater cocktail is delicious.  Breakfast staff / bar staff all very friendly and helpful and the general area is very comfortable.  

We joined the free 11am Saturday morning walking tour of the area - the tour guide was interesting to listen to and spoke clearly.  It gave us a great introduction to Poznan and was a lovely bonus with our stay.  

A coffee / hot chocolate machine is provided in the lobby, as well as a great selection of teas, along with fresh water.  There is plenty of comfortable couches / armchairs to relax in, as well as desk space if required.  

Location of the hotel was excellent - approximately 5 minute walk or less to Stary Rynek (main square) and other sites like Imperial Castle, Stary Browar (shopping centre) are all within wasy walking access.  The tram passes the hotel also, although we did not use public transport during our stay.  

We did however book taxis on two occasions through the hotel reception, both of which times they were there at the required time.  

There is a small gym on the fourth floor, as well as a sauna, but we did not get to use these.  

I would highly recommend Puro Hotel if staying in Poznan and would go as far as saying that based on our experience in their Poznan hotel, they would probably be a good choice if staying in any of the other cities where they are based.  I will definitely be considering them for future trips.",Excellent! Best shower and breakfast ever!,Couples,2026-04-30,Suzywuzy22,"Dublin, County Dublin",Owner response,"Good morning,

Thank you so much for your wonderful and detailed review.

We’re truly delighted to hear that you had such an enjoyable stay and that so many aspects — from the smooth late check-in, comfortable room, and amenities, to the breakfast, lobby space, and overall atmosphere — met your expectations.

It’s especially great to know that you appreciated the breakfast variety and quality, as well as the friendliness of our team across all departments. We’re also happy that you had the opportunity to join the city tour and make the most of our central location.

Thank you for your kind recommendation — it means a lot to us. We would be absolutely delighted to welcome you again, whether in Poznań or in one of our other hotels in the future.

Warm regards,",Michal Grabowski,2026-04-16T03:26:03Z,Value,5.0,Rooms,4.0,Location,5.0,Cleanliness,5.0,Service,5.0,Sleep Quality,4.0
1056432524,6664499,2026-04-13T08:14:56Z,5,0,"Had a wonderful 4 night stay at this excellent hotel. Friendly and helpful staff throughout, super clean beautiful room. Was sharing a superior double with my sister, which was perfect. Spacious and well thought out design. Coffee maker, complimentary daily water, robes and slippers, toiletries, hairdryer decent, lovely shower. Only thing missing was magnifying mirror. Comfy bed with choice of pillows. Well placed reading lights. Very quiet air con. Window opens. Superior room also comes with complimentary 2 pm check out which was ideal. Other family members had standard doubles single occupancy. Also okay for a couple, a little bit smaller. Breakfast was outstanding! Large range of hot and cold items, including made to order. Vegan choices. The quality in the restaurant was also excellent- we had dinner there twice, very very good. The public area was also great and we used it a lot to meet up but also spend time in playing cards etc. complimentary hot drinks available and a range of seating options. Also a lovely courtyard. Location brilliant, everything on doorstep. It was so good we are already planning our next getaway together staying in another Puro hotel !",Excellent hotel,Family,2026-04-30,Karla,"Edinburgh, Scotland",Owner response,"Good morning,
Thank you so much for your wonderful and detailed review.

We’re absolutely delighted to hear that you had such an enjoyable stay and that you appreciated the comfort and design of your room, as well as the amenities provided. It’s great to know that both the superior and standard rooms met your expectations.

We’re especially pleased that you enjoyed the breakfast, restaurant quality, and our shared spaces — including the lobby and courtyard. It’s also fantastic to hear that our team made a positive impression throughout your stay.

Thank you for your kind words and for choosing our hotel. We’re already looking forward to welcoming you during your next stay at one of our hotels!",Michal Grabowski,2026-04-15T06:54:15Z,,,,,,,,,,,,
1055479179,6664499,2026-04-05T14:14:40Z,5,1,"Second time staying here.  The hotel is immaculate.  Staff are lovely and the rooms comfortable.  Only a couple of minutes walk from the main square.  

Bedding and toiletries are a good quality.  

In the lobby area there is a coffee machine with tea.  Again a very nice touch to have a drink whilst waiting.  Would certainly stay here again.",Lovely hotel in great location.,Friends getaway,2026-04-30,DaninrugbyUk,"Rugby, Warwickshire, England",Owner response,"Good morning,

Thank you for your kind review and for choosing to stay with us again.

We’re delighted to hear that you enjoyed our location, cleanliness, and comfortable rooms, as well as the quality of bedding and toiletries. It’s also great to know that the coffee and tea in the lobby added a nice touch to your stay.

We truly appreciate your loyalty and look forward to welcoming you back again soon!

Regards,",Michal Grabowski,2026-04-07T08:51:29Z,Value,5.0,Rooms,5.0,Location,5.0,Cleanliness,5.0,Service,5.0,Sleep Quality,5.0
1050614595,626806,2026-02-22T03:19:27Z,5,0,"Sheraton Poznań, built in 2006 is opposite Poznań Expo, at walking distance of Poznań Główny and offers 180 rooms over 8 floors. Furnishings and decoration provide a quiet, high-quality atmosphere. There are a restaurant, spa & pool, and gym. Service is good and friendly. We were upgraded to club-floor. Our comfortable room had desk & chair, club-chair, TV, wardrobe with safe, ironing facility, fridge & Nespresso facility and an excellent kingsize bed. Window can be open, but you must face traffic noise. We had a nice bathroom with washbasin, shower over the bath, and toilet. All was impeccably clean. An excellent buffet breakfast is served: eggs made to order, a choice of cold cuts & cheeses, breads & toast, cereals & fruits, milk & yoghurts, juices & preserves, rolls & croissants, sparkling wine, tea & coffee. Sheraton Poznań is a comfortable hotel. Highly recommended.",A comfortable hotel close to railway station,Solo travel,2026-02-28,MrsPiket,"Rotterdam, South Holland Province",,,,,,,,,,,,,,,,
1044795898,626806,2026-01-03T16:57:49Z,5,0,"Lovely overnight stay to start off our trip in Poznan. Spacious room, nice lobby and friendly staff. Had an early flight and they accommodated for us and allowed an earlier check in and when checking out allowed us to store our luggage for a couple hours. Used facilities such as pool, gym and sauna, was always nice and quiet and we recommend this hotel if staying in Poznan. A bit too far if wanting to walk into the square however not far in a taxi and is near the airport.",Excellent overnight stay,Couples,2026-01-31,Jet61217893029,,,,,,,,,,,,,,,,,
1043100114,626806,2025-12-20T05:44:50Z,5,0,"Spent 2 nights at this property for business.  It is what you would expect of a Sheraton Property.  Had a Club Lounge Access room.  The club lounge is nice with plenty to choose from during evening cocktail / happy hour.

Things to like:
Nicely appointed room
Easy check in / out
Close to city center center
About 15 mins to Airport 
Breakfast was plentiful and good

Things to improve:
Could be quicker to seat and serve for Breakfast","Good Stay, Close to City Center",Business,2025-11-30,C9521GSbrianm,Luxembourg City,,,,,,,,,,,,,,,,
1032959625,626806,2025-10-01T09:54:37Z,1,0,"An incredible example of an accountability sink: Reserved the hotel months ago via the Marriott application. Got a careless email today that the reservation is cancelled and there is no availabilty left on the dates booked. The reason given was that the credit card had expired in the meantime. I did indeed have to update my credit card details for other bookings via the Marriott app.
I cannot understand why, months later, old data from the original booking was still being used. But what is particularly disappointing is the fact that they did not even try to contact me first and simply cancelled the reservation.",Terrible customer service,Business,2025-10-31,pluethili,"Aarau, Canton of Aargau",Owner response,"Thank you for reaching out to us regarding your recent reservation.
We sincerely apologize for any inconvenience caused by the cancellation due to the expired credit card used for the guaranteed which is required. 
We understand how disappointing this situation can be, unfortunately, our policy requires a valid credit card to secure reservations and in this case, we were unable to proceed due to the expiration.  
In direct contact, we will make every effort to support you in finding a solution and assist you in making a reservation in Poznań for the desired date.

We value you patronage and hope to have the opportunity to welcome you in the future.

",Katarzyna Larska-Burzynska,2025-10-02T05:13:45Z,,,,,,,,,,,,
1031291215,626806,2025-09-20T12:04:29Z,5,0,"We chose the Sheraton for our first visit to Poznan and were not disappointed at all. The hotel has a very charming feel about it and all areas were nicely decorated with clear upgrades having taken place in recent years. The hotel has a fresh and relatively classic feel including in the bedrooms which are comfortable, spotlessly clean, spacious and well maintained. We were able to check in early at 1pm which was fantastic and much appreciated. The staff were brilliant across all areas of the hotel. We loved the beds which were really comfy and the view towards the city. The hotel is perfectly located; with the airport buses (lines 148/159) departing directly outside the hotel at “Baltyk” and arriving just a minutes walk from “Rondo Kaponeira”. Only takes around 19 minutes to the airport and costs a mere 7PLN! The trams connecting you quickly and easily across town, including to the Old Town Market Square, are also on the doorstep and you can pay on the tram using a contactless card. Very handy! We especially loved the breakfast buffet which had a huge array of continental options, hot options, cook-to-order options as well as the usual cereal, breads, yoghurt, pastries and desserts. In the lobby at all times you could help yourself to a refreshment - during our stay the complimentary drink on offer was lemonade. Very tasty! We would return to Poznan in a heartbeat, we really liked it, and wouldn’t look to stay anywhere else but the Sheraton. It was absolutely perfect in all ways.",Absolutely Perfect!,Family,2025-09-30,Champagnecosmo,"Peebles, Scottish Borders, Scotland",Owner response,"Dear Guest,
Thank you so much for your fantastic review! We’re thrilled you chose Sheraton Poznań and that your stay was so enjoyable. It’s great to hear you appreciated the comfort, cleanliness, and charm of our hotel, as well as the convenient location and excellent breakfast.
We’re especially happy our team made a positive impression — and that the early check-in was helpful. Your travel tips are spot-on and will surely help future guests!
We’d love to welcome you back anytime. Poznań and Sheraton will be waiting!

Warm regards,
Sheraton Poznan Team",Katarzyna Larska-Burzynska,2025-10-02T05:17:38Z,,,,,,,,,,,,
1051055527,1072730,2026-02-25T10:15:35Z,5,0,"I had a great stay at NH Poznan. The room was spotless, and the cleaning service was top-notch. What impressed me most was the staff's helpfulness. When my sneakers broke, they quickly found a store that was open on a Sunday and called a taxi for me. Truly professional and caring. Highly recommend for both business and leisure!",Exceptional service and very helpful staff!,Business,2026-02-28,125stanislawl,,Owner response,"Dear Guest,

Thank you for sharing such warm feedback about your stay. We are delighted to hear that you found the room impeccably clean and that our housekeeping team made a positive impression.

It is wonderful to know our team’s attentive assistance helped you quickly find what you needed and travel there with ease. Providing thoughtful, timely support is central to our service philosophy.

We appreciate your recommendation for both business and leisure travelers and are grateful for your kind words. We look forward to welcoming you again for another excellent stay.

Kind regards,
Agnieszka Oćwieja
General Manager

",HotelNHPoznan H,2026-02-26T02:26:37Z,Value,5.0,Rooms,5.0,Location,5.0,Cleanliness,5.0,Service,5.0,Sleep Quality,5.0
1049488237,1072730,2026-02-13T02:08:36Z,5,0,"Great stay at NH Poznań. Clean, comfortable room, friendly and professional staff, excellent location and tasty breakfast. Would gladly return!",Visit to Poznan,Business,2026-02-28,763nikolayk,"Warsaw, Mazovia Province, Central Poland",Owner response,"Dear Guest,

Thank you for sharing such generous feedback about your stay at our hotel. We are delighted to know you enjoyed the clean, comfortable room, our friendly and professional team, the convenient location, and the breakfast.

Your kind words reflect the standards and hospitality we strive to provide every day. It is wonderful to hear you would gladly return.

We look forward to welcoming you back for another excellent stay.

Regards,

Agnieszka Oćwieja
General Manager",HotelNHPoznan H,2026-02-16T04:22:10Z,,,,,,,,,,,,
1044664675,1072730,2026-01-02T16:44:18Z,5,0,"I had a wonderful stay at NH Hotel in Poznań. The location is excellent, within walking distance of the Old Town and main attractions. The room was clean, spacious, and very comfortable, making it easy to relax after a long day. The staff were professional, friendly, and always willing to help with a smile. Breakfast was fresh, well-organized, and offered a good variety of choices. Overall, the hotel provided great value and a pleasant experience. I would definitely stay here again and highly recommend it to anyone visiting Poznań.",Excellent Location and Friendly Service – NH Hotel Poznań,NONE,2025-12-31,spk978,Kaohsiung,Owner response,"Dear Guest,

Thank you very much for your wonderful review and for choosing NH Poznań during your stay in the city.
We are delighted to hear that you enjoyed our prime location and that your room provided the comfort and relaxation you deserved. It is also a great pleasure to read your kind words regarding our team; we take great pride in our service, and knowing that our staff made a positive impression on your stay is truly rewarding. We are also glad that our breakfast variety met your expectations.

Your high recommendation means a lot to us, and we look forward to welcoming you back to NH Poznań in the near future.

Warm regards,
Agnieszka Oćwieja
General Manager",HotelNHPoznan H,2026-01-07T03:10:04Z,Value,5.0,Rooms,5.0,Location,5.0,Cleanliness,5.0,Service,5.0,Sleep Quality,5.0
1037359174,1072730,2025-11-01T18:50:26Z,5,0,"The rooms are really fantastic, spacious, quiet and clean. The breakfast was delicious. It is very close to the old city and ",Amazing room and breakfast!,Business,2025-10-31,cristinas549,Berlin,Owner response,"Dear Guest,

Thank you for sharing such thoughtful feedback. We are delighted to hear that you enjoyed the spacious, quiet, and clean rooms, as well as the delicious breakfast.

It is wonderful to know our location enhanced your visit to the old city. Your comments reflect the comfort and quality our team strives to provide.

We appreciate your support and look forward to welcoming you back for another enjoyable stay.

Best regards,
Agnieszka Oćwieja
General Manager",HotelNHPoznan H,2025-11-03T08:52:23Z,Value,5.0,Rooms,5.0,Location,5.0,Cleanliness,5.0,Service,5.0,Sleep Quality,5.0
1023836061,275079,2025-08-11T13:25:19Z,5,1,"We have been staying at this hotel for many years, always as a stop on our drive home through Poznań — and it never disappoints. There is convenient parking right in front of the hotel on the street. The staff is always polite, helpful, and ready to assist in any way possible.

The rooms are spacious, with very comfortable beds and pillows. However, if you value complete quiet, I recommend requesting a room not facing the main street. In the evenings and even at night, there can be noise from passing cars and trains, so a courtyard-facing room will be much more peaceful.

The location is perfect — right in the city center, next to the main train station and just a short walk from the Old Town.

And the breakfast deserves a special mention: incredibly fresh and delicious products, with outstanding pastries. It’s honestly one of the best breakfasts I’ve ever had in a city hotel of this type, especially in terms of the quality of the ingredients.",Our Regular Stop in Poznań for Many Years,Couples,2025-08-31,Kristine189,"Riga, Riga Region",,,,,,,,,,,,,,,,
995350574,275079,2025-02-25T01:31:12Z,5,0,"Nice bussiness hotel. Clean, comfortable rooms. Good loaction with public transport available. Excelent gastro, fruitfull breakfast but the nicest the pastry with rogale marcinskie. ",Another super stay,Business,2025-02-28,Mili104,,,,,,Value,5.0,Rooms,5.0,Location,5.0,Cleanliness,5.0,Service,5.0,Sleep Quality,5.0
983461023,275079,2024-12-07T05:25:15Z,5,0,"What we love: 
- Service is efficient, hospitable and friendly
- Love the breakfast options; bought some of their locally sourced products for souvenirs (honey, jams)
- Location is unbeatable, the tram station is just across the road, and so as cafes, restaurants and convenient stores

Even Better Ifs:
- None",Where Convenience and Location Converge,Business,2024-07-31,Dcafehopper,"Bandar Seri Begawan, Brunei-Muara District",,,,,Value,5.0,Rooms,4.0,Location,5.0,Cleanliness,5.0,Service,5.0,Sleep Quality,4.0
974808929,275079,2024-10-21T09:43:44Z,5,0,"I had to book a stay in Poznan for transit only hence the choice of hotel close to the train station. At the time I did not realise that I would be staying in a very historic hotel. It was interesting to read all about it in the lobby. Unexpected bonus to a nice stay.

The hotel is very modern. My room was incredibly spacious for one person. So was the bathroom. All spotless and bright. Brilliant idea to have water dispensers in the hall and a caraffe to fill with water yourself. I drink loads of water so this was welcome. Usually hotels leave one small bottle which I would drink in a minute and be left thirsty.

I was arriving very late so I asked if I could have a meal delivered to my room before the restaurant closes. I had to pay for it ahead of time using slightly confused process via email but it was worth it and the meal was very good. I also managed to grab a lovely glass of wine in the lively bar before they closed at midnight.

Breakfast, while pricey, was very good. Large selection of healthy and less-healthy foods - something for everyone. Offering was fresh and tasty. Coffee was nice and the service excellent.

All the staff across the hotel were friendly and helpful. The checkin and checkout was super easy. The proximity to the train station was a big plus for me. 

All in all 10/10 with a few caveats:

I was woken up by very loud music and shouting through microphone and speakers. It occurred later that it was Poznan Expo event nearby. Unfortunately I could not sleep after 8am which was disappointing becuase I really needed that rest. Not hotel's fault but I guess something to keep in mind.

The single beds seemed very narrow. I don't know if it was just me but I almost fell off the bed multiple times throughout the night.

Bar staff, while friendly enough, seemed tired and eager to close for the night. Maybe it was because of a large and loud group of guests at the time. But I didn't feel overly welcome.

The location was a bit odd. It is very close to old town and transport but immediate hotel surroundings are not particularly pleasant to look at. Felt deserted after dark.",Fabulous stay,Solo travel,2024-10-31,travelbonkers44,"Dublin, County Dublin",,,,,Value,5.0,Rooms,5.0,Location,4.0,Cleanliness,5.0,Service,5.0,Sleep Quality,4.0
1057262250,275076,2026-04-20T10:40:13Z,4,0,"The rooms here are surprisingly spacious, clean, and modern. The layout and design are also welcoming. The room I stayed in has a problem that is common in this Ibis/Novotel places, which is that if they get warm during the day, it's really hard to get them cool enough at night. I visited during a cool but sunny week, and my room was always very warm by evening. With no A/C or fans, the only way to get the room cool enough for sleeping is opening the window, but even on the top half of the hotel, where I was, the street outside is so noisy that you can't sleep without earplugs, and one night I woke up thinking that the fire alarm was going off in my room--I pulled my earplugs out to discover it was just the sound of sirens on emergency vehicles in the street below! To be clear, I liked everything about this hotel (it's even right next to a large, convenient, contemporary indoor shopping mall) except for this problem with the heat/noise.",Everything great except one thing,Business,2026-04-30,JSSAmber,"Cambridge, Cambridgeshire, England",,,,,Value,3.0,Rooms,4.0,Location,4.0,Cleanliness,5.0,Service,5.0,Sleep Quality,1.0
1043744409,275076,2025-12-26T10:06:43Z,5,0,"Located a short walk from the Central Railway station, this Novotel is also an Ibis hotel. The room were very well appointed with great WiFi and very comfortable beds. The hotel bar and restaurant are reasonably priced with a good menu. There is also a microwave in the foyer where you can heat up meals. The Stary Browar shopping centre is also close and has supermarkets and lots of shopping. Old town and other attractions are also very close. A great experience staying here and I would stay here again.",An Excellent Stay,Couples,2025-12-31,markcU9576YS,"Sydney, New South Wales",,,,,,,,,,,,,,,,
1023824954,275076,2025-08-11T12:21:28Z,5,1,"We stayed at Novotel Poznań Centrum for the first time, but we’re very familiar with the Novotel brand — one of the main reasons we chose it was the underground parking. The parking area is quite small, so keep that in mind if you’re traveling by car. We were lucky to find one spot available in the afternoon, but space is definitely limited.

The hotel is connected to an Ibis hotel (part of the same group). From what I understand, Novotel rooms are located on the higher floors, which offer beautiful views over Poznań’s Old Town. The location is fantastic — right in the heart of the city and within walking distance of the Old Town. In the evenings, it’s lovely to take a stroll through the nearby park and charming streets. There are many cafés and restaurants around, and a large shopping mall is directly across the street.

Our room was not huge, but spacious enough, cozy, and comfortable. Everything was spotlessly clean and well maintained. Breakfast was excellent — everything fresh, tasty, and with a great variety. The only thing we found a bit unusual was the location of the waffle makers and pancake station — they were in a separate room, which was slightly inconvenient, but not a big issue. The waffles we made were delicious!

Overall, we enjoyed our stay very much, and on our next trip to Poznań we will definitely consider coming back to this hotel.",Great location,Couples,2025-07-31,Kristine189,"Riga, Riga Region",,,,,,,,,,,,,,,,
1058810840,14989391,2026-05-03T10:53:43Z,4,0,"Check in was nice and easy and appreciated that I was allowed to check in at 11.00 when I arrived. The sleeping area in the room was nice although not too big. It was very warm in Poznan when I visited and the room felt stuffy even with the air con on so I didn’t sleep very well. I didn’t feel comfortable leaving the balcony door open during the night while I slept. Bathroom was a good size but felt dated, as did the balcony. The shower gel ran out while I was there and clearly wasn’t refilled before I checked in. In room safe and fridge were a nice touch.
Breakfast was just ok, it felt very chaotic and the food was more catered to Polish people which I understand due to being in Poland. I wouldn’t completely rule out staying here again in future if I returned to Poznan but feel like I would probably try somewhere else.
The hotel is in a good location and Poznan is a really nice, clean and safe city to visit for a night or two.",1 night in Poznan,Solo travel,2026-05-31,holts19,England,,,,,,,,,,,,,,,,
1045959327,14989391,2026-01-13T11:21:23Z,3,0,"I stayed here for one night in early December. In truth I didn’t need a large trendy room as it was just a base for going out in the evening with some friends.

I was upgraded to a room with a balcony which was nice, but a balcony in December in Poland is of little use unless you are a smoker. The balconies all seemed to face inwards as well an overlook each other. Not a problem, just an observation.

My room itself was a decent size and the welcome chocolates as an acknowledgement of status were gratefully received. Unfortunately my stay was hampered due to the shower which wasn’t properly operational. Yes, water came out and yes, I could clean myself, but I only discovered this in the morning and had I been staying for another night I would have asked for another room.

Breakfast seemed quite chaotic (it was a Sunday morning though) and didn’t have a massive amount of choice. Although I had breakfast included, there didn’t appear to be anyone checking who did and didn’t have breakfast included, so maybe it is available to everyone. 

Checking out was also tricky as there was a large queue and no express check out box. There was only one member of staff trying to deal with everyone, so maybe the hotel was short on staff that morning. In the end I was out of time and had to leave my key on the side and didn’t manage to report the shower problem, which I would like to have done.

The hotel location is okay and not far from the centre, but does require you to cross a large main road if you want to walk to the Old Town. Cross with care.

This hotel is fine, but I wouldn't rush to stay here again.","Hotel is fine, but my shower was useless",Friends getaway,2025-12-31,MrHandBaggageOnly,"Stroud, Stroud District, Cotswolds, England",Owner response,"Dear Guest,
Thank you for sharing your feedback with us. We’re pleased to hear that you appreciated the room upgrade and welcome amenities. At the same time, we’re very sorry about the issue with the shower and for the busy atmosphere during breakfast and check-out. This is not the experience we aim to provide, and your comments have been shared with the relevant teams. We appreciate your honest observations regarding the balcony and location, and we regret that your stay did not fully meet your expectations. We truly hope you might consider giving us another opportunity to welcome you back in the future and provide a smoother stay.
Warm regards, Park Inn by Radisson Poznań",Reservation Specialist,2026-02-04T04:54:26Z,Value,4.0,Rooms,4.0,Location,4.0,Cleanliness,5.0,Service,3.0,Sleep Quality,4.0
1045945093,14989391,2026-01-13T08:56:37Z,5,0,"Kamil at front desk was truly phenomenal. It's easy to be nice when people are easy but when people are difficult you find out the true customer service of the establishment.
I wanted to change my room. He patiently changed my room. I blew the fuse in my new room. He immediately came up himself and fixed it. I was sick, so he told my husband how to find a doctor. Definitely one of the highest on my list for customer service.
Bed is really comfortable. Pillow is small but sufficient. Actual refrigerator (not a mini bar) Kettle with coffee in room. Coffee was decent. Rooms are spacious. You have climate control hot or cool. It is a close walk to old town. Definitely would stay here again.","Modern, comfortable, good location, good breakfast, fantastic customer service.",Couples,2026-01-31,Voyage728227,"Littleton, Colorado",Owner response,"Dear Susannah,
Thank you so much for your wonderful review! We’re thrilled to hear that Kamil made such a positive impression and went above and beyond to help during your stay, it really means a lot to our team. We’re also glad you enjoyed the comfortable bed, spacious room, and convenient amenities, as well as our location near the old town. We can’t wait to welcome you back for another great stay!
Best regards, Park Inn by Radisson Poznań",Reservation Specialist,2026-02-04T06:53:56Z,,,,,,,,,,,,
1057990973,15243198,2026-04-26T21:25:49Z,3,0,Location was good. Everything else was average. Wifi was unacceptably slow. I couldn’t stream anything. Breakfast was ok. No recognition of diamond status. Front desk staff was unusually indifferent.,Good location,Couples,2026-04-30,ronny256,"Savannah, Georgia",,,,,,,,,,,,,,,,
1055873125,15243198,2026-04-08T15:55:27Z,5,0,"Family of three that stayed for 2 nights as part of a multi-city stay in Poland. This hotel was great, and we wouldn't hesitate to return, beds were comfy, with one main double & a second double sofa bed. The rooms aren't huge, so there wasn't loads of spare space, but for 3 of us it was fine. Check in was easy, the staff were really helpful even thought it was about 1am due to a delayed flight. Breakfast selection was great, we were able to ask for non-dairy milk, and the conference room was available for overflow seating if its really busy. Great location for exploring the old town, and liked that you needed your key card to get into the main hotel reception from a security aspect. The happy birthday message & macarons were a lovely touch alongside the bottle that had been purchased. We would like to return to Poznan and would happily come back to his hotel.",Great family stay.,Family,2026-03-31,dumpytruck,"Ipswich, Suffolk, East Anglia, England",,,,,Value,5.0,Rooms,5.0,Location,5.0,Cleanliness,5.0,Service,5.0,Sleep Quality,5.0
1051140066,15243198,2026-02-26T04:42:21Z,5,0,"Breakfast was really great! There was a good mix of hot and cold options, plus desserts and fresh fruit, so you could easily find something you liked. I loved the tea and cereal selection — lots to choose from. The pancakes were super tasty too! If you go before 8 AM, it’s nice and quiet, which makes it even better.","Perfect location with a great breakfast, right in the heart of the tourist area.",Solo travel,2026-02-28,Wandererwithin,"Corby, Northamptonshire, England",,,,,Value,4.0,Rooms,5.0,Location,5.0,Cleanliness,5.0,Service,5.0,Sleep Quality,5.0
1057683466,652453,2026-04-24T02:36:57Z,5,0,"I was absolutely satisfied with my stay at the Andersia Hotel. 
The service is top-notch, and the staff is very friendly and attentive. 
The breakfast, in particular, won me over – a great selection! Additionally, the hotel's location is ideal for exploring Poznań.
I would love to come back!",Great stay / everything was perfect!,Business,2026-04-30,DavidFeininger,"Miehlen, Rhineland-Palatinate",Owner response,"Good afternoon,
it is a pleasure to read that you stay was perfect. We are waiting for your next stay with us. Feel welcome.
Sincerely, Ewa Przystanowicz, General Manager",Ewa Przystanowicz,2026-04-29T09:16:53Z,Value,4.0,Rooms,5.0,Location,5.0,Cleanliness,5.0,Service,5.0,Sleep Quality,5.0
1053343354,652453,2026-03-17T13:19:18Z,5,0,It is a very nice hotel at the center of Poznan. There is a secure parking. Staff is super friendly. There is a restaurant and bar in the hotel. Room was big and good. Bed was comfortable and bathroom was very good. There is a closed sitting area looking at the center in the room.  Very good. Room needs lightening a bit at night.,Good,Solo travel,2026-03-31,muttibey,"Izmir, Izmir Province, Turkish Aegean Coast",Owner response,"Dear Sir,

Thank you very much for your kind and detailed review.We are delighted that you appreciated our central location, secure parking, friendly staff, and the comfort of your room. We’re also glad that you enjoyed the restaurant, bar, and the seating area in the room.
Thank you for your valuable feedback regarding the lighting – we will  leave this information to our technical department
We hope to have the pleasure of welcoming you again soon

Faithfully, Paulina Sokołowska, Guest Relations Supervisor",Ewa Przystanowicz,2026-03-20T09:46:18Z,,,,,,,,,,,,
1054132471,275077,2026-03-24T18:10:04Z,5,0,"Everything looks brand new in this hotel. It smells like new carpets! Beds are super comfy. Best nights sleep!! Food and wine is excellent. Walking distance to Jordan Bridge, Cathedral Island and Old Town. Loads of activities around the lake which is also great for running and will be perfect for cycling with the little ones.",City Break,Friends getaway,2026-03-31,MelissaH3207,"Liverpool, Merseyside, England",,,,,,,,,,,,,,,,
1051278006,275077,2026-02-27T07:53:28Z,2,0,Very basic hotel. During the checking I was told that's the car park is free of charge because I booked a superior room. During the checking out a different person from the reception told us that we have to pay for a car park 200zl. I never stay at this hotel,Very poor customer service,Family,2026-02-28,711elzbietaj,,,,,,Value,1.0,Rooms,3.0,Location,2.0,Cleanliness,1.0,Service,1.0,Sleep Quality,2.0
1034890693,275077,2025-10-15T01:13:31Z,2,0,"Dark and not clearly signed access road, dark parking lot, disproportionate parking price compared to parking in the city center, noise at reception due to the gaming tables there, tattered carpets in the hallways, outdated room design, low bed with a soft, uncomfortable mattress, thin bath towels, no electrical outlets next to the bed and no way to charge a cell phone, overrated",OK-,Couples,2025-10-31,Danny972,"Shoham, Central District",,,,,Value,2.0,Rooms,2.0,Location,3.0,Cleanliness,4.0,Service,3.0,Sleep Quality,2.0
974991560,275077,2024-10-22T16:42:01Z,5,0,"We have been visiting novotel Malta  for about   10 years. During  our stay, we have always found the staff very courteous  and helpful. In fact, we have always treated them as part of our family. Although  Polish is the main language,  English is widely spoken.The facilities  are adequate and definitely  fulfil all our requirements  during our stays. The food is of  international  cusine and changed on semi annual basis. They have the pool open in the summer months that is staffed by a lifeguard.","Great Stay at Novotel, Malta,  Poznan ",Friends getaway,2024-10-31,Explore52595523530,,,,,,,,,,,,,,,,,
1052483667,14958792,2026-03-09T13:29:15Z,5,0,"We stayed at this hotel for 2 nights on our city break to Poznan, it took around 15-20 mins in a taxi from the airport to get to the hotel costing £6 so it was easy to get to. Our room was spacious, clean and comfortable, the bathroom in particular was very nice and modern, we also had daily complimentary bottled water as a nice touch. In terms of ease of getting into the city it is in a great location over the road from a shopping mall and only a 10-15 minute to the main city square this is the perfect place to stay if you want value for money on your Poznan getaway.",Great weekend base,Couples,2026-03-31,ldgp14,"Telford, Shropshire, England",,,,,,,,,,,,,,,,
1048937177,14958792,2026-02-08T06:24:58Z,4,0,"Location good, room good,  breakfast excellent if a little expensive.  Hotel Restaurant poor size and seating accommodation for a 16 story hotel. Menu a bit limited but acceptable. Service poor despite being well staffed. WORSE OF ALL A BOOMING DISCO all evening, so no chance for conservation with friends over dinner. Some good restaurants in walking distance, so recommended avoid this hotel dinning area at all costs","Suitable base for a short visit, rooms fine but aviod the restaurant for evening meals",Friends getaway,2026-02-28,briandB4034MC,,,,,,Value,4.0,Rooms,4.0,Location,4.0,Cleanliness,5.0,Service,4.0,Sleep Quality,4.0
1031055719,14958792,2025-09-19T00:27:22Z,2,0,"The receptionist seemed very new and spoke little English, which made communication difficult. When asked about All points, the answers given were unclear and inconsistent.

Additionally, there is a recurring problem with the shower: the water temperature changes suddenly depending on other guests’ usage. This is not just inconvenient but potentially dangerous. Totally unexpected for a hotel stay.",Good location - service and room need a serious polish,Couples,2025-09-30,13testm,,,,,,Value,2.0,Rooms,2.0,Location,4.0,Cleanliness,3.0,Service,1.0,Sleep Quality,1.0
1024289111,14958792,2025-08-14T03:03:13Z,1,1,"The worse hotel of all my life. I arrive at the reception desk. The man working there says : excuse me but it is possible to enter your room in 2 hours. What to do and what to think about this comedy ? 

I asked to this man to prepare a magnetic card for my girlfriend who arrive a day later. Without earing me, he prepare the card and gave it directly to me. It was for the arrival of my girlfriend, not right now. It seems that this man just wanted to ear what he wanted and not what the customer said.

 I was so tired and, by chance, the restaurant was open.I give my bags at the reception and, before, I put my ticket inside of them before eating. The restaurant was very tasty. After 2 hours, the checking desk personal has changed and I truelly wanted to go to my room to SLEEP. Asking my bags, the man working there has asked me the ticket which was in a bag. I explained the situation and it is so nice to be seen as a criminal. Life is so wonderful in such situation when you are a customer who have already booked and paid the room.

In the room, there was a document with the email of the hotel management. I sent an email describing the situation and, of course, NO ANSWER.

And now the room. Do not expect to live an exceptional experience there : the room is little : small room even for two persons, no fridge, no real cupboard. A big disaster. It was a mistake to come here and I will never go back here for sure.","The worse horel of Poznan, Poland",Couples,2025-08-31,philippeh769,"Manage, Hainaut Province, Wallonia",,,,,Value,1.0,Rooms,1.0,Location,1.0,Cleanliness,2.0,Service,1.0,Sleep Quality,1.0
1001264026,14958792,2025-04-06T05:35:49Z,4,0,"Great hotek for a weekend city break. Located 15 walking distance from the main train station, right next to the Stary Browar shopping mall. The rooms are modern and sufficiently equipped. My only negative were the beds, a bit too stiff for me. Limited parking space available underground for extra fee. The lobby is nice with a bar/cafe next to the front desk. Staff very helpful and friendly.",Good hotel for a weekend city break,Couples,2025-03-31,SvenJ322,"Poznan, Greater Poland Province, Central Poland",,,,,,,,,,,,,,,,
1057052707,277656,2026-04-18T17:11:55Z,5,0,"Lovely place, atmosphere and cleanness. Great for a family day out!",Lovely place!,Family,2025-05-31,Catlandio,,Owner response,"Dear Catlandio,

Thank you for your kind words regarding your stay at the Mercure Gdynia Centrum hotel.

We are pleased to hear that you enjoyed the atmosphere and cleanliness of our hotel. We always strive to provide pleasant experiences for families, and your feedback reinforces our belief that we are heading in the right direction.

We invite you to visit us again!

On behalf of the management and the team at the Mercure Gdynia Centrum hotel,

Patryk Adrych
Guest Relations Manager",Patryk Adrych,2026-04-21T09:35:04Z,,,,,,,,,,,,
1017149280,277656,2025-07-08T07:48:14Z,5,0,"This hotel is a must try. Excellent location within walking distance to the beach, several museums and restaurants nearby. Super clean rooms and public area. Mattress in the bed is so comfortable that I slept like a baby. I loved the wide selection of fish products and the vegetable stew at breakfast. Winestone Restaurant in the hotel did not offer pirog, but I found a restaurant a block from the hotel specialized to this Polish specialty.",Best hotel to stay in Gdynia,NONE,2025-06-30,MariaY5775BB,,Owner response,"Dear Maria,

Thank you for your kind feedback regarding your stay at the Mercure Gdynia Centrum Hotel. 

We are pleased to hear that you found our location convenient and that you appreciated the proximity to the beach, museums, and diverse dining options. It is particularly gratifying for us to learn that you valued the cleanliness of our rooms and public spaces, as we take pride in maintaining high standards in our hotel.

We are glad that you found our mattresses comfortable and enjoyed a restful night's sleep. Your compliments regarding our breakfast offerings, especially the seafood products and vegetable goulash, are immensely valuable to us. We have noted your comment about the absence of pierogi in our Winestone restaurant; we strive to offer a varied menu and always welcome guest suggestions for improvements.

We hope to welcome you back soon and provide you with another unforgettable stay.

On behalf of the management and team of the Mercure Gdynia Centrum Hotel,

Patryk Adrych  
Guest Relations Manager",Patryk Adrych,2025-07-09T01:51:39Z,Value,5.0,Rooms,4.0,Location,5.0,Cleanliness,5.0,Service,5.0,Sleep Quality,5.0
996348115,277656,2025-03-02T04:18:11Z,5,0,"We've spent one week in Mercure Hotel, in rooms with see view on 10th floor. Service was always in very goog level, especially in cleaning rooms. Swiming pool is really great option, and bathrobes You have in room without additional fees. Breakfests was very tasty, dinners in hotel's restaurant, too. It was great time.",Good quality hotel in perfect location,NONE,2025-02-28,adrianna0012025,"Myslowice, Silesia Province, Southern Poland",Owner response,"Szanowna Pani Adrianno,

Dziękujemy za wybór hotelu Mercure Gdynia Centrum.

Jesteśmy wdzięczni za poświęcony czas i podzielenie się z nami wrażeniami po wizycie. 

Cieszymy się, że pobyt upłynął komfortowo, pozostawiając w pamięci pozytywne doświadczenia.                                                       

Wierzymy, że Pani opinia będzie stanowiła zachętę dla wszystkich członków naszego personelu do dalszego poprawiania jakości oferowanych usług.

Uprzejmie informujemy, że wszelkie spostrzeżenia zostaną niezwłocznie przekazane do kierowników poszczególnych działów.

Już dziś zachęcamy do ponownych odwiedzin Gdyni. 

W imieniu dyrekcji i zespołu hotelu Mercure Gdynia Centrum,

Patryk Adrych
Kierownik ds. Relacji z Gośćmi

Mercure Gdynia Centrum 
""Twoja przystań w sercu Gdyni""",Patryk Adrych,2025-03-03T03:20:34Z,Value,4.0,Rooms,5.0,Location,5.0,Cleanliness,5.0,Service,5.0,Sleep Quality,5.0
991994811,277656,2025-02-02T15:06:38Z,5,0,"Good hotel, it's about the base for meetings. Good and friendly service, clean rooms, good breakfast. Well-equipped bar. Beautiful view from the upper floors. I recommend for quick trips. The hotel is located near the main station. See you next time",Good as a base for business trips,Business,2024-05-31,Johnb2b,"Manchester, Greater Manchester, England",Owner response,"Dear John,

Thank you for choosing the Mercure Gdynia Centrum hotel.

We are grateful for taking the time and sharing your impressions after your visit.

It is our pleasure to read that your stay was comfortable and left a positive experience in your memory.

Your opinion will definitely be an encouragement for all members of our staff to continue improving the quality of our services.

We kindly inform you that any observations will be immediately forwarded to the heads of individual departments.

We cordially invite you to visit Gdynia again.

On behalf of the management and team of the Mercure Gdynia Centrum hotel,

Patryk Adrych
Guest Experience Manager

Mercure Gdynia Centrum                                                    
""Your haven in the heart of Gdynia""",Patryk Adrych,2025-02-05T03:32:50Z,Value,5.0,Rooms,5.0,Location,5.0,Cleanliness,5.0,Service,5.0,Sleep Quality,5.0
966302246,277656,2024-08-23T06:11:26Z,2,0,Rooms with high tubs preclude shower by handicapped guests. No help from frint desk. Shrugging shoulders. If you have any mobility problem.do not go there as you will not be able to take shower safely. Staff also was not attentive and very indifferent to my request to help.accomodate my parents' bathroom needs.,Bathrooms not handicapped ftiendly,Family,2024-08-31,WojciechB456,"Tampa, Florida",Owner response,"Dear Wojciech, 

We are truly sorry to hear about the challenges you faced during your stay regarding the accessibility of our bathrooms. 

Ensuring all guests' comfort is crucial to us, and we deeply apologize for any inconvenience you and your parents experienced. 

We are saddened by your suggestion that the team is not helpful. Almost all rooms in the hotel have bathtubs, showers are only available in the highest category rooms, which were completely sold out. Assigning a room for people with disabilities requires prior reservation with the reservation department. We did not have any ill will, only that the hotel was full and that is why we were unable to move you to another room.

Your feedback is invaluable, and we will address this matter promptly. 

Please accept our sincerest apologies for the shortcomings you encountered. 

On behalf of the management and team of the Mercure Gdynia Centrum hotel,

Patryk Adrych
Guest Relations Manager

Mercure Gdynia Centrum
""Your haven in the heart of Gdynia"".",Patryk Adrych,2024-08-26T05:21:48Z,Value,1.0,Rooms,1.0,Location,5.0,Cleanliness,5.0,Service,1.0,Sleep Quality,5.0
1056879097,7780556,2026-04-17T07:24:04Z,5,0,"It was my 4th stay at CY Gdynia within one year. We like the location, beautifull views of the sea and the perfect kitchen for breakfast and for dinner. I really enjoy my favourite egg benedict. I would like to personally highlight pre arrivall assistance by Bartłomiej Słomski. Checkin by the lady at the reception (i don't remember name) was very professional and great. We felt very welcome. Of course we will come here again and I hope it will be very soon.",My 4th visit of CY Gdynia which means we like it. :),Family,2026-04-30,PatrikR1981,,,,,,,,,,,,,,,,,
1047860664,7780556,2026-01-29T18:13:42Z,5,0,"This review may be delayed, but the emotions and memories are still very much alive. We didn’t have the chance to share our experience earlier on the hotel’s website or Booking.com, so we are happy to do it now.
This place is truly special. From the very first moment, you can feel the warmth, kindness, and genuine care for guests. The staff are wonderful, and special thanks go to Ms. Ola at the reception — her kindness, dedication, and attention to every detail made our stay truly beautiful and unforgettable.
The room had a stunning view, and the lovely birthday surprise prepared for my husband touched our hearts. These small gestures mean so much and stay with you long after the trip is over.
Excellent location, spotlessly clean, and very comfortable. We wholeheartedly recommend this place and will definitely return on our next visit to Gdynia.",Amazing,Couples,2025-08-31,WioletaL,"Limerick, County Limerick",,,,,,,,,,,,,,,,
1033835577,7780556,2025-10-07T13:16:37Z,5,0,"Beautiful views, delicious breakfast, and most importantly, the best location in town. Fantastic service. Rooms with a view are a hit!",Super!,Business,2024-12-31,Fellipe89,"Poznan, Greater Poland Province, Central Poland",,,,,,,,,,,,,,,,
1030460151,7780556,2025-09-15T03:48:05Z,5,0,"Excellent stay at Courtyard Marriott Gdynia Waterfront. The reception staff, especially Aleksandra and Liliana were welcoming and professional. Special thanks to Mohammed Ziya for his excellent service. A truly pleasant experience.",Excellent Service,Family,2025-09-30,Praveencz,,,,,,,,,,,,,,,,,
1028775295,7780556,2025-09-04T11:30:17Z,4,0,"Great location facing the ocean at the Marina and pier area. Lots of parking here. Bar,  lounge, dining room all face the Marina area. Had a snack and drink here, good service and food. Nice staff too. The facility is extremely well kept.",Lovely Hotel at Marina area Gdynia,Couples,2025-09-30,motorcar1,"Dublin, County Dublin",,,,,,,,,,,,,,,,
932925993,6998708,2024-01-09T02:57:01Z,3,0,"Our 4th hotel was in Gydnia. We have reserved a parking before so we went direct to the parking of theirs Which they have it in the back of the hotel. The staff was extra nice and the small reception was very nicely decorated. The place was really welcoming. 
But it was the other story when we came to the room. The floor was really dirty, on the side of the bed there were big stains where the head is when you lay down. On the table and night table there were stains from drinks. I just didnt want to think about it a lot and also we forgot floops so it was challenging to walk. I knew that they have no other room free, as they wrote me in the messages. So that was really disappointing. And also there is no good isolation, so you can hear everything through the door or walls. 
So parking good, location good, staff nice, But cleanliness, unfortunately, not at all.",At first impression everything fine,Couples,2023-12-31,masi0906,"Ljubljana, Upper Carniola Region",,,,,,,,,,,,,,,,
810221669,6998708,2021-09-16T07:00:40Z,2,1,"Expedia status that this is a 4.5 star hotel when in fact this a apartment hotel. This is at best a 3 star . 

We paid for the upgraded 2 people room a s friends got the family room. 
Our room was basic, no bathroom toiletries. Had a small kettle in room for I instant coffee and mint tea.
Daily room was equipped with kitchenette and balcony. It’s one bed and a sofa bed for kids.

Location is right downtown so this is a bonus.

Expedia states that parking is 30zl a night but when we got there the receptionist stayed it’s 50 due to it being high season. Breakfast was 25zl on Expedia and we got charged 30zl. Just not as advertised.

Apartment was clean and staff were friendly. 

Giving it 2 starts for Faldo advertising on parking and breakfast price a s the fact that it shows a 4.5 starts when it’s a 3 at most. 

Would not stay again.",Not as advertised,Couples,2021-09-30,Iluvztravelz,"Toronto, Ontario",,,,,,,,,,,,,,,,
777225539,6998708,2020-11-15T12:50:12Z,5,0,"Everything was clean and modern. Excellent coffee machine in dining room offered for free. The bed was comfortable. Good breakfast choice, food was lovely, great quality. Helpful receprion staff. Would definitely recommend.","good value for money, definitely for business trip in the area",Business,2020-11-30,jpedrak,,,,,,Value,5.0,Location,5.0,Service,5.0,,,,,,
771006166,6998708,2020-09-19T10:22:52Z,5,0,"We have rested  with my family: husband, wife, daughter 2 years old and son 7 years old. In our room they kindly brought a baby cot.  Comfortable elevators.  Nice, thoughtful interior.  Home atmosphere.  Comfortable location not far from the sea and in the very center.  Close to the station, shops, restaurants and cafes.  Nice and helpful service.  Very new, clean bed.  Fast free internet.  Great mattresses on the beds.  Minor flaws are not noticeable, and did not spoil the experience.",Very pleasant hotel at an affordable price,Family,2020-09-30,AlexanderOrlik,"Warsaw, Mazovia Province, Central Poland",,,,,,,,,,,,,,,,
990301095,26308453,2025-01-23T13:18:43Z,5,0,"Nice impressions. Good location. Everything is fresh & clean. Special thanks to reception staff - full understanding & support for client. Next time will be stay in Square Apartment - it's without any questions!
Thanks a lot for your hospitality!",First time in Square Apartments,Solo travel,2025-01-31,Go24146144995,,,,,,,,,,,,,,,,,
939892700,26308453,2024-02-26T14:16:02Z,5,0,"Perfect location in the city center, quiet, comfortable room, well equiped kitchen. Located 10 minutes from a seaside. Lot's of a good restaurants and bars around. Very helpfull and professional Staff. I recomend this place even in winter time.",Nice week in Gdynia,Couples,2024-02-29,569malgorzatap,,,,,,Value,5.0,Location,5.0,Service,5.0,,,,,,
942298258,23518362,2024-03-14T12:20:22Z,5,0,Very Customer friendly Service; one of my best Breakfast; clean; new Design; honest guys at the Reception: I was charged too high for Dishes and got refunded  promptly without asking. Not so far from City Centre; Parking space available for 45 Zloty.,"Superb Hotel: Cool Design, Fresh & Clean, Best Staff ever",Business,2024-03-31,Roam700108,Bremen,,,,,Value,4.0,Location,4.0,Service,5.0,,,,,,
607394899,953906,2018-08-17T13:36:22Z,3,0,Structure with some pretension. Large room but the cleaning lady did not pass regularly. A towel remained on the ground for three days without being substituted. Five minutes from the main promenade. Good breakfast. The breakfast attendant was very kind. The same can be said of the managers,A little expensive...,Solo travel,2018-07-31,Sanzio,,,,,,Value,3.0,Location,3.0,Service,3.0,,,,,,
420265397,953906,2016-09-19T15:25:02Z,5,0,"Great location in the middle of residential area, still fairly close to the beach and city center. Room was specious, bright and clean. Big plus for a common kitchen and coffee machine. Hotel staff was always helpful. Definitely worth to recommend. ",Calm and cosy place,Business,2016-09-30,980mateuszk,"Gdynia, Pomerania Province, Northern Poland",,,,,,,,,,,,,,,,
280826937,953906,2015-06-17T06:14:20Z,4,1,"The place is very good value for money if you're staying in Gdynia. It is very close to the beach too so excellent if you want to walk or run. The bedrooms are comfortable and spacious, breakfast is OK. I was there on a business trip so needed to use the wifi which was not reliable at all. Definitely something to look at.",Good value,Business,2015-04-30,marta_bg,,,,,,Value,5.0,Service,4.0,Sleep Quality,4.0,,,,,,
134499369,953906,2012-07-16T06:05:11Z,5,5,"This hotel is particularly suitable for those traveling by car. No need to pay through the nose for hustle and bustle hotels in Tri-city downtowns. You can leave your car on the free parking at this very quiet and cozy residence and walk down 10 min to the nearest train station, wait 5-15 min, pay 1 euro and  half an hour later be in the very heart of old Gdansk - avoiding both the heavy traffic and sizable parking fees. Otherwise drive 5 min to the sea promenade, 10 min to the Gdynia port or 15 min to Sopot.
    A significant advantage – cozy common dining room with well equipped kitchenette, two fridgeеs and electric stove, which allows you not only drink coffee/tea if you like, but even prepare a hot meal.
    We cannot judge the rooms’ amenities because the receptionist was so kind to give us a suite (#14) at the price of an ordinary room, including 50 inch LCD and 35 m terrace. But all other rooms were certainly not less immaculately clean, and mattresses not less comfortable. By the way, three other stuff members were multilingual, friendly and helpful, creating an exquisite sense of comfort.",Particularly suitable for those traveling by car,Family,2012-06-30,Moshe01,"Rehovot, Central District",,,,,Value,4.0,Rooms,5.0,Location,5.0,Cleanliness,5.0,Service,5.0,Sleep Quality,5.0
1010651088,4888442,2025-06-01T14:53:13Z,5,0,"the hotel is stunning. So close to SKM train by 10 min walk if you do not drive or fancy paying for uber. The most kind and pleasant reception and breakfast staff I experienced. The breakfast choice is wonderful! Spa is amazing and clean and room more than enough space and facilities. We checked out very early before breakfast staff and were given lunch packs to take to the airport with us which contained so much lovely food- sandwiches, salads, fruits, yoghurt and juices/water. I will definitely stay again we loved this hotel so much! thank you💚❤️💚",amazing hotel great value,Family,2025-05-31,sunworshipper30,"Alfreton, Derbyshire, England",,,,,,,,,,,,,,,,
682841518,4888442,2019-06-20T05:23:14Z,4,0,"I am from USA visiting a friends and family. I was booked at expensive highly rated hotel at the beach with 5 stars. However, in reading the reviews statements if many stairs just to enter hotel, then no parking except street blocks away etc. so this wouldn't work hauling luggage along street and up long stairs...monitoring parking. Yikes.  My friend recommended the Business Faltom Hotel last minute. It is a10 minute ride or more with traffic but worth getting out if the hectic beach center. Nice professional staff, speak English and helpful with everything. Good AC in my room. Nice modern room with card fir electricity and comfy beds. Windows open. Back rooms are better for less road noise. Best part the Restaurant is spectacular. Wow! Great menu choices and decor is linens and comfort. The environment around the hotel is local commerce and not beautiful but inside hotel is great. Uber to beach was 30 zloty but restaurants unless very posh were nit as good as at Fathom in my opinion. Service is the best. Free parking! Elevator! No stairs to enter!❤️",Updated Hotel Excellent Restaurant Free Parking,Friends getaway,2019-06-30,993joank,"Palm Desert, Greater Palm Springs, California",,,,,Cleanliness,5.0,Service,5.0,Sleep Quality,5.0,,,,,,
606635976,4888442,2018-08-15T07:01:23Z,4,0,"We stayed 2 nights. The room was fresh clean and tidy and the staff was very nice and provided an excellent service. It’s only a 3 star hotel, but it’s more like a 4 star hotel. Pool and gym is in good condition. Good price and it’s cheap to take a taxi when you’re going to Sopot, Gdańsk or Gdynia.",Nice stay ,Friends getaway,2018-08-31,967_kek,Stockholm,,,,,,,,,,,,,,,,
593881147,4888442,2018-07-07T21:10:42Z,4,0,"It’s a very good hotel, staff is nice and helpful, I was able to check in early. You can use the hotel’s amenities, like spa and pool. 
Only thing, it’s a little far from the city, and the nearest train station it’s like 1km. ",Good.,Solo travel,2018-07-31,Edamc,"Chennai (Madras), Chennai District, Tamil Nadu",,,,,,,,,,,,,,,,
526328494,4888442,2017-09-21T13:39:22Z,5,0,"This is a modern facility, the decor is very much like in the US (carpeted floors, the floor design etc.). Rooms are comfortable. Breakfast was really delicious. 
The hotel doesn't have much to offer in its environs and you might feel slightly imprisoned as far as food options. Otherwise, the place is comfortable, fresh, elegant.",very nice,Business,2017-09-30,Witoldzio,,Owner response,"Dear Guest, 

Thank you for completing the survey regarding your recent stay at our property. 

Your business is very important to us and we value your feedback. By telling us what you liked about your stay and how we can improve, you are helping us deliver a superior experience for you and other guests in the future. We hope you will come back and see us again soon.

Sincerely,
Karolina Janiszewska 
81029 Property
Best Western Plus Business Faltom Hotel",BusinessFaltom,2017-09-26T09:22:30Z,Location,4.0,Cleanliness,5.0,Service,5.0,,,,,,
679869231,7710716,2019-06-08T03:15:09Z,5,0,"It’s my second stay in this place and I highly recommend it. Room is nice, clean just what you will expect. Location is close to downtown ~ 10 min by public transport or small fee if you decide to use taxi. ",Hidden gem,Solo travel,2019-06-30,robertjw982,"Redhill, Surrey, England",,,,,,,,,,,,,,,,
1059053004,7394519,2026-05-05T05:23:30Z,4,0,"The hotel is quite modern, clean and well located. The rooms aren’t large but layout is well thought out. There is a curtain to give you privacy in the bathroom but those sharing may feel uncomfortable with a glass enclosed bathroom (I was solo). Water pressure in shower was excellent. Coffee & other hot drinks are available at no charge in the lobby 24/7. Room amenities are overall good but would love if they had hand/body lotion as well.",Modern stay in Gdansk,Solo travel,2026-05-31,Wavejenny14,"Houston, Texas",,,,,Value,4.0,Rooms,4.0,Location,4.0,Cleanliness,5.0,Service,5.0,Sleep Quality,5.0
1058830768,7394519,2026-05-03T13:30:37Z,5,0,"Hotel location is excellent at the centre near all touristic locations & restaurants. 
Room was clean & spacious. 
Service is very good & they give access to playstation game for free which is great for kids.
Atmosphere is warm & welcoming",Excellent experience & will repeat it,Family,2026-04-30,georgesf817,,,,,,,,,,,,,,,,,
1058560644,7394519,2026-05-01T12:37:48Z,5,0,"We stayed 1 night in this hotel and we really liked it. Very roomy entrance hall with friendly helpful staff. We checked in online before arrival so we had our room key within a couple of minutes of arriving at front desk. 
Everything looks new and pristine, the glass elevators give great views of inside and outside. 
We had a standard double room, which was perfect for us, very comfy bed, nice bathroom and plenty of room to move around. 
The bar area is very cosy with comfy seats and pleasant staff.
Location is spot on for restaurants and bars only short walk away. We really enjoyed walking the canals and having a drink with great views.
We recommend this hotel, we will be back and stay for longer next time",Great stay,Couples,2026-04-30,huskisson67,"Liverpool, Merseyside, England",,,,,,,,,,,,,,,,
1058043248,7394519,2026-04-27T09:13:54Z,5,0,"I couldn't fault this hotel. Great location, comfy bed, lovely restaurant and breakfast. Would highly recommend",Excellent stay,Couples,2026-04-30,T8513BGsophieb,"London, England",,,,,,,,,,,,,,,,
1057116203,7394519,2026-04-19T08:34:26Z,5,0,"Excellent quality, service and accomodation.  The personnel went out of their way to make guests feel comfortable.  The free coffee and tea at the reception was welcome in the evening as well as the yoga class and city tour.  Simply delightful!",What a wonderful discovery in Gdansk !,Solo travel,2026-04-30,renayg2016,"Saint Sauveur des Monts, Quebec",Owner response,"Dear Renayg,

Thank you very much for your wonderful review and for sharing such positive feedback about your stay with us.
We are truly delighted to hear that you found it excellent, and that our team made you feel well cared for. Your kind words about our personnel mean a great deal to us, as genuine hospitality is at the heart of what we do.
We are also pleased that you enjoyed the coffee and tea in the evening, as well as the additional experiences such as the yoga class and city tour. It is fantastic to know that these touches contributed to making your stay simply delightful.

Thank you once again for choosing our hotel. 
We sincerely hope to welcome you back again soon for another enjoyable and relaxing stay.

Warm regards,
Bartłomiej Kamola",Bartłomiej Kamola,2026-04-20T03:20:06Z,Value,5.0,Rooms,5.0,Location,5.0,Cleanliness,5.0,Service,5.0,Sleep Quality,5.0
1055171364,1754683,2026-04-03T01:25:54Z,4,0,"This is my second stay at this hotel; it has been renovated and remains ideally located. I am giving a five-star rating for cleanliness, food quality, and the check-in/check-out process. I also really liked their little automated robot that clears away dirty dishes—it adds an undeniable touch of modernity! 

However, I believe the quality of service could still be improved—specifically regarding assistance for guests who did not receive their luggage upon landing at Gdańsk Airport. I felt the staff were resigned to this issue and showed little concern for truly looking after guests for whom this constitutes a serious problem (but the same staff put some effort on selling me a better room!). I imagine that missing luggage is a recurring issue and that the hotel has eventually grown accustomed to it; however, one must not forget that for an individual guest, this is an exceptional occurrence. 

The role of a hotelier is to put themselves in the guest's shoes; in my case, this did not happen, so I am therefore giving a rating of four stars.",Almost 5 stars,Business,2026-04-30,TheOwnerOfThePlace,"Tahiti, Society Islands",,,,,,,,,,,,,,,,
1053465007,1754683,2026-03-18T17:29:09Z,5,0,Excellent hotel in a superb location by the river and within easy reach of the Old Town. Our room was very clean and well equipped. The buffet breakfast was very good with plenty of choice for all tastes.,Great hotel in excellent location.,Couples,2026-03-31,Pam1603,"Leeds, West Yorkshire, England",,,,,,,,,,,,,,,,
1050707658,1754683,2026-02-22T15:32:12Z,5,0,"Absolutely 5 stars across the board! Fantastic l, top-notch amenities, and staff who go above and beyond to make our stay special.
Dinner was absolutely Michelin-star quality — an unforgettable culinary experience!
The breakfast spread is massive, and they even have a chocolate fountain.
However, the real highlight is the outstanding service provided by all the staffs , special mention to Fitz and Asha of breakfast, Oleh & Pawel of reception, John of concierge and Gio and Martina of Mercato(dinner). Dziekuje everyone.",A true 5star Experience,Family,2026-02-28,HG03,,,,,,,,,,,,,,,,,
1048482502,1754683,2026-02-04T05:03:51Z,5,0,"Fantastic location, on the river but a 10 min walk to the main area. Very nice restaurants close by. Rooms very clean and spacious. Breakfast is FANTASTIC! Buffet with everything you could want inc prosecco! 
We used the pool which was lovely after a busy day, there is also a sauna and steam room which are excellent but small. Theres also a small gym. 
We will be back!",Excellent - Great location and lovely hotel,Family,2025-12-31,rebeccahP5239BI,,,,,,,,,,,,,,,,,
1055727253,275087,2026-04-07T11:30:26Z,2,0,"For us, this was the most disappointing experience we’ve ever had in a Scandic hotel.

Upon arrival (around 2 PM) there was no warm welcome at all. We were told the room was ready, but immediately charged PLN 80 for an early check‑in — something we’ve never encountered anywhere in the world for a room that was already available. Even bringing our luggage to the room and leaving again would have cost the same. No discussion, no goodwill: “this is our policy”.

The next afternoon we were told by phone to vacate the room within fifteen minutes due to a water issue. We were moved to a larger but less practical room, but for just a few more hours this was hardly an improvement. The communication was blunt, and no gesture of compensation (not even a coffee) was offered.

The location near the station is convenient, but only if you have a room at the back. At the front, noise from traffic and trains is significant — even freight trains at 5 AM on a Sunday.

The restaurant felt gloomy and empty at dinner, but the breakfast buffet was excellent.

At check‑out, no one asked whether our stay had been satisfactory. We returned the key and received nothing more than an “OK”.

For us, this was definitely the last time here. There are many better and friendlier hotels in the area.","Disappointing stay due to reception issues, noise and unexpected charges",Couples,2026-04-30,anjaaA306KY,,,,,,,,,,,,,,,,,
1054076046,275087,2026-03-24T08:16:55Z,5,0,"This was a very good value option, situated close to the railway station. It was ideal for us to overnight and catch a 7am train. Breakfast was a little pricey so we skipped it!",Ideal for railway stopover,Friends getaway,2026-03-31,TonyDublin_Ireland,"Dublin, County Dublin",,,,,,,,,,,,,,,,
1059298896,779781,2026-05-07T06:11:15Z,5,0,"Just wow…. From the fabulously attentive staff, to the luxury rooms to the phenomenal breakfast, right in the heart of Gdansk, you could not stop in a better place…..",This hotel could not have been better for my mom’s first trip abroad in 20 years,Family,2026-05-31,sarahmD155BM,,,,,,,,,,,,,,,,,
1054212627,779781,2026-03-25T13:02:49Z,4,0,"Reception staff could do with smiling and being a bit more helpful but after that I can’t fault it.
Location is great

We stayed in a suite apartment in a separate building ( 1 minute walk away) and it was absolutely lovely

Clean, spacious and modern
Bed and pillows were so comfortable 
Kettle, tea/coffee making facilities, microwave etc…
Opposite the Irish bar and had a bar restaurant downstairs which was great but wasn’t noisy once in the room

Hand wash, shower gel in the room, lovely towels

Would definitely recommend and will definitely return",Fantastic,Couples,2026-03-31,HertsLaracroft,"Hertfordshire, England",Owner response,"Dear Guest,

thank you very much for taking the time to share such a detailed review. We are delighted to read that you enjoyed the comfort of your suite, our location, and the overall atmosphere of your stay.

At the same time, thank you for your comment regarding the reception service. We truly appreciate this feedback and will take it into consideration to further improve the guest experience.

It is wonderful to know that you would recommend our hotel and plan to return – this means a lot to us.

Kind regards,
Denys Melnyk
Senior Front Office and Reservations Specialist",Radisson Blu,2026-04-03T07:30:08Z,,,,,,,,,,,,
1056598775,14055281,2026-04-14T16:06:58Z,5,0,"When we checked in, Phillip was so helpful in providing information about the location of the hotel, things to do. 

Lena was fantastic housekeeping. Our room was spotless.

We stayed 3rd April - 8th April 2026. Our first stay in IBB hotel Gdansk, but our second visit to Gdansk. 

Gdansk is a beautiful part of Poland, so much to do, a walker/hiker's paradise with picturesque views to see when walking. 

We had breakfast every morning, and I must say it is one of the nicest varied selections from sweet, cold, hot food options. 

The hotel is beautiful, reception staff and housekeeping staff friendly and helpful. The location is fantastic. 

I would definitely return to IBB Hotel Gdansk.","Clean, chic, modern hidden gem of a hotel",Family,2026-04-30,MissJodieElizabeth,"Liverpool, Merseyside, England",,,,,,,,,,,,,,,,
1053230161,14055281,2026-03-16T12:27:43Z,5,0,"Fantastic hotel! Lovely and clean rooms, good breakfast with a lot of choices and right by the main square.",Book this hotel when you’re in Gdansk,Family,2026-03-31,Tirre74,"Kungsbacka, Halland County, West Coast",Owner response,"Dear Tirre, 
thank you very much for your positive feedback. We are glad that we could ensure a comfortable stay during your visit to IBB Hotel Gdańsk.
Such words are extremely important to us and motivate us to work.
We will share your feedback with all our team as our main mission is to create a great stay for our guests.
Yours faithfully
IBB Hotel Gdańsk Team",Izabela Zeman,2026-03-25T10:23:14Z,,,,,,,,,,,,
1052763581,14055281,2026-03-12T06:42:56Z,5,0,"Great location — it was very convenient to get to the main places. The room was comfortable and clean, making it pleasant to relax and stay there. The only things missing were slippers and hair conditioner. Otherwise, everything was great and the stay left a very positive impression.","Great location, clean and comfortable room.",Friends getaway,2026-03-31,antonamelto,"Warsaw, Mazovia Province, Central Poland",Owner response,"Dear Guest, 
thank you very much for visiting IBB Hotel Gdańsk and for your positive opinion.
We place great emphasis on the high quality of our services. We are very pleased that it has been noticed and appreciated by you.
Thank you again and best regards!
Yours faithfully
IBB Hotel Gdańsk Team",Izabela Zeman,2026-03-25T10:22:14Z,,,,,,,,,,,,
1059098053,14167696,2026-05-05T11:19:50Z,5,0,"Excellent location. Lobby side you walk 150 feet to Main Street. Back door enters right across from St. Mary’s. Great rooms, heated bathroom floors. Great breakfast with many offerings. Will recommend highly.",Excellent location,Couples,2026-05-31,sae,"Birmingham, Alabama",,,,,,,,,,,,,,,,
1059018416,14167696,2026-05-04T21:55:49Z,5,0,"Short walk to Dluga St, Mariacka St, and river embankment. And the breakfast buffet (included) has a tremendous variety of good food to satisfy the international clientele.",Wonderful location for tourists,Family,2026-04-30,Chicago_Gayle,"Chicago, Illinois",,,,,,,,,,,,,,,,
1055231502,14167696,2026-04-03T12:39:54Z,5,0,"Every once in a while while traveling, you land in a hotel where you say that you don't want to leave. This was one of those places. It was a treat to stay in this hotel in a historical part of Gdansk. The spacious room and the comfortable bed along with its fluffy pillows made for a wonderful stay. On top of that, the location was ideal in that it was in the Old Town and near restaurants and the main pedestrian street.
The hotel staff was also very friendly and helpful. 
Lastly, the breakfast buffet was outstanding. Not only was my favorite waffle station with malt waffle batter prominently featured, there were salads, fresh fruit, eggs, cereals, etc. Everything was delicious.",An exceptional stay in Gdansk,Friends getaway,2026-03-31,Klikes2travel,"Chicago, Illinois",,,,,Value,5.0,Rooms,5.0,Location,5.0,Cleanliness,5.0,Service,5.0,Sleep Quality,5.0
1059085207,15676982,2026-05-05T09:34:55Z,5,0,"Check in was a pleasure as I arrived with no baggage (mislaid by the airline) and in need of a friendly welcome and room access.

Zofia was super efficient and thoughtful for which I am very grateful.",Stressed traveller,Business,2026-05-31,josephh408,"Ratoath, County Meath",,,,,Value,5.0,Rooms,5.0,Cleanliness,5.0,Service,5.0,,,,
1058516292,15676982,2026-05-01T05:44:12Z,5,0,"Fantastic welcome from Jakub Ko, very accommodating on arrival and ensuring our tenth wedding anniversary stay was memorable! Great first impression of the hotel.","Fantastic welcome, great first impression",Couples,2026-05-31,gavinf629,,Owner response,"Dear Guest,

Thank you for your wonderful feedback. We’re delighted to hear that you had a fantastic welcome and that your first impression of the hotel was so positive.

A special thank you for recognizing Jakub Ko – we are very pleased he helped make your 10th wedding anniversary stay memorable. We will gladly share your kind words with him.

We hope to have the pleasure of welcoming you again in the future.

Kind regards,
Radisson Hotel and Apartments Team",Maciej Cichosz,2026-05-01T12:43:53Z,,,,,,,,,,,,
1058328214,15676982,2026-04-29T13:21:43Z,1,0,"Very disappointing stay at Radisson Gdańsk, especially as a Radisson Rewards VIP.

One room had ineffective AC, a strong unpleasant scent and visible cleanliness issues. The solution? We were asked to switch rooms between ourselves. Eventually, the room was downgraded without any compensation. Hotel declined to refund the price difference between the room I’ve booked vs the room I’ve got.

Basic service requests were ignored (bathrobe - asked for 2 got only 1, glasses – had to go to the bar myself). Late check-out was only granted after being awkwardly linked to leaving a positive review.

To make matters worse, my card was charged again instead of settling the pre-authorisation, leaving funds blocked.

Overall, poor service recovery and not the standard I would expect from this brand.",Avoid this property - they decline to refund price difference after a downgrade!,Family,2026-04-30,843mariuszk,"Warsaw, Mazovia Province, Central Poland",Owner response,"Dear Guest,

Thank you for taking the time to share your feedback. We are very sorry to hear that your stay did not meet your expectations and that several aspects of your experience caused frustration.

This is not the level of service we aim to provide, and we sincerely apologize for the issues you described, including the room condition, service requests, and billing concerns. Your comments have been shared with the relevant departments for immediate review so that we can address both the operational shortcomings and communication with our team.

We truly value your feedback, as it helps us improve, and we regret that we did not have the opportunity to resolve these matters during your stay to your satisfaction.

Kind regards,
Radisson Hotel and Apartments Team",Maciej Cichosz,2026-05-01T12:44:15Z,Value,1.0,Rooms,3.0,Location,5.0,Cleanliness,3.0,Service,1.0,Sleep Quality,3.0
1058173456,15676982,2026-04-28T09:24:58Z,5,0,"I had a wonderful stay at this hotel and truly enjoyed every moment. Everything was at the highest standard — from the comfort of the room to the quality of service.

A special thank you to Zofia at the reception, who was extremely kind, helpful and professional, also to the room service staff member who took such good care of everything during my stay. Their warmth and attention to detail made the experience even better.

I will definitely come back and can highly recommend this hotel to anyone looking for a pleasant and relaxing stay.",Wonderful place in Gdansk,Solo travel,2026-04-30,Y2646XMannak,,Owner response,"Dear Guest,

Thank you very much for your wonderful feedback. I’m delighted I could assist you during your stay, and I’m glad you enjoyed your time with us. It was a pleasure having you as our guest, and we hope to welcome you back soon.

Kind regards,
Zofia Balcerak
Front Office Agent",Maciej Cichosz,2026-04-29T05:12:32Z,Value,5.0,Rooms,5.0,Location,5.0,Cleanliness,5.0,Service,5.0,Sleep Quality,5.0
1058011798,15676982,2026-04-27T03:41:24Z,5,0,Really nice hotel and earlier check in with help from Zofie😍,Hotel stay,Friends getaway,2026-04-30,nikitadC2682AI,,Owner response,"Dear Guest,

Thank you for your lovely feedback! We’re glad you enjoyed your stay and that Zofia was able to assist with an early check-in. We hope to welcome you again soon!

Radisson Hotel & Apartments Team",Maciej Cichosz,2026-04-29T05:11:47Z,,,,,,,,,,,,
1053063916,277647,2026-03-15T05:30:59Z,5,0,"Had a great stay at this hotel, check in was welcoming and efficient.
The reception staff  were all polite and helpful.
The hotel is clean and comfortable, my room was warm and had everything required, breakfast was served between 8am and 10am with a wide selection of food catering for everyone,
The location is excellent within walking distance to all the main attractions.","Friendly staff, excellent location.",Friends getaway,2026-03-31,H603DZpaulg,,,,,,,,,,,,,,,,,
1052202807,277647,2026-03-07T06:34:03Z,4,0,"Family weekend break for the Christmas Market.

Lovely hotel in a great location meant we could keep popping back to the hotel as and when needed. 

Breakfast had a good choice and the quality was above average. 

Staff were helpful and very friendly. 

Room was a little on the small side for 2 adults and 1 child, however we didn't spend much time in the room and was only for 2 nights so wasn't much of an issue. Room was very clean.","Great location, perfect for a weekend break",Family,2025-12-31,shubanacadie,,,,,,Value,4.0,Rooms,3.0,Location,5.0,Cleanliness,4.0,Service,4.0,Sleep Quality,4.0
1047156034,277647,2026-01-24T05:55:53Z,5,0,"Modern hotel just a couple of minutes walk from the Old Town and overlooking the river. 

Breakfast was served in my room each morning. 

Welcome gifts were appreciated. 

Room was cleaned daily and mini bar topped up. 

I was upgraded to an Executive Suite due to my loyalty status.",GDN,Solo travel,2026-01-31,JetSet_Glamour,"Bristol, England",,,,,,,,,,,,,,,,
1050815053,1109745,2026-02-23T10:02:14Z,5,0,"We stayed here for 4 nights in February. We booked a premium room, which I would recommend, as most of the poorer reviews appear to be around the size of the standard rooms. The room was spacious and very nicely furnished. Bathrobes and slippers were provided, as well as toiletries including shampoo, shower gel etc. Plenty wardrobe space, and despite the well below freezing temperatures outside, the room, if anything was warmer than required. The only slight complaint we had was the shower cubicle is a bit too small. Everything else was excellent. Check in and check out was quick and the staff at reception were all very nice and welcoming. Great brewery pub/restaurant inside the hotel too, which was a nice bonus. Would definitely recommend.",Brilliant stay,Couples,2026-02-28,craigman72,"Dundee, Scotland",,,,,Value,5.0,Rooms,5.0,Location,4.0,Cleanliness,5.0,Service,5.0,Sleep Quality,5.0
1045624615,1109745,2026-01-10T14:51:30Z,4,0,"They went above and beyond to make the stay great. We booked a room with 2 x twin beds but the room had it made up as a single double.  They gave us a different room to use for the night and switched the bed over early in the AM.  We bought the NYE package and our train arrived 2+hrs late.  They still set up our beer and vodka tasting even tho it was midnight!  Navigating elevators between the two buildings was challenging for my tired brain, but the place was clean and staff was nice.  It's a bit of a walk from the train station (especially carrying luggage, in the snow...) but doable.  If in a rush, recommend a Bolt.",Went above and beyond,Friends getaway,2025-12-31,jenandallthethings,,Owner response,"Dear Jen, 

thank you so much for sharing such a detailed and kind review of your stay. We are truly happy to read that our team was able to go above and beyond to make your visit enjoyable, especially in a situation that was not entirely smooth from the start.

We are glad that we could quickly find a solution regarding the bed setup and that the alternative room for the first night worked well for you. It is also great to hear that despite your late arrival, we were still able to prepare the beer and vodka tasting for you – we wanted your New Year’s Eve experience to be special, no matter the hour.

Thank you as well for your understanding regarding the layout of the hotel and the elevators between the two buildings. We appreciate your comments and are pleased that you found the hotel clean and the staff helpful and friendly.

We hope that despite the long journey and snowy walk, your stay in Gdańsk and at our hotel will be remembered very fondly, and we would love to welcome you again in the future.

Kind regards,
Hotel Gdańsk Team",Klaudia Gdańsk,2026-01-14T04:30:14Z,Rooms,5.0,Location,5.0,Cleanliness,5.0,,,,,,
1041318773,1109745,2025-12-04T09:22:36Z,5,0,"Superb hotel in the heart of Gdansk. On our arrival out room was still being cleaned but the helpful receptionist offered us a beautiful room on the fourth floor of the converted granary which was built in 1690.
We enjoyed a pleasant afternoon in the micro brewery/restaurant attached to the hotel. Super attentive barman Konrad advised us on the food and drink selections which were first class.
The Breakfast in the first floor restaurant was one of the best I have had with a huge selection of hot and cold dishes.
The hotel was close to all the major attractions, bars and restaurants etc,so there was no need for taxis.
Would thoroughly recommend Hotel Gdansk Boutique and the whole Gdansk experience.",Wonderful winter break,Couples,2025-12-31,garysK6666WU,"Newtownards, County Down, Northern Ireland",Owner response,"Dear Gary, 

Thank you so much for sharing such a wonderful and detailed review of your winter stay with us.

We are delighted that you enjoyed the unique charm of our historic granary building and that the room upgrade on arrival contributed positively to your experience. It is also fantastic to hear how much you appreciated the atmosphere in our microbrewery restaurant — we will gladly pass your kind words on to Konrad, who will be thrilled to know he helped make your afternoon memorable.

Your compliments regarding our breakfast selection truly mean a lot to us, as we take great pride in offering a rich and varied start to the day. We are equally pleased that our central location made exploring Gdańsk so convenient and enjoyable for you.

Thank you for your warm recommendation — it is the highest reward we could hope for. We would be delighted to welcome you back again whenever your travels bring you to Gdańsk.

Kind regards,
Hotel Gdańsk Team",Klaudia Gdańsk,2025-12-08T05:38:11Z,Value,5.0,Rooms,5.0,Location,5.0,Cleanliness,5.0,Service,5.0,Sleep Quality,5.0
1034978965,1109745,2025-10-15T14:13:11Z,5,0,"We visited Gdansk and stayed at the hotel Gdansk boutique hotel on our 10 year anniversary and it was brilliant! We had an early flight and the staff were so helpful and managed to check us in early as room was available already. We stayed in the yachting section which is 4* and our room was lovely and clean with a big bed and bath as well! We tried breakfast once and it was nice with a lot of selection, although we would say the fried eggs and some other hot items were cold. The spa was included with a steam room and saunas to relax in which were easily bookable at reception, this was included in our stay. The location was perfect being right by one of the harbours in old town and everything was an easy walk away.",Perfect couples city break,Couples,2025-10-31,sarahcD5668PS,,Owner response,"Dear Sarah,

Thank you very much for sharing such a lovely and detailed review of your stay at Hotel Gdańsk. We’re truly delighted that you chose to celebrate your 10th anniversary with us and that your experience was memorable from start to finish.

It’s wonderful to hear that you appreciated our convenient location, the comfort of your room in the Yachting section, and the relaxing atmosphere of the spa. We also thank you for your valuable remark regarding the breakfast temperature — your feedback has been shared with our kitchen team to ensure continuous improvement.

We hope to have the pleasure of welcoming you and your partner back to Gdańsk for another relaxing and enjoyable stay by the marina.

Kind regards,
Hotel Gdańsk Team",Klaudia Gdańsk,2025-10-21T05:07:27Z,Value,5.0,Rooms,5.0,Location,5.0,Cleanliness,5.0,Service,4.0,Sleep Quality,5.0
1057618357,16830226,2026-04-23T10:41:09Z,5,0,"Positives:
Nice big room with beautiful view 
Great shower 
Comfortable bed 
Omelettes at breakfast and friendly wait staff 
Very good location

Negatives 
No breakfast for free when booked with points
Gym needs more machines for upper body; already has more than enough for lower body",Very Good Stay,Couples,2026-04-30,HubbellGardiner,"New York City, New York",,,,,,,,,,,,,,,,
1053744272,16830226,2026-03-21T12:05:01Z,5,0,"We stayed here this week from Tuesday - Saturday and we really enjoyed our stay, me and my partner come over regularly but this was the first time my parents have visited Poland, this hotel was in the perfect location for sightseeing! We had the breakfast only once as it was an early start and the buffet selection was great!! We’d 100% stay here again",Nice hotel as the heart of Gdansk,Family,2026-03-31,owendavidson1998,"Stonehaven, Aberdeenshire, Scotland",,,,,,,,,,,,,,,,
1052585371,16830226,2026-03-10T12:00:47Z,5,0,"Very nice hotel, delicious and various breakfast, fantastic lokation, clean and moderne room, friendly staff. It was an excellent stay.",Excellent hotel,Couples,2026-03-31,anyuta20,"Maribo, Lolland, South Zealand, Zealand",,,,,,,,,,,,,,,,
1049365095,275085,2026-02-11T21:07:01Z,5,1,"My stay at the Grand Sopot was nothing short of spectacular. The architecture is breathtaking, and you can feel the history the moment you walk in. We stayed in a Sea View Room, which I highly recommend for the stunning, panoramic views of the Baltic Sea.

The service was impeccable from start to finish. The staff at the front desk were incredibly professional, and concierge went above and beyond to arrange dinner reservations. We spent our mornings enjoying the delicious, extensive breakfast buffet, and our afternoons relaxing in the spa.

Its location is simply unbeatable - right on the beach, yet just a short, pleasant walk to the pier and city center. Look out for the elegant swans! The room was immaculate and very comfortable. It is truly a 5-star experience, and I cannot wait to return!",Unforgettable Luxury and History by the Baltic - TREAT YOURSELF!,Family,2026-02-28,celinehospitality,"West Kelowna, Okanagan Valley, British Columbia",Owner response,"Dear Guest,
Thank you so much for your wonderful and detailed review. We are absolutely delighted to read that your stay at the Grand Sopot was nothing short of spectacular.
It means a great deal to us that you appreciated the historic character of our hotel and the breathtaking architecture that makes the Grand so unique. We are especially pleased that you enjoyed your Sea View Room. The panoramic views of the Baltic Sea truly are something special, and we’re glad they helped make your stay unforgettable.
Your kind words about our team are deeply appreciated. Providing impeccable service is at the heart of what we do, and it is rewarding to know that our front desk and concierge colleagues helped create such a seamless and memorable experience. We will be sure to share your compliments with them.
We’re also delighted that you enjoyed our breakfast buffet, spa facilities, and of course our exceptional location by the beach and close to the pier and city center. And yes – the swans are some of our most elegant regular visitors!
Thank you once again for your heartfelt recommendation. It was a pleasure to host you, and we very much look forward to welcoming you back for another 5-star experience by the Baltic.
Warm regards,
Karolina Polaska Patinho
Guest Relations Manager",karolina polaska,2026-02-17T09:38:44Z,Value,5.0,Rooms,5.0,Location,5.0,Cleanliness,5.0,Service,5.0,Sleep Quality,5.0
1041847273,275085,2025-12-08T16:51:21Z,4,0,"I got a nice welcome from Klaudia who said she had upgraded my suite to one with a balcony, however the balcony was so tiny you could only stand on it. The suite was not at all luxurious unlike the suites in the Sofitel Victoria in Warsaw and in Dubai. There was a wooden floor, a couch against the wall with no footstool or ottoman to put your feet up and it was behind the TV which was facing the bed. The minibar needed to be defrosted. There was a desk against another wall near the bed which was on a rug and it was the only place that had any sockets, there were none by the bed or the couch. There was a large empty space with a built-in wardrobe, a table and 3 chairs. I was pleased to find a welcome note with some macarons and chocolates on a small tray. The bathroom off this space had a walk-in shower and a bathtub. The whole suite seemed very sparse and basic. Even worse was the swimming pool which was nothing like what you see in the photo on their site and that was a major disappointment. It was in a dark corner and only about 15 metres long, I could barely do 4 full strokes of crawl. The gym wasn't much better. You would think in a place this size that they would have a 25 metre pool and a decent gym. In the evening I went to the huge bar next to reception. The restaurant was on the other side by the window. The furniture was very old and not that comfortable. I sat on a couch and got a Pornstar Martini from the barman Stefan with my free drink voucher that I got as a Platinum Accor member. After that I ordered a bottle of wine with some deep-fried cheese sticks and then a slice of cheesecake which was good. A female violinist and male guitarist/singer arrived and I enjoyed listening to some Polish music. Stefan and the waiter Lukasz identified some of the songs for me. Thanks to them, I had a nice evening despite the cold air coming in every time someone came in the front entrance. On Sunday night I sat in the same place and there was a male pianist but the music wasn't very interesting. Stefan made me a Pornstar Martini and Lukasz brought it over with lots of the crackers he knew I liked. I was a bit surprised when three men arrived in bathrobes and sat at the bar. They came back later in the evening with their clothes on. I ordered a bottle of wine and got a Caesar's salad with prawns from a friendly waiter called Mikolaj. I had a chat with Natalia at reception. Her colleague Anna had kindly given me a late checkout earlier on. I had a nice stay mainly because of the evenings spent in the bar but the hotel is in urgent need of renovation. I would be more than happy to stay here again if they manage to transform it into a true 5 star hotel.",Nice hotel but old and the swimming pool was a big disappointment,Solo travel,2025-11-30,MargaretinParis,,,,,,Value,3.0,Rooms,2.0,Location,5.0,Cleanliness,5.0,Service,5.0,Sleep Quality,4.0
1039714948,275085,2025-11-20T10:36:28Z,5,0,"If you’re looking for a hotel with real soul, the Sofitel Grand Sopot has it in spades. Walking up to this Grand Old Lady, you can feel the history settle around you right away. She’s elegant, she’s storied, and she’s definitely earned a few character lines, and I mean that in the best way. The fun part is knowing she’s about to get a serious facelift, inside and out, and you can almost feel the anticipation.

What absolutely made the stay unforgettable was the staff. Everyone I met seemed genuinely proud to be part of the place, and it shows. I have to call out Lukas, who was just exceptional. He brings so much warmth and professionalism that you instantly feel welcome. If the hotel itself has heart, he’s part of the reason.

Being there feels like stepping into a little pocket of Sopot’s history. The building, the atmosphere, the details, it all draws you in.

There’s also a historical tour that isn’t widely advertised. If you’re lucky enough to catch it, especially if you love history, don’t miss it. The hotel has seen some extraordinary moments, including visits from figures connected to the lead-up to WWII. Standing in the same spaces gives the whole stay another layer of meaning.

As for what I didn’t like? Honestly, nothing. Any small imperfections felt like they belonged to the story of the place, not flaws.

If you appreciate history, character, and truly excellent service, this hotel really delivers.",Grand Ole Lady Still Knows How to Flirt!,Solo travel,2025-11-30,LagunaGypsy,"Vail, Colorado",Owner response,"Dear LagunaGypsy,

Thank you for sharing your delightful experience at Sofitel Grand Sopot. We are thrilled to hear that our hotel’s rich history and elegant ambiance resonated with you, and that you felt the warmth and professionalism of our dedicated staff.

We appreciate your mention of our historical tour; it is indeed a unique feature that we are proud to offer to our guests as a wow factor and a surprise upon stay. We are committed to preserving the character of our establishment while also looking forward to the upcoming renovations that will enhance your experience even further, we just added the new igloo feature to our new winter garden.

Your feedback regarding the imperfections adding to the charm of our Grand Lady is truly valued and we couldn't put it better than you just did. Thank you once again for your kind words, and we hope to welcome you back for another memorable stay in the future at the sea side.

Best regards  
Łukasz Paprocki  
Senior Concierge & Guest Relations  
",karolina polaska,2025-11-21T11:42:58Z,,,,,,,,,,,,
1033400200,275085,2025-10-04T15:57:12Z,5,0,"A grand old hotel in a prime location right on the water. The property exudes historic charm, though the reception area and expansive hallways are in need of some attention — the carpet, for instance, is visibly buckled in several areas and detracts from the otherwise elegant atmosphere.

There’s a small bar just off the lobby leading into the grand dining room. We especially enjoyed relaxing with spritzes on the beautiful grounds that border the beach — a lovely setting for an afternoon break.

We arrived around noon, and reception kindly offered to notify us when our two rooms were ready, which she believed would be ahead of the standard check-in time. Unfortunately, we never received any update, and when we returned later, our keys were simply waiting on the counter.

We had booked Luxury Rooms (seaside view, two single beds combined as a king, no balcony). One room matched the representative photo from our confirmation, but the second was an attic-style room — quite possibly the least appealing room we’ve ever been offered. Thankfully, the staff quickly resolved the issue, upgrading us to a stunning oceanfront room and upgrading our traveling companion as well (also a perk - when available - of using our Travel Advisor).

There is a ""strand"" that parallels the ocean between the hotel and the beach, that was wonderful with restaurants scattered along the way in and around the various beach clubs. The charming Sopot downtown is also a short walk from the hotel, it was a great location for us.

The breakfast buffet was abundant and delicious, offering a wide variety of options. One disappointment, however, was the handling of the $100 credit per room we received through our Travel Advisor. At most hotels, this credit can be applied toward spa services, restaurant, bar, or even the final bill. At the Grand Hotel Sopot, it could only be used in the restaurant or bar — and all at once. Since breakfast was included, we didn’t dine in for lunch, and we preferred to explore local restaurants for dinner. Unfortunately, they had no way to debit the balance gradually (for example, with cocktails), so we ended up using the credit to purchase a $25 USD bottle of vodka for $200 USD — an unnecessarily restrictive policy that left a poor final impression.",Perfect location - serene yet an easy walk/drive from downtown Sopot/Gdansk!,Family,2025-09-30,97carolf,"Menlo Park, California",,,,,,,,,,,,,,,,
1032806172,275085,2025-09-30T08:00:21Z,4,1,"This remains an hotel with Grand aspirations.  Well-trained, charming staff; discreet décor and well-provided bedrooms.  The location is ideal, looking directly across neatly manicured private gardens to the beach and to the (very) long pier.  Also just a short walk from the commercial centre of the town.
Breakfast is a good, wide-ranging buffet in the restaurant.  We had two evening meals there two, which were not overwhelming however.  Disappointed that many, more local, guests don’t quite seem to grasp the concept of “smart casual”
One evening we were lured by a promise of Vivaldi to a recital in the concert hall.  However, the excellent vocal/instrumental quintet gave us a bit of Handel, Nessun Dorma, and a lot of Freddy Mercury/Queen stuff but no AV.
It appears that absolutely everybody who was a somebody has stayed in the Grand, and innumerable photos line the lounge walls.  I noted that a few better-known (but quite unspeakable) faces are omitted although Fidel Castro still clings on in the bottom left corner!
Reception and Concierge staff were very helpful with both suggestions on restaurants, an outing to Gdansk, and organising a private chauffeured tour of the Kasubia hinterland.
We didn’t try the pool or spa – these things are usually in an unpleasantly scented, humid basement.
But as a connoisseur of beaches, living ten minutes walk from the best sand in Cornwall, I can report that Sopot sand is fine, light golden, and (for a tideless sea) very clean.",A Grand few days,Couples,2025-09-30,Lundydog,"London, England",Owner response,"Dear Lunydog,

Thank you very much for sharing such a detailed review of your stay at Sofitel Grand Sopot. We are delighted to hear that you enjoyed our prime location, well-appointed rooms, attentive staff, and breakfast offerings. Your kind words about our Reception and Concierge teams are greatly appreciated—they will be thrilled to know they contributed to making your stay memorable.

We also thank you for your constructive feedback regarding the evening meals, the concert program, and observations about some guests’ dress standards. Your insights help us continue to refine and enhance the experiences we offer.

It is wonderful to hear that you enjoyed the beach and the surrounding area; Sopot’s coastline is indeed a gem, and we are glad it met your high standards!

We hope to welcome you back to Sofitel Grand Sopot for another memorable stay.

Warm regards,
Karolina Polaska Patinho
Guest Relations Manager",karolina polaska,2025-10-04T04:31:52Z,,,,,,,,,,,,
1050008193,1015711,2026-02-17T03:51:12Z,5,1,"Sheraton Sopot dates from 2008, is located directly by the Baltic Sea next the pier and offers 189 rooms. Furnishings and decoration provide a quiet, high-quality atmosphere. There are restaurant, nice spa & pool, fitness & gym, and meeting rooms. Service is friendly and helpful. We were upgraded to club-floor with view of the pier. Our comfortable room had desk & chair, club-chair, TV, wardrobe with safe & ironing facility, fridge & Nespresso facility and an excellent kingsize bed. Window can be open in safety mode. We had a nice bathroom with washbasin, shower over the bath, and toilet. All was impeccably clean. An excellent buffet breakfast is served: eggs made to order, a choice of cold cuts & cheeses, breads & toast, cereals & fruits, milk & yoghurts, juices & preserves, rolls & croissants, sparkling wine, tea & coffee. Sheraton Sopot is a comfortable hotel. Highly recommended.",A very comfortable hotel,Solo travel,2026-02-28,MrsPiket,"Rotterdam, South Holland Province",Owner response,"Dear Mrs. Piket 

Thank you very much for taking the time to share your rating about the stay at Sheraton Sopot Hotel.
We are glad to hear that you enjoy your stay!
Thank you also for appreciating our hotel staff.
It was pleasure to host you!
We look forward to the opportunity to welcome you back to our hotel.
Best regards
Lukasz Knut
Concierge
Sheraton Sopot Hotel ",Radosław Kacprzak,2026-02-22T07:55:49Z,,,,,,,,,,,,
1038460861,1015711,2025-11-10T07:31:53Z,2,1,"Be very careful when entering to hotel and especially when leaving. Hotel will take mandatory deposit from your payment card account, but even though not used at all, you have to fight to get it released from not blocking amount in your account. I have already asked releasing two times, they have promised, but still blocking money in the account and I letf the hotel already month ago.",Checked out from hotel already month ago and still deposit taken not returned!,Solo travel,2025-10-31,274samin,"Karkkila, Uusimaa",Owner response,"Dear 274samin

Providing the highest level of hospitality is our top priority, and I sincerely apologize for not meeting your expectations.
I am truly sorry that your account has been blocked.
To assist you further and expedite your refund, please contact me directly at
Lukasz.Knut@sheraton.com
Once again, I apologize for the inconvenience caused by the blocking of your card.

Lukasz Knut
Concierge
Sheraton Sopot Hotel ",Radosław Kacprzak,2025-11-11T13:13:01Z,,,,,,,,,,,,
1036746985,1015711,2025-10-28T06:09:10Z,5,1,"A heartfelt thank you to the entire Sheraton Sopot Hotel staff, and especially to Mr. Mariusz, the General Manager, the soul of this place, for his personalized service, which made our stay exceptional, just as we had imagined. In the period immediately preceding our stay, a hotel employee contacted us via email and in person to clarify the details of our stay, for which we are very grateful. The hotel met all our individual expectations.

Complete professionalism.

Thank you.

Robert Aldona Szparaga",Complete professionalism.,Couples,2025-10-31,robertsC9400IS,,,,,,,,,,,,,,,,,
1048144433,20935494,2026-02-01T06:50:15Z,5,0,"Stayed at the Radisson Blu Hotel in Sopot and the highlight by far was the (spa/sauna area) – what an amazing, refreshing wellness zone!
It’s textile-free inside (as expected for hygiene and proper sweating), and everyone is super respectful – men and women no problem, no staring, no awkwardness, just people chilling and enjoying the heat. There are a couple of great saunas: one hot/dry one and a milder one, plus a wonderful steam sauna that left me feeling fully refreshed.
The mixed-gender showers and changing areas with lockers worked perfectly – you can change privately if you want, but most people just use a towel to cover up when moving around, and it’s totally normal and no big deal. Just ask for a bathrobe and two large towels at the entrance (which they provide happily), and you’re set for the whole session.
I also booked a full-body massage (300 PLN) – excellent value! They give you a small disposable paper undie for modesty, so the therapist can work on your entire back, legs, etc., professionally and thoroughly. It was one of the best massages I’ve had – left me completely relaxed.
The hotel itself is lovely too: great breakfast selection (plenty of fresh options), comfortable rooms, and the whole place has a welcoming vibe. The spa access (60 minutes free per day for guests, easy to extend) made the stay even better.
If you’re open to the authentic mixed in-sauna experience this is a top spot in Sopot. Highly recommend – Will definitely return!","Fantastic spa experience – loving the SPA, sauna and total relaxation!",Business,2026-01-31,Extraordinary381503,,Owner response,"Dear Ole,

Thank you for your amazing feedback. We are delighted to hear that you enjoyed every aspect of your stay — from the wellness zone, rooms and facilities to the massage and relaxed atmosphere. It’s wonderful to know that you enjoyed our exeptional breakfast and friendly vibes.
We look forward to welcoming you back for your return and many more exceptional stays.
Best regards from Sopot!
Małgorzata Winiarska
General Manager",Małgorzata Winiarska,2026-02-02T07:44:31Z,,,,,,,,,,,,
1048013432,20935494,2026-01-31T05:34:23Z,5,0,"The room was fine, the bed comfortable, bathroom was clean and the whole suite have been cleaned every day. 
Armosphere at the hotel was good, receptionists were kind and helpful. 
Breakfast and dinners were also tasty.
The only disadvantage was cool water at the swimming pool and sleeping in the family suite might be claustrofobic for persons sleeping upstairs on antresola ( mezzanine).",Nice stay worth the price,Family,2026-01-31,emiliabA7521YQ,,Owner response,"Dear Emilia,
Thank you very much for taking the time to share such a detailed and thoughtful review of your stay with us.
We are delighted to hear that you enjoyed the comfort cleaness, the luxurious ambiance of our public areas and exeptional staff.
Just to add temperature of the pool is between 27-28°according to the standard.
Best regards from Sopot!
Małgorzata Winiarska
General Managert",Małgorzata Winiarska,2026-02-02T04:20:15Z,,,,,,,,,,,,
1043539267,20935494,2025-12-24T03:24:18Z,5,0,"We are very pleased in our stay ,our Room was enough for us, my Friends enjoy the Spa, pools and Sauna, breakfast is great, it's near at the beach and Walking distance to lot of entertainment around.",Weekend getaways,NONE,2025-11-30,christabellesoriano,,Owner response,"Dear Christabellesoriano,
Thank you for your kind words. We are delighted to know you enjoyed the room ,Spa, and our exceptional breakfast .We do hope to welcome you back in future!
Kind regards,
Małgorzata Winiarska
General Manager",Małgorzata Winiarska,2025-12-29T02:54:09Z,Value,5.0,Rooms,5.0,Location,5.0,Cleanliness,5.0,Service,5.0,Sleep Quality,5.0
1027254372,20935494,2025-08-28T01:03:56Z,5,0,"Great place. I enjoyed their water attractions. Exceptional. Huge swimming pool, multiple saunas, jacuzzi s indoor/outdoors. 
Very helpful and pleasant front desk personnel.",Great water attractions,Couples,2025-08-31,renak773,,Owner response,"Thank you Dear Renata for your kind reviw. I am glat that our attrractions met your expectations.
We do hope to welcome you back in future!
Kind regards,
Małgorzata Winiarska
General Manager",Małgorzata Winiarska,2025-09-01T06:21:27Z,Value,5.0,Rooms,5.0,Location,5.0,Cleanliness,5.0,Service,5.0,Sleep Quality,5.0
1056572643,2508570,2026-04-14T10:37:59Z,5,0,Lovely seaside hotel with large and breezy rooms. We had view towards the sea which was excellent. Our rooms had balconies and it was nice to sit outside and cat h the breeze. Breaks fast is plentiful although crowded at the weekend. Nice restaurant too,Lovely Easter weekend on the Baltic coast,Family,2026-04-30,BalkanEnthusiast,"Athens, Attica",,,,,,,,,,,,,,,,
1056362667,2508570,2026-04-12T17:11:38Z,5,0,"Amazing hotel, perfect location just a few steps from the beach. 
Very relaxing atmosphere,nice and friendly staff 
Great spa especially 2 outdoors jacuzzi",Right on the beach,Business,2026-03-31,dorotasZ1853SJ,Istanbul,,,,,,,,,,,,,,,,
1052918204,2508570,2026-03-13T16:49:29Z,5,0,"I spent four truly relaxing days in a beautiful location right by the beach. What makes this hotel particularly special is the Staff. 

At the reception, everyone was welcoming and I would especially like to mention Adam. My room was spotless, the bed extremely comfortable, The breakfast was excellent, and the team was very considerate

Dinner was equally wonderful. I would especially like to thank Pola, who took great care of me throughout my stay. She remembered my previous orders and was always aware of my preferences, which made every evening feel very personal. Dear Pola, thank you very much.

The spa reception team was also very warm. 
Agatha and Julia were lovely, and I truly enjoyed the 80 min. massage with Kate. Thank you, Kate.

I hope to return one day.

Cristian",Thank you very much for the wonderful stay.,Solo travel,2026-03-31,cristiangA8721TG,Hamburg,,,,,,,,,,,,,,,,
1036894518,2508570,2025-10-29T07:51:17Z,4,0,"Slightly disappointed. Apart from exceptional location, the rest is actually quite average. The room was not very cosy, the mutual area not very much inviting either. The service however was correct. Friendly and attentive staff. Good venue for a short stay, but not memorable.","Location, location",Business,2025-10-31,laserkid,"Lodz, Lodz Province, Central Poland",,,,,,,,,,,,,,,,
1016863310,2508570,2025-07-06T14:58:59Z,5,0,"Came here to say for a 2 day conference and stayed on for a couple of days of relaxation. 

The hotel is located right on the beach with amazing sea views. It also has great spa facilities and a rooftop pool / terrace.

The Rooms are really nice with very comfortable beds and nice balconies and the food in the restaurant for breakfast and lunch is excellent",Really great hotel in a perfect location!,Couples,2025-07-31,chrisjL9749NC,"Manchester, Greater Manchester, England",,,,,,,,,,,,,,,,
1020639516,10470842,2025-07-24T15:01:42Z,5,0,Wow we had the apartment room and it was such a big space and furnished very nicely. We had a 18 month old baby and it was a great space. We stayed a week and would highly recommend the staff and cleaners were so accommodating to our needs. I would def come back again fantastic location nice and quiet an easy access to the beach and local restaurants and shops.,Amazing time away,Family,2025-07-31,gillianlinley,"Leeds, West Yorkshire, England",,,,,Value,5.0,Rooms,5.0,Location,5.0,Cleanliness,5.0,Service,5.0,Sleep Quality,5.0
1009906879,10470842,2025-05-27T16:39:23Z,1,0,"I rarely leave negative reviews, but this experience deserves one.

We stayed at this hotel recently, and for three days we reported—twice a day—that the air conditioning in our room wasn’t working. Each time, we were told that someone would look into it. Nothing happened. On the third day, we finally heard from a staff member that the AC in our room hadn’t worked for weeks, and they apologized for the inconvenience.

What’s worse is that they asked us not to leave a bad review, saying someone would contact us to resolve the issue. It’s now been four days since we checked out, and no one has reached out.

The lack of honesty and follow-up is unacceptable. If you stay here, make sure everything in your room actually works—especially if it’s something essential like AC. Based on this experience, I cannot recommend this hotel and will not be returning.

Spa was good!",Avoid!!! Extremely Disappointed,Friends getaway,2025-05-31,karolinamJ250QY,,,,,,Value,1.0,Rooms,1.0,Location,4.0,Cleanliness,4.0,Service,1.0,Sleep Quality,1.0
976806127,10470842,2024-10-27T06:30:48Z,5,0,"Amazing property but mostly staff. Very accommodating and helpful when needed. Beds are comfortable but you can’t separate them for two people unless you need them for kids. Grab studio bed instead which is lovely. Breakfast is delicious together with espresso coffee machine and access to oat milk or almond milk which you can froth and add to your coffee (I consider myself a Coffee connoisseur hence the info :) also I traveled a lot staying mostly in 4 & 5 star hotels across the world having come from USA so I’d consider this hotel very comparable alongside S Africa hotels. Close to the beach and restaurants alongside it. I walked everywhere. Overall, very pleasant 5 night stay and I’d def go back. Thank you to all making my stay so enjoyable.",Amazing Break,Friends getaway,2024-10-31,Wanderer432374,"Greenwich, Connecticut",,,,,Value,5.0,Rooms,5.0,Location,5.0,Cleanliness,5.0,Service,5.0,Sleep Quality,4.0
956173488,10470842,2024-06-22T06:25:58Z,2,0,"I want to start of by saying that this review is based on expectation and experience. The stay it self was average.

Based on the logo and pictures/text on the webpage I expected 4 star service. This was far from the truth.
Service level was OK, 3 star, nobody said hello once the 20 times I passed the reception during our stay.
We had a don’t disturb sign on the room door, but maid still entered.
We were told in recetion there was towes at the beach, when we got to the beach, we were told it was in the recetion.
Hotel is about 10 minutes walk from the beach and 20 minutes from downtown. Its a bit to walk if you want anything to drink or eat as there is not much around the hotel its self.
There was no light or music in the spa, and the temperature in sauna was colder than normal. I usually get maxpulse during 15 min, this time it was 120 max.
Hotel is clean and modern, so much potential!",Its a matter of expectation..,Couples,2024-06-30,GlobePilot,"Trondheim Municipality, Trøndelag, Central Norway",,,,,,,,,,,,,,,,
1058306589,285471,2026-04-29T10:17:03Z,5,0,"An elegant building from the outside in the heart of Sopot but the surprise is when you enter and are warmly greeted by the front of house team member/s who couldn’t do enough for us during our stay. Our room was prepared to a very high standard with the usual water tea and coffee. Good size bathroom with robes slippers larger fluffy bath towels. We had chosen the half board option which had an excellent breakfast menu but the evening dinners were outstandingly delicious, created with local ingredients created by a talented kitchen brigade all served in the warm friendly restaurant (Grino). Highly recommend dining here.",April Visit,Couples,2026-04-30,Tourist38029779748,"Aldershot, Hampshire, England",Owner response,"Dear Guest,

thank you very much for your wonderful and detailed review.

We are delighted to hear that you enjoyed both the elegance of our building and the warm welcome from our Front Office Team. It is especially rewarding to know that your room, its comfort, and amenities met your expectations.

Your kind words about our culinary offer mean a lot to us. We are truly pleased that you appreciated both the breakfast selection and the dinners, as well as the atmosphere of our restaurant. The entire team takes great pride in creating memorable dining experiences, and your recognition is the best motivation for us.

Thank you as well for your recommendation – we hope to have the pleasure of welcoming you back to Sopot in the near future.

Kind regards,
Zbigniew Brząkała
Quality & Sustainability Manager ",Nina K,2026-05-01T08:42:18Z,,,,,,,,,,,,
1057976121,285471,2026-04-26T16:25:49Z,5,0,"Sensational location, friendly service, attention to the comfort of the guest, everything at a high level, I recommend.",Wonderful,Family,2026-04-30,magdalenam958,"Szczecin, Western Pomerania Province, Western Poland",Owner response,"Dear Ms. Magdalena,

Thank you sincerely for your wonderful review. We are truly delighted that you appreciated our exceptional location, attentive service, and commitment to guest comfort. Your kind words are the greatest reward for our team and inspire us to continue delivering the highest standards.

It would be our absolute pleasure to welcome you back for another memorable stay.

Warm regards,
Zbigniew Brząkała
Quality & Sustainability Manager ",Nina K,2026-04-30T06:09:47Z,,,,,,,,,,,,
1044344683,285471,2025-12-31T02:35:36Z,5,0,"I stayed at Rezydent Sopot as a couple, and the whole stay felt truly special and very personal. We were welcomed with a lovely personalized touch that immediately set the mood. The restaurant was absolutely delicious, and you can really feel the quality in every detail. Special thanks to Zbyszek, who takes care of everything and makes guests feel genuinely looked after!",Great!,Couples,2025-12-31,jankP8009LE,,Owner response,"Dear Mr. Jan,
Thank you very much for sharing your kind words. We are delighted to hear that your stay at Rezydent Sopot - MGallery Collection felt special and personal, and that our team, especially Zbyszek, contributed to making you feel so well cared for.
We are also pleased that you enjoyed the restaurant and the attention to detail in every aspect of your experience. It is always our goal to provide memorable moments for our guests, and your feedback is the best reward for our efforts.
We look forward to welcoming you back to Rezydent Sopot - MGallery Collection for another exceptional stay.

Warm Regards,
Zbigniew Brząkała
Quality & Sustainability Manager ",Nina K,2026-01-05T09:39:08Z,,,,,,,,,,,,
1043549566,285471,2025-12-24T05:33:20Z,5,0,"I had a wonderful pre-Christmas stay here in a very pleasant atmosphere. I recommend it. You can hear trains slightly because the hotel is next to the station, but earplugs helped me sleep peacefully. The bathrooms are a bit small, but overall my impression is positive.",Xmass time,Solo travel,2025-12-31,536gretae,,Owner response,"Dear Ms. Greta,

thank you very much for sharing your feedback and for choosing our hotel for your pre-Christmas stay. We are delighted to hear that you enjoyed the pleasant atmosphere and that your overall impression was positive.

We appreciate your understanding regarding our central location next to the train station and are glad that earplugs helped ensure a peaceful night’s rest. Thank you as well for your honest comment about the bathroom size -  your remarks are valuable to us and help us continuously improve our guests’ comfort.

We truly hope to welcome you back again in the future and wish you all the best.

Warm Regards,
Zbigniew Brzakala
Quality Manager ",Nina K,2025-12-25T08:43:12Z,,,,,,,,,,,,
1042959200,285471,2025-12-18T18:51:10Z,5,0,"Over the past 12 months, I have stayed at this hotel six times, and each time has been equally perfect. Excellent service (especially from Mr Zbigniew and Ms Monika), always willing to help or chat. I mainly come here on business, often with my wife and cat. The customer service is top notch. I stay at Accor hotels about 100 nights a year, and this one is definitely among the best.",Perfect place in Sopot,Business,2025-12-31,kamil_mat,"Katowice, Silesia Province, Southern Poland",Owner response,"Dear Mr Kamil,

Thank you very much for your exceptionally kind words. It has truly been a pleasure to welcome you during your stays with us, and I am deeply honored by your recognition.

Knowing that each of your visits has been consistently perfect is the greatest compliment one could receive. I am especially grateful for your appreciation of the service provided by our team, and it means a great deal to me personally to have contributed to making your stays comfortable and enjoyable.

Welcoming you, your wife, and your cat is always a pleasure, and we sincerely value your trust and loyalty. I very much look forward to seeing you again on your next visit and to ensuring that every stay continues to meet the highest standards.

With my warmest regards,
Zbigniew Brząkała
Quality & Sustainability Manager ",Nina K,2025-12-19T11:05:05Z,,,,,,,,,,,,
1025050059,651618,2025-08-18T06:03:20Z,4,0,"The hotel is in a great location, close to the beach, public transport, and shops. The staff is very friendly, and the price is reasonable. Breakfast is good and served as a buffet. It’s a great base for exploring the area. The rooms are nicely renovated and everything can be easily arranged. 

On the downside, the bathroom feels like it’s stuck 20 years in the past.",Read me,NONE,2025-08-31,Tourist45044893002,,Owner response,"Dear Tourist45044893002

Thank you very much for your detailed and kind review! ? We're delighted that you enjoyed our location, the friendly atmosphere, and the value we offer. It's also great to hear that the breakfast and renovated rooms met your expectations, and that you found our hotel to be a convenient base for exploring the area. We appreciate your feedback regarding the bathroom – your comments help us identify areas where we can improve. We're continuously working on enhancing the comfort of our guests, and your opinion is very valuable to us.

We hope to welcome you again in the future!

Best regards,
Aleksandra Belgrau
Manager on Duty
",Dobry Hotel,2025-08-27T07:53:42Z,Value,5.0,Rooms,4.0,Location,5.0,Cleanliness,4.0,Service,5.0,Sleep Quality,4.0
973231812,651618,2024-10-09T12:42:31Z,5,0,"This is very lovely place with amazing hotel team! Rooms are very pleasant and breakfast are very very good ! 

I do not see any of the inconveniences! 
Hotel is located next to the sea and a SKM train station. 

For one or two nights is just perfect! 
I will come back! 

Cheers!",Lovely place with great team!,Business,2024-10-31,CloudCatcherTravel,"Innsbruck, Tirol, Austrian Alps",,,,,,,,,,,,,,,,
791569360,651618,2021-06-07T10:05:47Z,5,0,"We had a long weekend here in Poland and took the opportunity to travel to Sopot. The Hotel is located at a superb location which was excellent for us travelling with a dog.

We arrived late at night and were happy, that they have a 24/7 reception. Even the parking lots were limited, I could park my car in the garage. One disadvantage was, that our car is so terrible big, that I only could get out of the underground garage by driving out backwards but I wouldn't blame the Hotel for that, it is just, with long large cars, it is tricky.

The rooms were nice and the beds very comfy. They were actually so comfy, that it was difficult to get out of them. Once in, you are trapped ;)

The bathroom was average with a sink, toilet and a shower. My daughter had her own room and hers looked similar like ours. Not sure if this is something new but if you wanted the room to be cleaned you had to ask for. It was no problem for us, we only stayed for 4 days.

We booked including breakfast and it was not a big buffet compared with other Hotels but a good one with all kinds of cold and warm meals and drinks and it was very nice. An extra point for us was, that we could enjoy our breakfast outside and could take our dog with us. 

The Hotel is close to the main street, which is going along the coast from Gdansk, Sopot, Gdynia up to Hel and therefore very convenient. I wouldn't call it myself the most quiet area due to the Street but it is still very calm.

What we didn't expect was the location itself. It is a 5 minutes walk to the beach and what was a fantastic positive experience. You walk 100 meters and end up in the middle of a beautiful park/woods, where you have stairs to get down to the beach. The park/woods contained bicycle track, inline-skating track and of course one for pedestrians.
The beach was not overcrowded and had a small Restaurant, where you could buy drinks and food, some installed umbrellas and as many people might not know, a dream of a beach. A dream, because it is wide, fine sand and clean.
Maybe the best feature was, that only 2 km. away is the ""fun-mile"" of Sopot, with Restaurants, some shops and entertainment. Because it is not far away, we walked every evening to the square, where the Marina lays and searched for a nice Restaurant.

In a nutshell. It was worth the trip, worth the money, good for a family and we enjoyed every minute spending there.
I don't think, you will regret it!",An excellent location,NONE,2021-06-30,itismemoi,"Warsaw, Mazovia Province, Central Poland",Owner response,"Dear Guests,

We appreciate you taking the time to complete a survey regarding your recent stay with us. 
I would like to personally thank you for your detailed description of the hotel, its interiors and surroundings.

On behalf of our entire staff here at the Hotel Aqua Sopot we would like to thank you for your comments and we hope to see you again when your travels bring you back to the area!
Please “Like” us on Facebook to stay informed of our upcoming news, events and promotions.

Looking forward to welcoming you next time in our Hotel.

Angelika Piekarska 
Front Office Manager",Marzena Szawarska-Niczko,2021-06-11T03:04:33Z,Location,5.0,Service,5.0,Sleep Quality,5.0,,,,,,
1010315017,2269524,2025-05-30T12:31:38Z,5,0,"From arriving to leaving the staff at Mala Anglia could not do enough for us. The hotel is absolutely stunning, our room no18 was fantastic and had everything we needed. Breakfast was great with a huge choice of drinks and food even for me that enjoys a full English breakfast/bacon butty every morning at home. The pool & hot tub are so inviting hence I used them every day. My favourite part of the hotel is the free use of the Twizzy's. We went to Gdansk, Gyndia and the Zoo. Sopot has everything you need from a beach resort. Beach, great bars & restaurants. Thanks for a great stay guys 👌👏👍",Fantastic 👍,Couples,2025-05-31,adamhX8501AN,,,,,,,,,,,,,,,,,
976496698,2269524,2024-10-24T16:25:24Z,3,0,the pictures a re far from reality.  don't get me wrong it is not terrible it is ok. facilities are better than a room we have stayed.  you can hear people above you we had children stayed above us. it was very noisy gave us until late night and early morning as they were running around and throwing themselves on the floor. horrible banging noise which gave us headache. walls don't have noise cancellation at all.  complained numerous of times but nothing was done. Our room was very dated and very dark. not worse the price.,it is ok.,Friends getaway,2024-09-30,C237XFjuliad,"Leeds, West Yorkshire, England",,,,,Value,2.0,Rooms,1.0,Location,5.0,Cleanliness,3.0,Service,2.0,Sleep Quality,1.0
963937700,2269524,2024-08-09T09:09:00Z,5,0,"Beautiful place with a great team! We have visited Mala Anglia several times over the last 10 years and never been let down.  Amazing, modern rooms with everything you need. Great pool and spa area for a nice time after the beach day or a walk. The restaurants serves delicious breakfast and coffee! Last but not least, we always get the best service from Mrs Asia and Kasia . Thank you and see you soon 😊",Beautiful place with a great team!,Family,2024-08-31,dominikawT8100EB,,,,,,Value,5.0,Rooms,5.0,Location,5.0,Cleanliness,5.0,Service,5.0,Sleep Quality,5.0
958841961,2269524,2024-07-10T07:02:52Z,5,0,"Being completely honest I didn’t expect that this hotel will be such good. The rooms are “unusual” comparing to other hotels but I’m not considering it better or worse (just something new). Comfy and big. The SPA is also very nice, I like the small pool next to sauna.

The staff is very kind and helpful, top level service. 

We really enjoyed the breakfast! It was super tasty. I’m not breakfast person but at this hotel I really like it.

To recap, we were in many Sopot hotels. Cheap ones and in those more expensive like Haffner or Sopot hotel. The “Mała Anglia” is in our top spot to stay. We will definitely back here.",Wonderful place,Family,2024-07-31,MarekChojecki,,,,,,Value,5.0,Rooms,5.0,Location,4.0,Cleanliness,5.0,Service,5.0,Sleep Quality,4.0
1022740385,1519907,2025-08-05T09:04:39Z,1,0,"Stay away.  This hotel is located upstairs from a Thai Restaurant, so your room will smell delightful, or at least unique, but that's not really the problem.  The room I was given had a 4 inch memory foam mattress on top of an Ikea type wooden slat frame, no box spring.  Upon investigation there's pubic hair and dried blood on the actual mattress, and the slats on the frame are a nightmare.  So the smaller details start to come into view, the cum stained throw pillow is to be expected due to the gynecological lights attached to the headboard.  These little gnats I keep killing seem to run the place, I'm on the 4th floor, who knew these guys could fly so high!  When I confronted the Assistant Manager he assured me that I was the only person in the history of the world that had a problem with the room and that I was clearly deranged, 4 star hotels always have garbage mattresses covered in blood and pubic hairs.  He couldn't care less, so little in fact, that the maids didn't show up to clean the room until 1:30, a good 4 hours after I had confronted the ass. man.  No hope on refund or anything, I'm moving across the street to the Grand, I'd recommend you do the same...",Garbage hotel,Solo travel,2025-08-31,I4901JHnickb,,,,,,Value,1.0,Rooms,1.0,Location,5.0,Cleanliness,1.0,Service,1.0,Sleep Quality,1.0
1007841559,1519907,2025-05-16T11:35:31Z,3,0,"The location is excellent, just next to the restaurant street and very close to the beach. The staff were very kind and helpful. Breakfast was very good with quite a varied selection. The room was very nice; pleasantly decorated and clean with a small terrace. 

What was a bit disappointing was that the pictures they use to advertise themselves on booking.com of the large beautiful complex, do not represent the hotel, but the beautiful shopping centre next to it. So we were surprised and disappointed on arrival that we wouldn’t be staying on that beautiful building, but in a much smaller and less attractive old house.  This had also been the main reason we chose this hotel over others,","Great location, staff and room, but a bit misleading pictures",Couples,2024-07-31,mikujamussu,,,,,,Value,4.0,Rooms,4.0,Location,5.0,Cleanliness,4.0,Service,5.0,Sleep Quality,4.0
917165422,1519907,2023-09-18T07:15:09Z,5,0,Super hotel right at the Centre of Sopot. We had a lovely lux room spotlessy clean with a large balcony. Fantastic to sit out on with views over the hills. We ate one might in the Thai restaurant which was very good though the service was initially slow. Great  friendly hotel staff. ,Modern central hotel.,Couples,2023-09-30,davefaxman,,,,,,Value,5.0,Location,5.0,Service,5.0,,,,,,
958456930,13228421,2024-07-07T17:10:40Z,5,0,"Nice staff.  New interiors. Comfortable bed. Strong air conditioning.  Small bathroom.
Normal street/traffic noise on the front sides but the a/c fan covered.  My room had tall dormer windows with sheers and curtains raised by noisy chain.  Not blackout. Open window gave nice ventilation.
Extensive breakfast with emphasis on Northern European items.",Comfortable stay,Solo travel,2024-06-30,Metwo3,United States,,,,,Value,3.0,Rooms,5.0,Location,4.0,Cleanliness,5.0,Service,5.0,Sleep Quality,4.0
956005446,13228421,2024-06-21T01:29:09Z,3,0,"Lovely hotel, location great and staff very friendly. Only downside for us was our room being at the back of the hotel where every morning there were delivery vehicles at 6am making so much noise banging, clanking and beeping you couldn't sleep through it 😴",Nice but noisy,Couples,2024-06-30,835jackiey,,,,,,,,,,,,,,,,,
905998286,13228421,2023-07-27T12:46:07Z,5,0,"Excellent hotel. Room is really comfortable. Plenty of room. Clean and spotless. Staff friendly and helpful. Good location, just on the edge of the main strip, in a quieter part of town. Sopot is a lovely seaside resort. Excellent restaurants nearby. Hotel breakfast very good. ",Excellent hotel comfortable rooms and great location. ,Couples,2023-07-31,Companion45754993789,"Widnes, Cheshire, England",,,,,,,,,,,,,,,,
879134971,13228421,2023-02-18T05:46:26Z,1,0,"I am staying at the hotel for the second time.  Ochenl like it.  Good and clean hotel.  However, unfortunately, I had the misfortune to communicate with an employee named Jacub.  A rude, impolite and very unpleasant person.  It's a shame such a good hotel has such people.","Had the misfortune to communicate with Jacub.  A rude, impolite and very unpleasant person.  It's a shame such a good ho",Business,2023-02-28,E5013DM_,,,,,,,,,,,,,,,,,
1055686822,3343284,2026-04-07T05:39:52Z,5,0,"I have been with the family for Eastern 2026

Location 10/10
Atmosphere / rooms / service 10/10",Eastern 2026,Family,2026-04-30,maciejo15,"Gdansk, Pomerania Province, Northern Poland",,,,,Value,5.0,Rooms,5.0,Location,5.0,Cleanliness,5.0,Service,5.0,Sleep Quality,5.0
1044069387,3343284,2025-12-29T02:59:34Z,2,1,"Cleaning stuff start at 8am hovering corridors and shouting at each other at full volume over the hoover ""chatting"". If you don't get your room cleaned at that time it remains dirty.
Flimsy towels and dressing gowns.  If you want to get some
sleep don't stay here",poor,Family,2025-12-31,ewasW937FY,,,,,,Value,2.0,Rooms,2.0,Location,3.0,Cleanliness,2.0,Service,2.0,Sleep Quality,1.0
1041082804,3343284,2025-12-02T05:16:15Z,3,0,"I booked a family stay. My mistake was that I didn’t notice the small print saying that children (9 and 11) must share a bed with a parent! I assumed there would be two or three separate beds. There was an option to pay extra for a small additional bed, but the room was so small that we decided not to take it.

The restaurant menu is very sophisticated, so if you’re a food connoisseur you’ll be pleased. If you want to enjoy refined flavours, this is the right place. But if you simply want a straightforward meal and to feel full, it may not be the best choice.

“Normal” food is available on the children’s menu (tomato soup, burger, nuggets, etc.), but adults aren’t allowed to order from it. :)",Not the best choice for famillies,Family,2025-12-31,Excursion14000313182,,,,,,,,,,,,,,,,,
1021004730,3343284,2025-07-26T17:22:45Z,5,0,"I had a very relaxing time here and enjoyed the breakfast on the terrace and coffee afterwards. I was lucky with the weather.

Ask and you shall receive. I asked for a river view with balcony and a quiet room and all three were delivered. View was relaxing. It is over the roof of the pool but still gave a good aspect of the river. Room large and well equipped. It was hot and the A/C coped. Bed comfortable and everything else worked. Agree with one reviewer that at this standard of hotel the lack of separate shampoo in the room is odd. I just brought my own with me.

Breakfast is excellent and serve with a view over the river if you get a window seat or sit outside. Sparkling wine adds an air of luxury and this one is surprisingly drinkable, many are not. A chef will make you an omelette or pancakes. but this isn't very clear when you enter the buffet. Range is fantastic for meat and fish eaters, but as a vegetarian I did very well. It's well worth the money as an extra. I should add that fellow reviewers are right there can be quite a lot of families with children at breakfast. I cannot understand why this troubles people and as you'll discover this is not the same as encountering some British families on holiday. Children largely well behaved and parents engaged with their children.

It's just outside the main tourist area making it quieter at night. A pleasant walk along the river brings you just below the medieval city centre.

The bar area seems to be empty a lot and it's a bit soulless, but better to drink on the terrace. I was offered a welcome drink.

The outside pool is fantastic and both quieter and less crowded than indoors. There are many other facilities.

So, highly recommended for a relaxing stay in this charming city. I secured a room and breakfast for 103 pounds per night which I felt was good value. And gingerbread in your room on arrival. :)",Great resort hotel on the edge of the medieval town,Solo travel,2025-07-31,TomSleaford,,,,,,Value,5.0,Rooms,5.0,Location,5.0,Cleanliness,5.0,Service,5.0,,
1026553214,275082,2025-08-25T05:06:49Z,4,0,The hotel is in a good place near center. The room was small but okay. Near the street so it may affect sleep quality. One of electronic cards did not work,Good location,Family,2025-03-31,AldonaA85,,,,,,Value,4.0,Rooms,4.0,Location,5.0,Cleanliness,5.0,Service,5.0,Sleep Quality,4.0
968246808,275082,2024-09-04T06:21:56Z,3,0,"If you Stop Over over in Torun to visit this outstanding town, the Mercure hotel is a good option. The room and the comfort are almost the same good standard of any Mercure in Europe, breakfast okay and inside parking available. But the real plus is that is very close to the city center and easily you can go everywhere being at walking distance.

Enjoy your stay here !",Good option to stop over Torun !,Friends getaway,2024-08-31,PhStrad,"Milan, Lombardy",,,,,Value,3.0,Rooms,3.0,Location,5.0,Cleanliness,3.0,Service,3.0,Sleep Quality,3.0
1030247458,1458515,2025-09-13T18:43:11Z,1,0,"The rooms are nice, but the hotel is so badly soundproofed that you hear everything happening in the street as if it were happening in your own room. And if that’s not enough, you also get all the noise coming from your neighbors’ rooms. A real sleepless festival!",Poor sleep quality,Solo travel,2025-09-30,vagamundo1972,"Alicante, Costa Blanca, Province of Alicante, Valencian Community",,,,,Value,3.0,Rooms,4.0,Location,5.0,Cleanliness,4.0,Service,1.0,Sleep Quality,1.0
971960371,1757685,2024-09-30T04:13:39Z,5,0,A Budget hotel reflected the price £24 a night with breakfast excellent hotel for the money clean and tidy with everything you could need ideal location short walking distance from trams and walking distance to city centre - short walk to the river as well as.,Excellent Hotel for the money,Friends getaway,2024-09-30,763BrianP,"Spalding, Lincolnshire, England",Owner response,"
Dear Brian,
Thank you so much for your positive feedback! We're delighted to hear that you found our hotel clean, tidy, and a great value for the price. It's fantastic to know that our convenient location and the amenities we offer added to your stay. We truly appreciate your kind words and hope to welcome you back again soon!
Kind regards, Agnieszka Majewska, Hotel Manager
",Agnieszka Majewska,2024-10-02T09:17:19Z,,,,,,,,,,,,
958207591,1757685,2024-07-06T05:44:51Z,3,1,"Very very basic hotel room, more akin to a hostel or student accommodation. However whilst it lacked a cupboard, wardrobe or shelves or storage of any nature it was clean. Problem  was there was nowhere to store anything and so everything left in suitcase, no where to store them so they were dumped on the floor - the place looked like a bomb site in 30 seconds. Unusual bathroom arrangement, seperate shower and toilet cubicles and a sink in the middles of the bedroom. Sort of works if you don’t mind walking naked out of shower to dry yourself in the middle of bedroom. Bed was a mattress on a wooden board and very hard and only 2 tiny pillows (although we asked for 2 more and this was not a problem)
Staff excellent and very friendly.
Probably the main reason we stayed here is that is has an excellent car park and is also close to the centre of town, a pleasant walk across a park.
It cost £30 / night to stay here which is very cheap for a city centre - however if it cost more we would have gone elsewhere.
Ok for 1 night or if a group travelling and need car / mini bus parking",Like a student HMO,Couples,2024-07-31,Travelingjohn123,"Hartlepool, County Durham, England",Owner response,"Dear Sir,
Thank you for taking the time to share your detailed feedback. We appreciate your candid comments, as they help us improve our services.
We're glad to hear that you found the room clean and our staff friendly and excellent. It's also good to know that our car park and proximity to the town center were convenient for your stay.
I am sorry that the standard and equipment did not meet your expectations. I would like to kindly inform that full description and pictures of the hotel and facilities can be found on our website.
We appreciate your understanding regarding the price and value for a city center location. Your feedback is invaluable in helping us improve and we hope to welcome you back for a more comfortable stay in the future. Kind regards",Agnieszka Majewska,2024-07-30T13:20:43Z,,,,,,,,,,,,
718038985,1757685,2019-10-13T15:48:44Z,4,2,"The Ibis Budget offers good, clean rooms and very good value.

A 5-10 minute walk to Torun's wonderful Stare Miasto.

It's just beyond the large Hotel Copernicus, 300m west of the bridge.

15 minute walk from the bus station: from Torun Glowny station, take bus 22 or 27 from the Kujawaska exit over the river towards town and get off at the first stop.","Basic, Comfortable, Ibis Reliable",NONE,2019-10-31,madalamzungu,,Owner response,"Dear Guests, 
My team and I very much appreciate your kind words, and we’re glad to have been a part of your visit. We look forward to welcoming you back at ibis budget Torun. 
Kind regards, 
Agnieszka Majewska
General Manager",Agnieszka M,2019-10-16T07:16:00Z,Value,5.0,Service,4.0,Sleep Quality,4.0,,,,,,
1057959671,1462729,2026-04-26T13:45:17Z,5,0,"Modern hotel just next to the Old Town of Torun. Form the main train station its a 20PLN Bolt Ride or take the train to the Torun Stare Miasto station which is 200m flat walk to the hotel. The rooms are large, clean, quiet, safe, comfortable and new. Very convenient for a short stay in Torun",Modern Hotel in Good Lcoation,Solo travel,2026-04-30,MegWesternAustralia,"Claremont, Greater Perth, Western Australia",,,,,,,,,,,,,,,,
1032874108,1462729,2025-09-30T16:25:48Z,5,0,"Loved the Halo!  The Halo in Torun was absolutely perfect- location, ease, remarkable room plus the sitting room was a great bonus, couldn’t ask for better, especially at that price, would definitely recommend!",Loved the Halo!,Couples,2025-09-30,JennL333,"San Francisco, California",,,,,,,,,,,,,,,,
991871098,1462729,2025-02-01T16:15:32Z,5,0,"The hotel is very close to the historical city center. Extremely spacious room, sitting room and bedroom. Very clean room and bathroom. Comfortable beds. Good breakfast service. Parking at hotel yard for a small fee. Not far away to the highway.",Hotel Halo Torun stay December 2024,Business,2024-12-31,106kamilan,"Usti nad Labem, Usti nad Labem Region, Bohemia",,,,,Value,5.0,Rooms,5.0,Location,5.0,Cleanliness,5.0,Service,5.0,Sleep Quality,5.0
980683807,1462729,2024-11-17T01:51:24Z,4,0,"Good hotel next to the old town. Large and clean rooms, comfortable beds. Good location just next to oldtown. Friendly staff, good breakfast for 3 star hotel, but if you expect full european breakfast you will be a bit dissapoitment. Overall its a great choice for that price.",Great choice for these money.,Business,2024-10-31,deepwibeu,"Kohtla, Ida-Viru County",,,,,,,,,,,,,,,,
875282886,1885452,2023-01-16T06:59:00Z,5,1,"I spent two nights on leisure trip over the weekend and I must say that everything was excellent.
The location of the hotel is amazing. Walking distance to the city centre.
As for the room, even thou it wasn't huge but it was excellent, spotless, daily cleaned, warm and comfortable.
Extended breakfast, friendly personnel.
Easy check in and out.
Simply Well maintained hospitality.
I would highly recommend this hotel for locals and foreigners for a leisure or business trip.",Best hotel in town ,Solo travel,2023-01-31,KarolinaW241,"Warsaw, Mazovia Province, Central Poland",Owner response,"Dear Madam,

Thank you for an interesting review, we are more than happy that you enjoyed stay in B&B Hotel Torun.

Hope to see you soon.

Kind regards,
Kamil Piaskowski",Kamil Piaskowski,2023-01-18T06:17:39Z,Value,5.0,Location,5.0,Service,5.0,,,,,,
803010780,1885452,2021-08-10T16:21:27Z,5,0,"Stayed during shot visit in Torun. The whole stay was ok, helpful staff and good breakfast. Maybe it needs some renovation however due to whole experience I definetly will recommend it. Good value for the price you pay.",Good value,NONE,2021-07-31,limakp,"Lodz, Lodz Province, Central Poland",Owner response,"Dear Sir,
Thank you for your valuable review.
Hope to see you soon.
Kindest regards,
Kamil Piaskowski",Kamil Piaskowski,2021-08-26T05:38:04Z,Cleanliness,5.0,Service,5.0,Sleep Quality,5.0,,,,,,
775016942,1885452,2020-10-20T16:27:07Z,3,0,"This hotel was OK and was empty during these COVID times, so I would have expected a slightly cleaner bathroom and maybe a smile from 1 of the 3 staff we came across. Great for a business stopover but glad I wasn’t a sightseeing tourist. Cheap though 👍",Get what you pay for,Business,2020-10-31,DDMxxx,"Przytoczna, Lubusz Province, Western Poland",Owner response,"
Dear DDMxxx,

Thank you for an interesting review all your suggestions are very important for us.
We are hoping to see you soon.

Kind regards,
Kamil Piaskowski",Kamil Piaskowski,2020-10-27T02:15:20Z,,,,,,,,,,,,
695303583,1885452,2019-08-03T19:08:58Z,5,2,"This hotel is extremely affordable comparing to anything nearby! We were pleasantly surprised at how nice it was and the walking distance into town is literally 5 mins. If you just want some peace and for no one to bother you, this is the place!",Great location and price,Couples,2018-09-30,its_ags,,,,,,,,,,,,,,,,,
688992181,1885452,2019-07-12T13:13:48Z,4,0,Worked well for us. We had a room on the back of the hotel and it was very quiet. The shower worked well and the bed was comfortable. The breakfast room serves as a common areat and we were able to relax during the afternoon. We took Bus 22 from the train station and paid 1.40 PLN/pp. We got off at the third stop and walked to the second road on the right. At the end of the road is the hotel on the left. 10 minute walk at most. Syzmon speaks very good English and was very helpful.,Edge of Town,Couples,2019-07-31,TS696,"Jupiter, Florida",Owner response,"Dear T S,
Thanks for the review. We are more than happy that you enjooyed your stay in B&B Hotel Torun. We are hoping to see you soon during your next trip.
Kind regards,
Kamil Piaskowski",Kamil P,2019-07-19T05:58:54Z,Rooms,4.0,Service,5.0,Sleep Quality,5.0,,,,,,
994142825,12431905,2025-02-16T05:35:07Z,4,0,"I really enjoyed my stay at the Nicolaus Hotel in Torun. It is integrated into a historic building, giving it a unique charm. The location in the Old Town is excellent, with many great bars and restaurants just a few minutes' walk away.

A bit more attention to detail would be appreciated. For example, the reading lamps in the room did not work properly and should be checked. 

Other than that, I would gladly return anytime.","Beautiful, Stylish Hotel in a Great Location",Business,2025-02-28,Pioneer04660285634,"Hollviken, Skane County",,,,,,,,,,,,,,,,
911314250,12431905,2023-08-18T17:12:06Z,3,0,"To start with the passive side that the hotel is situated just about 100 steps from the main square and  close to most of the tourist attractions in the old town. 
How ever we waited more than half an hour at the checking desk with other few guests before some one to come down and check us in. Hotel is well short staff, not much help offered. Breakfast was poor, very limited  options of food and nothing except salad for vegetarians. Breakfast area was dark and have no proper lighting.

", BASIC FACILITIES ,Couples,2023-08-31,ashokt570,"Lowestoft, Suffolk, East Anglia, England",,,,,,,,,,,,,,,,
818222291,12431905,2021-11-10T21:19:02Z,4,1,"Good Jacuzzi and spa area.bi had it all to myself because it's small. You need to book an appointment. Relaxing sauna included in fee paid.

The hotel is very modern. The staff not that pleasant. Location is excellent but rooms are really very small.",Ultra modern and automated hotel,Friends getaway,2021-09-30,oldtraveller63,"Toronto, Ontario",,,,,,,,,,,,,,,,
773001921,12431905,2020-10-04T03:18:31Z,5,0,I can really recommend absolutely beautiful hotel Nicolaus. I was feeling there comfortable and the service were on high level. The rooms very cosy and airy. I also appreciate the equipment of the rooms.,Perfect!,Business,2020-10-31,veronkrejci,,,,,,,,,,,,,,,,,
717279262,12431905,2019-10-11T08:41:55Z,4,0,"Great location in the centre of the old town.
Staff friendly, rooms comfortable and clean, food good.
Lovely modern rain shower in bedroom along with a safe for valuables.
Nice central court yard feature with external glass lift.
Ancient well worn wooden staircase is a nice feature.
Overall a great job done on renovating this old building to the highest standards and just two small negative points:
I wish it was possible to get a beer in the hotel after 2300 and the amount of shower gel allocated daily by housekeeping was totally inadequate.",A nice little hotel,Business,2019-10-31,StuartwK,,,,,,Value,4.0,Cleanliness,4.0,Service,4.0,,,,,,
1026585900,287051,2025-08-25T08:00:07Z,3,0,"I stayed at this hotel for a short visit, and overall it was fine for 1–2 nights, but there are definitely areas that could be improved.

The main issues I noticed were:
	•	The electrical sockets were loose, which felt unsafe.
	•	The fridge made noise during the night.
	•	There was an unpleasant smell in the bathroom, likely coming from the ventilation.
	•	The mattresses had visible stains, and the room was not perfectly cleaned (some dust remained).
	•	It was also inconvenient that a kettle and hairdryer had to be requested at the reception instead of being provided in the room.

On the positive side, the location is excellent — very central and convenient. The price is reasonable, the staff were friendly and helpful, and the view from the window was truly stunning.

In conclusion, this hotel is acceptable for a short stay if you just need a place to sleep, but with some improvements in cleanliness, safety, and convenience, it could be much better.","Good for a short stay, but some issues!",Family,2025-08-31,nick_turchyn,"Warsaw, Mazovia Province, Central Poland",,,,,,,,,,,,,,,,
969018304,287051,2024-09-09T11:47:27Z,5,0,"We did not stay in hotel, but had dinner at the restaurant..   EXCELLENT...  Both husband and I had the Zurek soup which was even better than my mother-in-law would make... and that's saying a lot!!  I had chicken dinner and hubby had salmon.   Both very good.",Restaurant was Yummy,Family,2024-08-31,X401LOjanets,"Clifton, New Jersey",,,,,,,,,,,,,,,,
846104989,287051,2022-07-04T04:33:00Z,4,0,"The location was perfect and the hotel was nice, but too bad my bedroom didn't have an air conditioner or ventilation. At night it was too hot and stuffy there even with an opened window. Because of that I also had to use the earplugs since the window opened to the street where bars and resraurants are. The overall experience was  quite good for a two star hotel though. There are tables in front of the hotel where you can sit in the evening and drink beer. The breakfast was okay.",Perfect location,Family,2022-07-31,Vesklion,Estonia,,,,,,,,,,,,,,,,
791588472,287051,2021-06-07T12:40:13Z,5,0,Hotel is located in the Old Town. We have booked a night with breakfast for reasonable money. Breakfast was very good. Service very kind. Bathroom old but for this price do not expect luxury. Room and bed were Ok but remember you sleep in tourist area. Even on Sunday with closed window it was very loud.,Satisfied,Couples,2021-06-30,pawel_hbg,"Sopot, Pomerania Province, Northern Poland",,,,,,,,,,,,,,,,
1011488671,2254821,2025-06-07T09:47:32Z,5,0,"Perfect location - a quiet place,but very near the centre. Spacious rooms, arranged in a railway style. Water available in the machines in the hall (could be in the rooms, too)
Very clean and comfortable.
The service extremely friendly. (thanks for letting us keep our car parked after check-out) ❤️🙂",cool vibe near the river and Old Town,Friends getaway,2025-06-30,christiano_10,"Tczew, Pomerania Province, Northern Poland",,,,,Value,4.0,Rooms,4.0,Location,5.0,Cleanliness,5.0,Service,5.0,Sleep Quality,4.0
847722874,2254821,2022-07-13T15:51:35Z,5,0,"We visited the restaurant and liked the theme a lot. Everything breathes railroad. The staff is helpful and well be back. At the patio, you look out to the railways station. Parking available in front.",Perfect!,NONE,2022-07-31,W5129URmartinb,"Schwerin, Mecklenburg-West Pomerania",,,,,Value,5.0,Service,5.0,,,,,,,,
810005798,2254821,2021-09-14T17:23:16Z,1,0,"I wasn't informed that my room was just beside the party room where people were singing with microphones and playing the loudest music ever till 5 am. The furniture and the bed was vibrating the whole night. There was no other room left and I was forced to stay in this room of torture. Of course, I could not sleep the whole night. At 5 am I cryed myself to sleep. It was the worst night in my whole life, I am still traumatised and the Hotel hasn't apologized till today.",Worst night of my life,Business,2021-09-30,Egli23_10_2019,,Owner response,"Dear Madam, 
You were a guest at one of our weddings. The night before, wedding was also organized, which the organizers of your ceremony knew about. The reception desk repeatedly apologized and informed about the impossibility of changing your room. We are very sorry that the stay was one of the worst, but we would like to inform once again that the people who booked the rooms knew about the night party organised in our restaurant. As an representative of the hotel, I apologize once again for the inconvenience during your stay.",Wojciech Dobrocki,2021-11-14T08:25:51Z,Rooms,1.0,Service,1.0,Sleep Quality,1.0,,,,,,
1055872231,7179861,2026-04-08T15:47:20Z,4,0,"Booked to stay for one night whilst attending a speedway match. Room suited our needs, there was a pull out bed for our child, reception staff were friendly but we didn't make use of any other facilities within this hotel. We ate breakfast at a local cafe, which was cheaper than purchasing in the hotel. Would stay here again if returning for another speedway match.",Stay for Speedway,Family,2026-03-31,dumpytruck,"Ipswich, Suffolk, East Anglia, England",Owner response,"Dear Kate,

Thank you for choosing Hotel Mercure Bydgoszcz Sepia and for sharing your feedback. We’re pleased to hear that the room suited your needs and that your child was comfortable, as well as that our reception team made a positive impression.

Thank you also for your comment regarding breakfast pricing – we truly appreciate this insight as it helps us continue improving our offer.

We hope to welcome you back again for another speedway visit!

Kind regards,
Zespół Mercure Bydgoszcz Sepia",Jakub Fetter,2026-04-10T03:52:53Z,Value,4.0,Rooms,3.0,Location,4.0,Cleanliness,4.0,Service,3.0,Sleep Quality,4.0
1048079263,7179861,2026-01-31T15:57:47Z,5,0,"Great hotel and great service.
I am very satisfied, delicious food, very nice employees.
I honestly recommend it and I will definitely come back.",Everything cool,Solo travel,2026-01-31,martynakQ5898CJ,,,,,,,,,,,,,,,,,
1047795626,7179861,2026-01-29T06:07:12Z,5,0,"Very pleasant stay with helpful staff, spotless rooms and a calm atmosphere. Comfortable beds and great location. I’d happily stay here again!",A Lovely Stay,Couples,2025-12-31,marcinbY1770OB,,,,,,Value,4.0,Rooms,5.0,Location,5.0,Cleanliness,5.0,Service,5.0,Sleep Quality,5.0
1046419312,7179861,2026-01-17T16:58:10Z,3,0,"The access to the hotel is limited and the bar and reception area is very small. The atmosphere is mainly couple based and lacks something. The rooms are large but rather tired, a little bit like the person who cleaned mine as all that was done was to throw the quilt over the mattress, no crockery cleaned or removed, and having searched for a while I found  the TV controller under the quilt. The weather was very cold when I visited but I found the room quite cold . The bar service is quite shoddy and the prices are ridiculous... £10.00 for a 250 ml of wine which actually was never that. At most it was  185 ml and when I challenged Kasper behind the bar he said he gave me the most popular wine without giving me a choice; quite rude if I'm honest. I had breakfast included and the choice was varied but mainly continental. The toaster didn't toast, very little seating, the hot drinks were cold. The shower was fabulous, powerful and hot, however I had to move the kettle to the side of the bed because the way the fitted furniture had been installed, the plug couldn't fit. I don't like giving negative reviews but certain things put my back up, especially being completely ripped off in the bar. Never been a large glass of wine and to charge that was disgusting. I don't like being ripped off! Oh, I kept trapping my fingers in the access door because it was broken. Also, when sat in the reception/bar area, the visual disturbance from the big wheel outside could trigger someone with epilepsy to have an event. My reviews are usually very positive but this time I'm quite annoyed. Also, I know this seems very pretentious but if your not Polish then the TV is unfit for you... I know it's Poland but it's a tourist area ... There needs to be some adaptation.",Not given what was paid for ... Don't like being ripped off!,Solo travel,2026-01-31,Bjkkent,,Owner response,"Dear Mrs. Beverley,

Thank you very much for choosing Mercure Bydgoszcz Sepia and for taking the time to share your detailed feedback with us.

Please be assured that I have carefully reviewed all of your comments and discussed them thoroughly with the relevant team members. I also held a conversation with our staff to better understand the situation described.

Mr. Kacper, the waiter you mentioned, is a long-standing and highly valued member of our team. We are confident that he had no intention of misleading or overcharging you. During our discussion, he explained that you requested a dry wine, which is slightly more expensive than our house wine (which is semi-dry). He offered the least expensive option available within this category, while still ensuring very good quality. Nevertheless, if you felt misinformed or uncomfortable with this situation, please accept our sincere apologies.

Your technical remarks have also been shared with our Technical Manager so that all reported issues can be addressed and resolved as quickly as possible.

Thank you once again for your constructive criticism. We truly appreciate such feedback, as it helps us improve our services and enhance the experience of our future guests.

I sincerely hope that you will choose to visit us again in the future and allow us the opportunity to present the highest standard of service.

Kind regards, 
Jakub Fetter
General Manager",Violeta Politowska,2026-01-26T02:56:15Z,Value,1.0,Rooms,3.0,Location,5.0,Cleanliness,3.0,Service,3.0,Sleep Quality,4.0
1042731549,7179861,2025-12-16T13:51:35Z,5,0,"""We booked two rooms for a family trip to Bydgoszcz to enjoy the Christmas market and celebrate my wife’s birthday. From the moment we arrived, the experience was exceptional. The hotel arranged beautiful flowers and a bottle of wine in our room, which made the occasion truly memorable. Every detail was perfect, and the staff went above and beyond to make us feel welcome. A heartfelt thank you to the entire team at Mercure Sepia for creating such a wonderful stay!""",Christmas trip to Christmas market in bydgosz,Family,2025-12-31,Explorer56562058661,"Dronninglund, Bronderslev, North Jutland, Jutland",,,,,,,,,,,,,,,,
944171705,4427782,2024-03-27T15:39:22Z,4,0,"Was OK.    Room clean etc. Room maids do good job.  Bar open evening weekends.  Shame about restaurant not open on weekend evening.  Staff on desk  knowledgeable and happy smile.  Good location if you need it in that area.  Close to tram/bus,#80 direct to airport.  huge shopping, complex , literally, next door.   Would tick all boxes if it were not for restaurant closed at weekend evenings.",Spot on,Couples,2024-03-31,wrighty777,,Owner response,"Dear Sirs
Thank you for detailed review. We are very glad you enjoyed your stay.
See you again
Marcin O.
Front Office Manager",Natalia Kukowska,2024-03-28T23:08:41Z,Value,4.0,Rooms,4.0,Location,5.0,Cleanliness,5.0,Service,4.0,Sleep Quality,4.0
919514736,4427782,2023-10-02T17:00:13Z,5,0,The room was lovely and the bed was comfortable the shower room was nice and clean but the toilet roll holder should be moved it’s in the wrong place. Breakfast was very good caters for everybody………….,Campanile is a complete wonderful place and where it is situated easy for going shopping or having a meal,Couples,2023-09-30,MandyP926,"Aylesford, Kent, England",Owner response,"Dear Sir
Thank you for the very nice review and the highest. We are very glad you satisfied you stay.
Kind regards
Marcin O. 
Front Office Manager",Natalia Kukowska,2023-10-02T22:56:38Z,Value,5.0,Location,5.0,Service,5.0,,,,,,
866004404,4427782,2022-10-26T04:15:08Z,5,0,"I stayed at the Campanile for 3 nights, it was a good location and was fairly central for what I wanted to do. The rooms were very clean and there was plenty variety for Breakfast, the staff were friendly and helpful as well. I will definitely stay there again next time i am in Bydgoszcz.",Good Hotel,NONE,2022-09-30,Henrikstongue,"Leicestershire, England",Owner response,"Dear Sir

Thank you very much for your review and the positive feedback. We are very glad to hear you enjoyed your stay.

The positive remarks towards our hotel are a very lovely feedback. We are glad to hear how much you enjoyed the stay with us.
Kind regards
Marcin O.
Front office Manager
",Natalia Kukowska,2022-10-26T09:12:17Z,Location,5.0,Cleanliness,5.0,Service,5.0,,,,,,
852219797,4427782,2022-08-05T16:53:04Z,4,0,"Third time at Campanile bydgoszcz. Nice standard rooms, had a bit of a water problem (pic attached :D) but 45 mins later had a dry room. Lobby bar happy hour stinking cheap and the schnitzel in the restaurant just heaven. One point down from the breakfast. After two mornings you had tasted everything.

Location is about 15 mins of walk from the city centre, if you are lazy just grab a cab or an e-scoot. 

Really good service and nice people working there. 

Hope to see you soon!",What a nice place to stay,Business,2022-06-30,keke_nco,Finland,Owner response,"Dear guests

Thank you very much for your review and the positive feedback. We are very glad to hear you enjoyed your stay.

The positive remarks towards our hotel are a very lovely feedback. We are glad to hear how much you enjoyed the stay with us.

Again ""Thank You"" for your positive. See you next time!

Yours sincerely

Marcin O.

Front Office Manager

Campanile Bydgoszcz
",Natalia Kukowska,2022-08-06T23:00:29Z,,,,,,,,,,,,
836515286,4427782,2022-04-29T08:51:30Z,5,0,"Very cozy and friendly. Rooms are clean and spacious. Very friendly staff.
I was pleasantly surprised by the breakfast. It is nothing extraordinary but enough to arm you for a day ahead.
The hotel also has a parking lot which we used. It is behind the barrier so looks pretty safe.",Well worth a visit,Business,2022-04-30,2-Wheyayeman-2,"Nice, French Riviera - Cote d'Azur, Provence-Alpes-Cote d'Azur",Owner response,"Dear Sir
Thank you for your review. We are very glad you satisfied your stay.
Kind regards
Marcin O.
Front Office Manager",Natalia Kukowska,2022-04-29T13:49:57Z,Value,5.0,Service,5.0,,,,,,,,
1019482562,528494,2025-07-19T17:47:07Z,4,0,"It is an inviting hotel only a short walk from the old town along the river. The building is somewhat worn by time, but still offers comfortable rooms with sturdy beds and a sitting area. There is available parking if arriving by car, and considering there is a whole parking garage available its not likely to become full. The breakfast is also quite extensive with many different dishes and general variety. The employees were friendly, and when we needed an extra towel it was immediately delivered to our room. 
If I am to mention negative aspects, I can only think of minor issues. The ventilation in the bathroom is not good. After showering there is a layer of moist on everything inside the bathroom which is inconvenient. Also the breakfast personnel struggled to keep up with the amount of guests. At one point many of the dishes were empty and I couldn't find a clean glass or cup as the tray was empty.",A satisfactory stay,Family,2025-07-31,Utan_namn,"Bergen, Hordaland, Western Norway",Owner response,"Thank you for sharing such a detailed review of your stay at City Hotel Bydgoszcz.

We’re delighted to hear that you enjoyed the cozy atmosphere, our convenient location within walking distance of the Old Town, and the comfort of our rooms. It’s also great to know that you appreciated the parking availability, the variety of our breakfast, and the friendliness and responsiveness of our team — especially when assisting with your request.
At the same time, we truly value your constructive feedback. We’re sorry for the inconvenience related to the bathroom ventilation — this is an important aspect of guest comfort, and we will take a closer look at it. We also apologize for the situation during breakfast service. Maintaining full availability and smooth service is our priority, and your comments highlight areas where we can improve, particularly during peak hours.
Thank you once again for your balanced and helpful feedback. We hope to welcome you back to City Hotel Bydgoszcz for an even more comfortable and seamless stay in the future.",City Hotel,2026-03-31T04:59:06Z,Value,4.0,Rooms,4.0,Location,5.0,Cleanliness,4.0,Service,4.0,Sleep Quality,4.0
955984546,528494,2024-06-20T18:31:39Z,5,0,Great! Simple place :) Great localization!!! It is in center of city. In the same building is casino :) If you need this place for conference this place is welcome fir these actions!!!!! I have been there more than one more time! If yiu want a hotel with i center of city.  SOOOO this hotel is perfect for you!,I know these place,Solo travel,2024-05-31,106natalkah,,Owner response,Dziękujemy za podzielenie się wrażeniami z pobytu w City Hotel Bydgoszcz. Pozdrawiamy i zapraszamy ponownie.,City Hotel,2024-07-26T08:41:32Z,,,,,,,,,,,,
957583904,4603321,2024-07-01T16:11:09Z,3,0,"Basic and very modest accommodation. Hotel is quite new, but majority of facilities here is damaged, place is dedicated to sports groups, which is good. But at the same time hotel is being sold for guests, who wish to experience bit of comfort. I am giving 3/5 as it was nice staying, welcome and hospital front of house. Nice restaurant and place to sit for drinks in a warm day at water. As advantage, there is floating equipment rental. Hotel’s location is the strongest advantage. 
Huge disadvantage are: very soft and uncomfortable beds and pillows, poor bathroom facilities, no AC, disabled windows, which you can  tilt only a bit.",Simple stay,Couples,2024-05-31,Lothse,Poland,,,,,,,,,,,,,,,,
848910662,4603321,2022-07-20T11:29:39Z,3,1,"Things have obviously picked up from the time of the previous couple of years but I was left with the overall impression that the potential of this hotel is unfulfilled. It's a modern cross between student halls of residences (most notable in the spartan corridors) and a UK Travelodge. The room is basic, plenty of hanging and drawer space but the softest (not in a good way) bed. The room was extremely hot and a small fan did little to cool it down. A clean bathroom but the rooms were only serviced once during a six night stay and I think that was a mistake. The location is superb on Mill's Island, next to the rather grandly titled marina (a couple of peddle boats and a few canoes!) Staff were friendly. There was a huge breakfast spread but it was hot and the fare on offer was neither covered nor in a chilled cabinet. This proved to be a field day for flies. It is cheap to stay though which may be its biggest attraction. With a little more investment and care, it could be excellent.",Unfulfilled potential,Business,2022-06-30,GloucestertilIdie,"Stroud, Stroud District, Cotswolds, England",,,,,Cleanliness,3.0,Service,4.0,Sleep Quality,3.0,,,,,,
758971049,4603321,2020-07-05T05:39:08Z,1,0,"As it says above, this is NOT a hotel. It is a hostel at best.

Rubber floors, bathrooms like an old petrol service station, roof tiles hanging, old used mismatched furniture, scuffed walls, the list goes on and on.

There are much nicer places to stay in Bydgoszcz for less. I wouldn't recommend a stay here AT ALL. Couldn't wait to get out of there. So much so I skipped the included breakfast as I dread to think what they would have served up. ",THIS IS NOT A HOTEL,Solo travel,2020-07-31,Imnotasnob,,,,,,,,,,,,,,,,,
567939173,4603321,2018-03-21T16:29:05Z,3,0,"Basic equipment, large and clean room, but don't expect too much comfort. Great location at the Mill's Island though, close to the Old town and easy to get to from the train station or the bus station, both by tram. On the downside, terribly small shower and only Polish TV channels. Recommendable, but don't have too high expectations.","Good enough, nothing more",Solo travel,2018-03-31,JonDoe04134,"Umeå, Vasterbotten County",,,,,Rooms,3.0,Location,5.0,Service,3.0,,,,,,
511320306,4603321,2017-08-11T10:18:20Z,2,2,"Reading the positive reviews I had good expectations of this hotel but after I’m not sure if I stayed in the same hotel. True, the hotel is beautifully located at the water and very close to the attractive city center. From the outside the hotel looks very promising, once inside it looks more like a youth hostel. The rooms are very basic, there is no air conditioning, and the tiny ventilator produces the noise of a turboprop airplane. The TV is extremely small; you need a pair of binoculars to watch it. The room looks tiered and the housekeeping is poor. The breakfast was basic and not well tend. Although it is advertised and priced as a middle class hotel it is more a low budget one.",Basic,Business,2017-06-30,2100_Traveller,The Netherlands,,,,,Location,4.0,Cleanliness,1.0,Service,2.0,,,,,,
861093924,528365,2022-09-20T16:01:09Z,5,0,"Lovely hotel, great location .
Nice modern rooms
Good choice food at breakfast.

Freindly service , and thankyou to barman/waiter for making us feel welcome, 
we will come again 

Only thing which I think would be good to have , if you could enable casting /mirror access to TV  from device as alot other hotels has this option for TV in rooms . 
Thankyou for a nice stay😃👍","Good hotel ,Great service",Couples,2022-09-30,Vistula84,,,,,,,,,,,,,,,,,
586145498,528365,2018-06-09T07:36:19Z,3,0,"Good for money hotel. In our room flooring carpet was with couple of major dirty spots, Glass shelve in bathroom missing. Big rooms but very modestly furnished. Good for short stay. Surraunding not very interesting",Basic inexpansive hotel,Family,2018-06-30,GrzegorzS708,Northern Poland,,,,,Value,4.0,Rooms,3.0,Service,3.0,,,,,,
567386660,528365,2018-03-19T04:05:07Z,4,0,The staff were very helpful recommended the best place to eat and how to get around. The room was ok with a lovely hot shower but the English channels on the tv didn’t work. Breakfast was a buffet with the option to take a sandwich away with you for later very helpful on the last day to take to the airport. ,Short stay,Family,2018-03-31,903joannaj,"Dartford, Kent, England",,,,,,,,,,,,,,,,
548538726,528365,2017-12-22T01:56:45Z,4,0,"Good hotel for short stay, breakfast polish style is very good, love it, cheap quite, close to city centre by tram. Staf very helpful. Hotel clean, basic and simple. Bed is confi, large room and bathroom",Good for short stay,Family,2017-12-31,322jaceks,"Polanica Zdroj, Lower Silesia Province, Southern Poland",,,,,Value,5.0,Service,5.0,Sleep Quality,5.0,,,,,,
465996065,528365,2017-03-10T05:49:42Z,4,0,"I've stayed here twice, during the Camerimage Film Festival. Very friendly staff with added bonus of a basic gym and sauna in the basement. It would be nice for more varied gym / sports equipment on my next visit.",Cheap and cheerful,Business,2016-11-30,BillyR516,United Kingdom,,,,,Rooms,3.0,Location,3.0,Service,4.0,,,,,,
1032807219,24923696,2025-09-30T08:08:29Z,5,0,"Stayed at this hotel  for a weekend break on 26th September and was on room 505. Check-in was smooth with no issues, and the  receptionist was very helpful in answering our questions. Her name was kasia. The hotel is in a good location with only about five minutes walk to the main square. 
Breakfast was great, and couldn't complain of anything. 
Next time I will stay there again.",Great stay,Couples,2025-09-30,Ceetee777,"Stevenage, Hertfordshire, England",,,,,,,,,,,,,,,,
909517031,24923696,2023-08-11T08:20:36Z,5,0,"Fantastic Hotel located right in the heart of the city. It was so clean and the staff were so friendly and very accommodating.
We had breakfast included and there was so much choice and it was all delicious.

The rooms are fab - we had a great view of the river - and the beds were super comfy.

We would highly recommend this hotel to anyone visiting the city! Thank you Hotel Focus!",Brilliant hotel,Couples,2023-08-31,497beckyw,,,,,,,,,,,,,,,,,
1054082146,23495914,2026-03-24T09:20:13Z,5,0,"We stayed at Rezydencja Sowa in Bydgoszcz for two nights and had a really nice experience. The room was spacious, clean and very comfortable, which made it easy to relax after a day out.

The location is excellent, right in the centre, so everything is within easy walking distance.

Overall, a really lovely place to stay. I would definitely recommend it and would happily stay there again when visiting Poland.",Great stay in a perfect central location.,Couples,2026-02-28,MatthiasBourne,"Bournemouth, Bournemouth, Christchurch and Poole, Dorset, England",,,,,,,,,,,,,,,,
1040036934,23495914,2025-11-23T06:49:24Z,5,0,"Amazing hotel. Clean and cosy, rooms are modern and beds very comfy. Will be staying here again when in town for the christmas market",Amazing choicep,Couples,2025-11-30,Yagotman,"Leicester, Leicestershire, England",,,,,Value,5.0,Rooms,5.0,Location,5.0,Cleanliness,5.0,Service,5.0,Sleep Quality,5.0
946048757,23495914,2024-04-10T06:20:03Z,5,0,"Absolutely love this fairly recently built boutique style hotel. Modern, friendly, spacious and luxurious. The rooms are quite stunning with huge bathroom and beautiful walk in shower. Storage is excellent, there is a sate and iron and plenty of lighting options. The keypad on the inside of the door where you can set privacy and air conditioning options is a great touch. This could perhaps be the best hotel in the city.  You are seconds from the old town square and within minutes to the river area and Opera House.",Very Impressive,Couples,2024-04-30,minky35,"Durham, County Durham, England",,,,,,,,,,,,,,,,
941657468,23495914,2024-03-10T11:57:32Z,5,0,We had a lovely stay at this hotel! It was beautifully clean in the room and all the communal areas. The bathroom was beautiful and the location was absolutely perfect for anything in the city. It was right on the edge of the old square. Only negative was we arrived after check in and the keys are in a lock box outside of the hotel. This would have been really straightforward had be received the email with the code. It didn’t ruin our stay and was sorted quite quickly. A man appeared and gave us the code for our stay. Would recommend the hotel 100%,"Lovely stay, beautiful hotel",Couples,2024-03-31,Jacobpm,"Redditch, Worcestershire, England",,,,,,,,,,,,,,,,
743534481,3595685,2020-02-07T08:58:21Z,4,0,"I stay there almost every time I’m on my duty trip to Bydgoszcz, don’t remember exactly since when...
I like these apartments as they are well equipped and give the travelers opportunities of convenient stay including own cooking for those who are not fancy eating out every evening. It’s also centrally located, walking distance from the Old Town, restaurants, shops, etc. 
It’s also possible to buy breakfast. Otherwise you find anything you need in one of the groceries downstairs. 
Underground parking is available for additional fee.
The only slight inconvenience is that the reception is not operated 24/7 so you need to pick up your keys by 2100hrs. But they are flexible, it’s possible to manage the keys takeover if you are a bit late. Just give them a call.",Staying long-term in Bydgoszcz,Business,2019-09-30,jaamm,"Brunssum, Limburg Province",,,,,,,,,,,,,,,,
698767377,3595685,2019-08-14T02:09:31Z,3,0,"Ok, the apartment was nice. It was a studio though, not what we’d call an apartment. There is no door between bedroom and living room, and the bathroom door is glass (so no privacy). More annoying: no fridge. It’s the first time I have ever seen anything calling itself an apartment and yet have no fridge. That’s just not ok! Especially as trip advisor here says “all our apartments have fridge”. 

Comms were fine before the stay, and the location was great. Do not bother with taxis - bus 80 is very frequent - take it to Rondo Jagiellonow, change to any tram going towards old town - it’s one stop. There’s a 7-eleven (polish version) at the stop, and the street of the flat is just there, it’s a 3 minute walk. You can buy public transport tickets on machines across town, but the airport bus driver sells as well (it’s 3PLN for the ride across zones, or 60p. Why pay more? 

The apartment is less than 10 min walk to wild town, with the river and the boat rides, mill island and the tightrope Walker. Don’t miss the cathedral, it’s very pretty inside.

As the location is great for trans, don’t forget to use the trams down Gdanska street to visit the archer, the dancing fountain, the basilica and various museums. ",Great location - but apartment 19a isn’t fitted with frusge,Solo travel,2019-08-31,eagertraveller123,,,,,,,,,,,,,,,,,
638375738,3595685,2018-12-09T14:22:05Z,4,0,"This modern apartment is well located - half way between the river and the Art Nouveau area.  I see it's hot in summer, but it has good heating for winter! Apartment 19B has a small kitchenette, which I found very useful.  The very reasonable in-apartment massage was provided for me by a trained physiotherapist and was excellent.  Some little additions that would make the place outstanding....
tea towel, bath mat, room safe.",Splendid Location; Nice Apartment,NONE,2018-12-31,perrygrinate,"Ashby de la Zouch, Leicestershire, England",,,,,,,,,,,,,,,,
605951000,3595685,2018-08-13T09:06:53Z,3,1,We stayed in one of the apartments in August for two nights as we attended a nearby wedding. We were moved to a larger apartment at check in as the one we had chosen had no electricity. The apartment was large and modern but had no air con or fan and on a day with no breeze makes it unbearable. We had very little sleep,Modern apartment but no air con!,Family,2018-08-31,charlotteh506,"London, England",,,,,,,,,,,,,,,,
435153191,3595685,2016-11-06T16:14:24Z,3,1,We stayed here during a visit to a friends wedding. The building was very new and modern. The apartment was clean and a nice size. The bathroom was an interesting setup with the shower open to the rest of the apartment with only glass walls. Unfortunately the wifi stopped working the last 2 days of our stay that made it difficult to stay in contact with our friends. We were late arriving and the lady we contacted was very nice and said she would stay late to give us our keys. Overall a nice place to stay in Bydgoszcz. Also very secure as at night you have a locked gate plus locked main door and locked other door to get to your room.,Modern apartment,Couples,2016-10-31,acshelco1,"Wynyard, Saskatchewan",,,,,Value,3.0,Rooms,4.0,Service,4.0,,,,,,
1012640926,19896334,2025-06-12T03:00:34Z,3,0,"The apartment itself was amazing—clean, stylish, and well-located. However, my experience with the customer service was very disappointing.

After returning home, I realised I had left two Zara tops at the property. I contacted the accommodation twice to check with the cleaning staff, but received no response until the beginning of June—weeks later—only after I called again myself. I was then told they hadn’t found anything. Unfortunately, this means my items were likely taken from my bag on the last day, which is very upsetting.
What made the situation even more uncomfortable was the cleaner knocking on our room door only on the last day, asking if we needed anything—something that hadn’t happened at all during the stay. It felt odd and left me with a bad impression.
Overall, while the apartment was lovely, the staff seemed disinterested and unhelpful when it came to resolving issues or responding to guests. This experience left a negative mark on an otherwise enjoyable trip.",Very disappointed,Family,2025-04-30,sylviadZ1700DC,,,,,,,,,,,,,,,,,
1058768872,17338497,2026-05-03T05:24:36Z,5,0,"I truly appreciate it when my loyalty to ALL is acknowledged and rewarded—thank you for making me feel valued.
Our experience at this hotel was wonderful from the moment we arrived until the time we departed. The staff welcomed us with warmth and professionalism, always ready to assist. The location is excellent—right in the heart of the historic center, just steps from fascinating attractions and delicious restaurants, making it easy to explore the city.
The breakfast was excellent with both buffet and à la carte options. All dishes were flavorful. The spa area is pleasant and offers a great view.
Having stayed in several hotels in Wroclaw, I can confidently say that The Bridge stands out as my new favorite. Its comfortable rooms, inviting atmosphere, and attentive service made my stay memorable. I look forward to returning soon and experiencing it all again.",great place to stay,Couples,2026-03-31,Johan290165,"Antwerp, Antwerp Province",Owner response,"Dear Guest,

Thank you for sharing such a thoughtful and detailed review following your stay at The Bridge MGallery. We are truly pleased to know that your experience met your expectations and that you felt well taken care of throughout your visit. It is especially rewarding to hear that our team contributed positively to your stay. We sincerely appreciate your feedback and look forward to welcoming you again in the future.

Kind regards,
Team The Bridge MGallery",The Bridge Team,2026-05-04T12:46:45Z,Value,5.0,Rooms,5.0,Location,5.0,Cleanliness,5.0,Service,5.0,Sleep Quality,5.0
1056746905,17338497,2026-04-16T03:45:42Z,5,0,"We had a wonderful time at the Bridge, MGallery! Check in was flawless, we had a room overlooking the church, which was spacious and super clean. We loved how big the bathroom was, too. We had breakfast delivered to our room one morning which was a feast - proper 5* quality. The bar was also lovely, great ambiance, and even better music. We ate in the hotel restaurant, CRAFT, on our last night, and food was fantastic. The hotel is a short walk to the old town (15ish mins) and it's situated in such a lovely quiet quaint 'island', which is wonderful to stroll around at night. The hotel is about 20 mins from the aiport, too. An Uber cost us about €18. 

If we ever return to Wroclaw, which is stunning, we'll absolutely stay at the Bridge MGallery again. Thanks team for a lovely stay.",We shall return!,Couples,2026-04-30,David_in_Dublin_82,"Dublin, County Dublin",Owner response,"Dear Guest,
Thank you for taking the time to share your delightful experience at The Bridge Wroclaw - MGallery. We are thrilled to learn that your stay with us was enjoyable and that our facilities met your expectations. Thank you once again for your kind words. It would be our pleasure to welcome you back to The Bridge Wroclaw - MGallery on your next visit to this stunning city.",The Bridge Team,2026-04-27T10:23:40Z,Value,5.0,Rooms,5.0,Location,5.0,Cleanliness,5.0,Service,5.0,Sleep Quality,5.0
1052765002,17338497,2026-03-12T07:01:16Z,5,0,"A very good 5* hotel in Wrocław. Professional service from A to Z. The rooms are quite spacious. We always travel with Truffle (a small Russian blue cat) to hotels, and she really likes this one. And to be honest, that's very important. :)  They take very good care of ALL members.
As for breakfast, this time it was perfect, nothing to complain about. We were there a year earlier and on the weekend it was clear that there was a shortage of staff in the dining room (possibly a one-off). Very good food, à la carte menu. Flexible breakfast service, you can swap ingredients. 
There is plenty of parking space nearby, in addition to the hotel parking lot. My favorite hotel brand, and this hotel is at the top of the list (and I've been to dozens of MGallery hotels).",The best spot in Wroclaw,Couples,2025-10-31,kamil_mat,"Katowice, Silesia Province, Southern Poland",Owner response,"Dear kamil_mat ,
Thank you very much for your wonderful review and for choosing to stay with us. We are delighted to hear that you enjoyed the spacious rooms, our breakfast offering, and the attentive service throughout your stay. It is especially lovely to know that Truffle also felt comfortable and welcomed — we truly care about every member of our guests’ families.

We sincerely appreciate your kind words and your loyalty to the brand. It would be our great pleasure to welcome you and Truffle back again in the future.
Best Regards",The Bridge Team,2026-03-15T13:17:34Z,,,,,,,,,,,,
1045717619,17338497,2026-01-11T10:40:45Z,5,0,"Can’t recommend this hotel enough. It’s a beautiful hotel in a lovely location. Staff are really good and the breakfast was fantastic. Rooms lovely and clean-love the candle lights on the canopy. Bar area is lovely. Didn’t use the spa so can’t comment on that. Bed was so comfy. Will definitely be back.
Thanks for a great stay.",Beautiful hotel,Family,2026-01-31,Pennyboots,"Cheshire, England",Owner response,"Dear Pennyboots,
Thank you for your wonderful feedback regarding your recent stay at The Bridge Wroclaw. We are delighted to hear that you found our hotel beautiful and enjoyed the lovely location. It is also gratifying to know that our staff made a positive impression and that you appreciated the breakfast offerings. We look forward to welcoming you back for another memorable experience.",The Bridge Team,2026-01-12T15:46:16Z,,,,,,,,,,,,
1057052502,2082637,2026-04-18T17:09:30Z,5,0,"What a fabulous hotel, an absolute find. Great location in the heart of the city but away from the main square on a side street. The free coffee and tea was a great bonus and the room was really comfortable and modern and super clean. The room was so quiet, comfortable bed and a great nights sleep 
I’m a UK travel agent and will certainly be recommending this gem of a hotel to my clients.",Gem of a hotel in the heart of Wroclaw 🇵🇱,Couples,2026-04-30,846clares,,Owner response,"Dear 846clares,

thank you very much for your kind words after the stay. We look forward to your next visits ;)

Best regards,

Lukasz Piekarski
General Manager",Lukasz Piekarski,2026-04-23T03:25:37Z,Value,4.0,Rooms,5.0,Location,5.0,Cleanliness,4.0,Service,3.0,Sleep Quality,5.0
1053204724,2082637,2026-03-16T08:40:49Z,5,0,Perfectly located only a short walk to the main square. The hotel is modern and really well equipped. The breakfast is excellent. All the staff we met were professional and pleasant to deal with. We borrowed 2 bikes one day for a ride around the city.,Perfect hotel,Couples,2026-03-31,pcevans,"Newport, South Wales, Wales",Owner response,"Dear pcevans,

Thank you very much for awesome review. We are more than happy, reading about your great experience in PURO.
Can't wait your next visit,

best regards,

PURO Team",Lukasz Piekarski,2026-04-17T04:33:57Z,,,,,,,,,,,,
1051627085,2082637,2026-03-02T01:53:12Z,5,0,"Everything was perfect from start to finish.
Stunning decor
Friendly staff 
Free tea and coffee 
Spotlessly clean room
Great smelling toiletries 
Perfect location",Perfect Perfect Perfect,Couples,2026-02-28,troyanowine,"Bury St. Edmunds, Suffolk, East Anglia, England",Owner response,"Dear Troyanowine,

thank you for your great opinion after the stay ;)
Hope to see you soon, again,

regards,

PURO Team",Lukasz Piekarski,2026-04-17T04:28:56Z,,,,,,,,,,,,
1055692876,277626,2026-04-07T06:35:21Z,5,0,"We returned to this hotel for 3 nights this weekend having first visited in 2018.

The main reason for returning is the great location (for us, it's perfect but might not suit those wanting to be right in the centre. We speed walked back from The Old Town one evening and it took us 17 minutes), and the excellent breakfast which sets you up for the day. The options are vast. Also the beds and pillows are so, so comfortable. I slept the best I have in ages.

We were upgraded to an executive room on the 11th (top) floor with a nice view down to the old town. This was a nice touch, as was being able to leave our luggage after an early arrival.

We visited over Easter and the hotel appeared full with lots of families. A 9am breakfast on the first morning was chaotic. Day 2 we came down at 9.45, and day 3 at 7.30. Both much better experiences.

The housekeeping was excellent. Our room was serviced to a very high standard each day. Plenty of nice toiletries.

All in all, a very good city hotel and we will definitely book again when next in Wroclaw.",Our 2nd visit. Still very good,Couples,2026-04-30,Happytravels1666,United Kingdom,Owner response,"Dear Guests,

Thank you very much for choosing our hotel again and for such a detailed and thoughtful review. We are truly delighted that you decided to return and that your second stay met your expectations once again.

It is wonderful to hear that our location continues to be a key reason for your visits. We are also very happy that our breakfast offering, comfortable beds and pillows contributed to such a restful stay — knowing that you slept so well is a great compliment for us.

We are pleased that you appreciated the complimentary upgrade to an executive room with a view and the possibility to store your luggage upon early arrival. Small gestures like these are important to us, as we want our guests to feel welcome from the very first moment.

Thank you as well for sharing your observations regarding breakfast during the Easter period. We are glad to hear that choosing alternative times on subsequent days resulted in a much more pleasant experience, and we appreciate your understanding during a particularly busy holiday weekend.

Your kind words about our housekeeping team and the high standard of room servicing mean a lot to us. We will be sure to pass on your compliments to the team.

Once again, thank you for your loyalty and for recommending us as a very good city hotel. We truly look forward to welcoming you back on your next visit to Wrocław.

Sincerely,
Alicja Golon
Guest Experience Manager",Alicja Golon,2026-04-21T06:35:22Z,,,,,,,,,,,,
1044426752,277626,2025-12-31T17:54:31Z,5,0,Excellent hotel with great service! Near town center. Clean rooms and very good breakfast! I really recommend. Great esperienze,Great stat,Couples,2025-12-31,jorgedF6601FL,,Owner response,"Dear Jorge D,

Thank you for your kind words regarding your recent stay at Novotel Wroclaw Centrum. We are delighted to hear that you enjoyed our service, cleanliness, and breakfast offerings. Your recommendation means a lot to us, and we look forward to welcoming you back in the future.

Sincerely,
Alicja Golon
Guest Experience Manager",Alicja Golon,2026-01-02T06:01:32Z,Value,5.0,Rooms,5.0,Location,5.0,Cleanliness,5.0,Service,5.0,Sleep Quality,5.0
1044426243,277626,2025-12-31T17:46:37Z,5,0,"I really liked the room, it was comfortable and nice. Lovely interior decor and breakfast. The staff is really helpful and polite",The perfect hotel to stay during a visit to Wrocław.,Friends getaway,2025-12-31,Sightsee65566841431,,Owner response,"Dear Guest,

Thank you for your kind words regarding your recent stay at Novotel Wroclaw Centrum. We are delighted to hear that you enjoyed the comfort of your room, the lovely interior decor, and the breakfast experience. Your compliments towards our staff are greatly appreciated. We hope to see you again soon!

Sincerely,
Alicja Golon
Guest Experience Manager",Alicja Golon,2026-01-02T06:01:04Z,Value,5.0,Rooms,5.0,Location,5.0,Cleanliness,5.0,Service,5.0,Sleep Quality,5.0
1042358406,277626,2025-12-13T10:37:35Z,3,0,"I have stayed in many Novotels around the World before and know what to expect.
Upon arrival I was greeted by a friendly reception staff member and allocated a room.
Upon arrival in the room though one of my pet hates - I paid for a ""confortable superior room with one double bed"" - which was not what I got.  I got 2 single beds pushed together, with the large dip in the middle!! If I ay for a double I should get a double..
Also the air conditioning was useless.  I would have opened my window, but I couldn't!!
Bar was great though and open until midnight - with a variety of beers.",Novotel Wrockaw - Not what is expected,Solo travel,2025-12-31,fred146,,Owner response,"Dear Fred,

Thank you very much for sharing your feedback following your recent stay at Novotel Wrocław Centrum. We truly appreciate the time you took to describe your experience, and we are sorry to hear that it did not fully meet your expectations.

We regret that the room configuration was not as expected. Although many of our superior rooms are equipped with two single beds joined together, we completely understand your disappointment if you specifically preferred a true double bed. We always do our best to accommodate such preferences, and we would have gladly offered an alternative room, subject to availability, had we been informed during your stay.

At the same time, we are glad to hear that you enjoyed our bar and that our staff made a positive first impression. Your compliments mean a lot to us.

Thank you once again for your valuable comments — they help us grow and improve. We hope you will consider giving us another opportunity in the future, so we may provide the level of comfort and service you expect from Novotel.

Sincerely,
Alicja Golon
Guest Experience Manager",Alicja Golon,2025-12-16T05:18:06Z,Value,2.0,Rooms,3.0,Location,3.0,Cleanliness,5.0,Service,4.0,Sleep Quality,1.0
1053953375,277622,2026-03-23T07:37:14Z,4,0,"The hotel’s location is very convenient, as it is only about 700 meters from Wrocław’s main train station, with several tram stops just 50–100 meters away. The room was spacious and clean, and the bed was very comfortable. There was also a climate control system in the room, which was a plus. The bathroom included a bathtub, which was a pleasant bonus. Last but not least, the breakfast was particularly good, with a wide variety of options that changed slightly from day to day.
I cannot point to any significant drawbacks. However, as a minor note, if you are traveling with heavy luggage and plan to walk from the train station, be aware that much of the route consists of cobbled streets, which can make it difficult to roll a suitcase.","Good location, comfortable room,  excellent breakfast, moderate price.",Solo travel,2026-03-31,Vadim_Ohanyan,Yerevan,,,,,Value,5.0,Rooms,4.0,Location,4.0,Cleanliness,5.0,Service,5.0,Sleep Quality,5.0
1052394798,277622,2026-03-08T20:48:58Z,5,0,"Really great Hotel within 15 mins walk of the Market Square/Downtown near to the Railway Station. Very nice bright modern Hotel with very clean rooms. They also have a fitness room with a Sauna. Really nice Staff especially the Reception Staff who were very helpful with Booking the Zoo, etc. Cannot comment on the food as did not eat there. Strongly recommended!",Well worth a visit!,Family,2026-03-31,rogerbX8268FK,"Limerick, County Limerick",,,,,Value,5.0,Rooms,5.0,Location,5.0,Cleanliness,5.0,Service,5.0,Sleep Quality,5.0
1049501812,277622,2026-02-13T05:00:55Z,1,0,"I am very disappointed. On Thursday evening, February 12, I booked a room at the Scandic Wroclav hotel. I accidentally made the reservation for Thursday, February 12, to Friday, February 13. After paying, I immediately wanted to correct the mistake and called the hotel. Of course, it was almost midnight, so they told me to call on Friday between 9:00 a.m. and 12:00 p.m. I did so, but I was not allowed to move my reservation from Saturday, February 14, to Sunday, February 15, which was the date I originally wanted to book. However, the hotel manager decided that this was not possible and that I had to make and pay for a new reservation. I find such behavior on the part of such a large hotel chain very unprofessional.",Rebooking,Family,2026-02-28,kyskam,"Pelhrimov, Vysocina Region, Moravia",,,,,,,,,,,,,,,,
1040656749,277622,2025-11-28T14:12:16Z,5,0,"Great hotel, beautiful and useful design in rooms. Very cosy beds! Excellent breakfasts buffet with a lot of options. Helpful and nice personnel. Definitely going to get back to this hotel.",Scandic Wrocław - great for short and longer stay,NONE,2025-11-30,jagienkaTr,,,,,,Value,5.0,Rooms,5.0,Location,5.0,Cleanliness,5.0,Service,5.0,Sleep Quality,5.0
1057356276,10267423,2026-04-21T06:10:39Z,5,0,"Close to Old Town and Ostrow Tumski. Our executive king room was spacious and comfortable. Excellent breakfast. Safe, fridge, iron, slippers and bathrobes in room.",Best Choice Close to Old Town,Couples,2026-04-30,ronny256,"Savannah, Georgia",Owner response,"Dear Guest,
I would like to thank You very much for sharing a response with us regarding Your experience at DoubleTree by Hilton Wroclaw. 
Opinions such as Yours are a great motivator for the whole team. 
Satisfaction of our guests are our top priority, so I am overjoyed that we were able to meet Your expectations. 
Thank You again for the feedback and kind words. I hope we will be able to welcome You as our guest soon again.
Warm Regards
Malgorzata, Marketing Specialist
DuobleTree by Hilton Wroclaw",Malgorzata Binner,2026-04-27T04:44:05Z,,,,,,,,,,,,
1055675204,10267423,2026-04-07T03:46:03Z,5,0,"After five years, we finally had the chance to return to the beautiful city of Wrocław — and there was no question about where to stay. Based on our previous, consistently excellent experiences, DoubleTree was the obvious choice.

What happened this time, however, exceeded all expectations. They have truly elevated themselves to what is, for me, the best DoubleTree hotel in the world — and I have visited quite a number of them across different locations.

The pre-stay communication was on the level of a true five-star property — closer to Waldorf Astoria standards than a typical DoubleTree experience, if you ask me. A well-curated set of useful information was complemented by a genuine willingness to assist with anything. And when we did ask, they delivered — even securing us a window table at a fully booked restaurant on a Saturday evening.

Of course, the hotel itself offers everything you would expect: clean and spacious rooms, an excellent breakfast, and a beautifully designed building, both inside and out. But what truly sets this place apart is the staff, who make it feel like a true home away from home.

I would like to personally thank Dominika K., David K., and Iga S. for their outstanding communication and support, as well as Serafima from the Front Desk. Together, they made a huge difference both before and after our arrival — especially appreciated after a 7+ hour drive. What a treat!

Thank you to the entire team as well, from housekeeping to the OVO restaurant staff. This stay was yet another confirmation that you are truly among the very best.

Well appreciated — and we are already looking forward to coming back.",Brilliant!,Couples,2026-04-30,MartinKrocil,"Prague, Bohemia",Owner response,"Dear Guest,

Thank you so much for this wonderful and detailed review. It truly means a lot to us that you chose to return after five years and that we could exceed your expectations this time.
We are especially grateful for your kind words about our team. Dominika K., David K., Iga S., and Serafima will be absolutely delighted to know they made such a positive impact on your stay. Your recognition of their efforts, as well as the entire team, from housekeeping to the OVO Bar&Restaurant staff, is sincerely appreciated.

Thank you once again for your trust and kind recommendation. We are already looking forward to welcoming you back to Wroclaw.

Warm Regards
The DoubleTree by Hilton Wroclaw Team",Malgorzata Binner,2026-04-07T06:00:49Z,Value,5.0,Rooms,5.0,Location,5.0,Cleanliness,5.0,Service,5.0,Sleep Quality,5.0
1054892101,10267423,2026-03-31T11:21:33Z,5,0,"First of all, a huge thank you to the reception team for a fantastic upgrade to the One Bedroom Suite. The room layout is incredibly ergonomic and impeccably clean, and the space perfectly balances a work area with a place to relax.
The food deserves high praise – the breakfasts are simply excellent, offering a wide selection and great quality.
An added bonus is the hotel's Executive Lounge: very intimate and quiet, which is absolutely perfect after a day of work. The whole experience is topped off by the great location in the OVO building. I will definitely be back!",My absolute favorite in Wrocław!,Business,2026-01-31,TomaszKraszewski,"Sosnowiec, Silesia Province, Southern Poland",Owner response,"Dear Guest,
Thank you so much for your wonderful review. 
We’re delighted to hear that your stay was so enjoyable and that the upgrade to the One Bedroom Suite met your expectations.
It’s great to know you appreciated the room layout, cleanliness, and the balance between work and relaxation. Your kind words about our breakfasts and the Executive Lounge mean a lot to us as well.
Thank you again for your trust—we’re already looking forward to welcoming you back.
Warm Regards
The DoubleTree by Hilton Wroclaw Team",Malgorzata Binner,2026-04-07T06:02:31Z,,,,,,,,,,,,
1050393991,10267423,2026-02-20T12:23:11Z,5,1,"I stayed recently for 3 nights and had an excellent stay. Although arriving very late in the day I was given a very nice upgrade to a suite. After the (long!) walk from the lift to my room, I was greeted with a great sized room which was very clean. There was a separate living room with sofa and kitchenette. Breakfast was excellent and staff immediately recognised diamond status when I arrived. The executive lounge was a decent size to cope with the guests using it. The food selection was very good along with an expansive drinks selection. Staff were always on hand to clear tables etc. Hotel is located in a good location, only about 10-15 mins walk from the old town. Wouldn’t hesitate to recommend this hotel to anyone.",Excellent stay at this property,Solo travel,2026-02-28,stewartc191,Scotland,Owner response,"Dear Guest,
Thank you very much for your wonderful review.

We are delighted to hear that you had such an excellent stay and that you enjoyed the suite upgrade, cleanliness, breakfast, and our Executive Lounge offerings. It’s especially pleasing to know our team recognized your Diamond status and provided attentive service throughout your visit.

We truly appreciate your recommendation and look forward to welcoming you back for another great stay soon.

Best Regards
Malgorzata
Marketing Specialist at DoubleTree by Hilton Wroclaw ",Malgorzata Binner,2026-02-23T06:07:26Z,,,,,,,,,,,,
1047815513,10267423,2026-01-29T09:39:22Z,5,0,"Doubletree by Hilton Wrocław is a very warm and welcoming place while you're in that part of Europe. It is a modern facility with spotless spatious rooms, wide windows and wonderful food and drink options in its restaurant and bar. I like the use of brown and grey in the room, which makes the space warm and calm. It is quiet at night too. I was only there for a short stay to attend a brief meeting so I did not have an opportunity to try all the facilities and amenities such as swiming pool or the executive lounge, however I assume those are excellent as are the areas I visited during my stay. The hotel is a short walk to the old town's square, main railway station and not too far from museums and the university. It is in an area, which is very well connected to other parts of the city by bus or tram should you want to venture out on your own. It is also relatively close to Prague or Dresden if you want to explore the area a little further.",Fantastic place to stay in Wrocław,Business,2026-01-31,cohors480,"New York City, New York",Owner response,"Dear Guest, 

Thank you very much for sharing such a thoughtful and positive review.
We are delighted to hear that you enjoyed the warm atmosphere, modern design and spacious rooms, as well as our food and beverage offerings. It is also great to know that you appreciated the quiet surroundings and our convenient location close to the Old Town and transport links.
We hope you will have the opportunity to return in the future and experience more of our facilities, including the swimming pool and Executive Lounge. It would be a pleasure to welcome you back to DoubleTree by Hilton Wroclaw.

Best Regards
The DoubleTree by Hilton Wroclaw Team ",Malgorzata Binner,2026-02-06T03:58:53Z,Value,5.0,Rooms,5.0,Location,5.0,Cleanliness,5.0,Service,5.0,Sleep Quality,5.0
1041807743,277623,2025-12-08T11:08:16Z,4,0,We had a family trip to Wroclaw to Xmas Market. The hotel was reasonably near Centre impressive Reception area..helpful staff.  We were charged twice for our expensive breakfast which we sorted..the bar staff friendly. The lifts were a problem..only one lift available which was really slow so that needs to be addressed by Management. Beds comfortable  double rooms quite small but comfortable enough...Nice view of church from 6th floor.,Visit to Christmas Market,Family,2025-12-31,Cavalover75,,Owner response,"Dear Madam,

Thank you very much for taking the time to share your feedback following your family visit to Wroclaw and the Christmas Market. We truly appreciate your kind comments regarding our convenient location, impressive reception area, helpful staff, friendly bar team, and the comfort of our beds. We are also pleased that you enjoyed the lovely view from the 6th floor.  We would like to apologize once again for the inconvenience related to the double charge for breakfast, and we are glad that this matter was resolved during your stay. 
Regarding the lifts, we would like to kindly explain that one of them had to be temporarily taken out of service due to the replacement of parts by an authorized external company. The safety of our Guests is our highest priority, and for this reason, the lift could not be operated until all required works were fully completed and approved. Thank you for bringing this to our attention, as all Guest feedback is extremely valuable to us. We hope that, despite the minor inconveniences, your stay was an enjoyable one and that we will have the pleasure of welcoming you and your family back in the future.

Kind regards.",Michal Kaczmarz,2025-12-29T09:18:55Z,Value,4.0,Rooms,4.0,Location,4.0,Cleanliness,5.0,Service,5.0,Sleep Quality,5.0
1037431086,277623,2025-11-02T08:21:04Z,4,0,"This was 1st time here. Top location in the heart of Wroclaw, very attentive hotel staff. I got nig room, well designed but not 100% clean, I hope it was just simply, small mistake.",My stay at Mercure Wroclaw,Solo travel,2025-11-30,I2008JDadamg,,Owner response,"Dear JDadamg,

Thank you very much for choosing Mercure Wrocław Centrum for your first visit to our city and for taking the time to share your impressions. We are delighted that you appreciated our central location and the attentiveness of our team. At the same time, please accept our sincere apologies for the shortcoming in room cleanliness. This does not reflect our usual standards, and we truly appreciate your understanding in considering it an isolated oversight. We hope to have the pleasure of welcoming you again soon and providing a flawless experience on your next stay. 

Best regards,",Michal Kaczmarz,2025-11-04T10:40:08Z,Value,4.0,Rooms,4.0,Location,5.0,Cleanliness,3.0,Service,5.0,Sleep Quality,5.0
1053974592,277624,2026-03-23T10:46:21Z,5,0,"A bit outside the city, but easy to get to from the motorway.  Friendly staff, nice room, nice bar and restaurant, the only thing which could be better is breakfast ( i waited half an hour to get eggs, and didn't see these )",mooi zakelijk hotel,Business,2026-03-31,716peterv,"Rumbeke, West Flanders Province",Owner response,"Dear Guest,

Thank you for your visit to Novotel Wrocław City and for taking the time to share your feedback following your stay.

We are pleased to read that you appreciated our convenient location, friendly staff, as well as the room, bar, and restaurant. Your kind words are truly appreciated and will be shared with our team.

At the same time, we are sorry to hear about your experience during breakfast. Waiting for such a long time and not receiving the ordered items is certainly not the level of service we strive to provide. Please accept our sincere apologies for this inconvenience. Your comment has been shared with the relevant team to ensure improvements are made.

We hope to have the pleasure of welcoming you again in the future and providing you with an even better experience.

Kind regards,
Martyna Fryszkiewicz
General Manager
martyna.fryszkiewicz@accor.com",Novotel Wrocław City,2026-04-10T06:09:35Z,Value,5.0,Rooms,5.0,Location,4.0,Cleanliness,5.0,Service,5.0,Sleep Quality,5.0
1045250603,277624,2026-01-07T07:13:43Z,4,0,"Overall very lovely hotel, modern and room was also very presentable and clean. Bed was very comfy. The staff were friendly and pleasant. We had a meal in the restaurant on the first night which was absolutely incredible. It was decorated lovely with all the Christmas decorations. 

Downsides were the hotel wasn’t quite as close to the city centre as we had hoped/been led to believe. It was a good 10-15 min walk to tram stop and then 25 mins journey in to the centre. However we did use the “Bolt” app on occasion which was handy if you wanted a quicker taxi journey back, very cheap too.  

Sadly there was a strange smell in the bathroom. The tea/coffee in the room was quite minimal. We weren’t able to control the temperature in the room so was either too hot or too cold. The pillows weren’t very comfy. We could also hear people above us through the vents. One morning we were woke up early with a couple arguing and also could hear children screaming and running bout back and forth on the landing above us. 

Despite the downsides we were overall pleased and would stay again. And I think the 4/5 reflects that.",Beautiful hotel and compliments to the chef for the incredible meal we had on the first night,Couples,2026-01-31,sag92,"Galashiels, Scottish Borders, Scotland",,,,,,,,,,,,,,,,
1033921411,277624,2025-10-08T06:38:49Z,5,0,Lukasz 100 % hospitality. Very king man. I had very good breakfast. Nice and cosy lobby. I stay there next time. Thank you,Lukasz,Business,2025-10-31,przemyslawu2025,,,,,,,,,,,,,,,,,
1033175091,277624,2025-10-03T03:37:23Z,5,0,"Everything was perfect during my stay at Novotel Wrocław City. The service was excellent and the atmosphere very welcoming. Special thanks to Mr. Łukasz from the restaurant, who is doing an outstanding job – professional, attentive, and always with a smile. He really made my stay even more enjoyable. Highly recommended",Outstanding service from Łukasz at the restaurant,Business,2025-10-31,G5080YIarturk,,,,,,,,,,,,,,,,,
1032857615,277624,2025-09-30T14:13:03Z,4,0,"Let me start with an apology, if it was possible my rating would be 4.5 stars from 5.
I have very few concerns, and the ones I'm going to mention are more related to personal preference and not about any shortcomings with the hotel.
This hotel really must be a sliver away from being 4 star and I would suggest that it merits the upgrade.
Let's get the ""bad"" stuff over and done with first.
Despite being named the Novotel City Hotel, it's actually some distance from places of interest in the centre of Wroclaw. Certainly not walkable, and public transport is a ten to 15 minute walk from the hotel. With Bolt / Uber, it's easily remedied and at reasonable cost. It wouldn't stop me from staying here again.
My main gripe is actually related to something I am also passionate about. Protecting our natural resources. There's a few notices dotted around about water conservation. The room includes a refillable water bottle which I haven't seen at other hotels...a good thing. When it comes to the shower, their calculations might be a bit off!! They have some of the weakest water pressure I've ever experienced!! There's more water in the Atacama Desert in an average year than seems to be the case here!! I'm not asking to be blown off my feet, but come on, you can do better than what you have!!
My second and final concern is about the restaurant. It felt like I was at an airport hotel. You have the space to be so much more creative and interesting!!
Now to the good points...staff are generally warm and welcoming from assisting me with a restaurant booking on the night of my arrival to a late dinner at the hotel restaurant. I am grateful.
Room size is excellent...spacious and comfortable. My room overlooked a patio with large umbrellas, obviously this area could be used for functions and maybe as an extension to the bar. If in use, I would have been concerned as the rooms are not soundproofed.
The beds are comfortable, though the pillows were a little soft for me.
My room was very well maintained by the domestic team, absolutely spotless!!
I would be very happy to stay here again on my next visit.
Thanks to all for your efforts.",One of the Best Three Star Hotels!!,Solo travel,2025-09-30,Rambles1963,"London, England",,,,,,,,,,,,,,,,
1048160978,12553141,2026-02-01T09:27:41Z,1,0,"What should have been a straightforward resolution to a maintenance issue turned into a masterclass in poor customer service.

I reported AC not cooling properly (only to 20°C, room uncomfortable). The maintenance issue itself wasn't the problem - the staff response was:

- Kasia (Front Desk): Offered fan only, dismissive attitude, no empathy or problem-solving
- Patrycja (Manager): Challenged my complaint rather than helping, equally dismissive
- Aneta (GM): Called her during stay, she said ""in a meeting"" and promised callback - never called. Texted next day for follow-up. Her response? She's ""enjoying her free weekend,"" called my text a ""pressure tactic,"" refused further discussion.

A General Manager who won't engage with legitimate guest concerns is unacceptable. Problems happen - refusing to address them doesn't.

I've stayed at dozens of Marriott properties worldwide. This was the worst customer service I've experienced in the portfolio. If something goes wrong here, don't expect management to care.","Dismissive Staff, GM Refused to Address Concerns",Solo travel,2026-01-31,AliB3215,"Toronto, Ontario",Owner response,"Good day, 
We regret to read this feedback. 
Following your last-minute reservation during the winter season, we are sorry to hear that the 20 degrees was not comfortable for you. Our Front Desk team responded promptly, offered available solutions, and provided a complimentary upgrade to a room with a balcony to enhance your comfort, while in winter the systems require additional time to adjust the temperature.
The General Manager’s unavailability during the weekend was clearly communicated, and the Rooms Division Manager was the designated decision-making authority at that time.
We stand by our team, who acted professionally and in line with brand standards throughout.
",Patrycja Wojtas,2026-02-02T09:53:28Z,Value,3.0,Rooms,4.0,Location,3.0,Cleanliness,5.0,Service,1.0,Sleep Quality,2.0
1045546578,12553141,2026-01-09T23:39:01Z,5,0,"It is always with great pleasure that I return to my second home in Poland. Indeed, after so many years of coming back to this sumptuous establishment, I am welcomed almost like a member of the family.
All the staff show their joy in welcoming me.

I will not comment further on the beauty of the establishment, tge magnificent décor, or the comfort of the rooms, as there are already many reviews covering these aspects.
I would simply like to take this opportunity to thank several members of the team for their professionalism.

At the reception, it is always a pleasure to be welcomed by Marlena, who is extremely smiling and truly embodies the spirit of hospitality.
Patrycja was the very first person I spoke by phone to more than six years ago. She was so professional on the phone that I already knew that when I would come for the first time, the service would live up to my expectations.
Patrycja is deeply dedicated to her work and exceptionally kind.

The Fuego restaurant offers a very varied menu, but above all, Chef Kristofer  has an incredible talent. Not only are the dishes he prepares delicious, but when they arrive on the table the plates are true works of art, always finished with a touch of small flowers. Just looking at the plate already stimulates your appetite.

I would also like to thank Joanna, the restaurant supervisor, for her excellent service. She is truly very professional, takes her work seriously, and she is always very kind and friendly 
Teresa and Magda are also very professional waiters and always smiling.

A big thank you to the housekeeping staff who do an impeccable job. The rooms, as well as the entire hotel, are extremely clean.
I would also like to thank a young man from the housekeeping team whose name I unfortunately forgot for helping me with my many baggage and of course, a very big thank you to Daniel and Karole for their precious help.

There is one person I would especially like to highlight: 
the masseur therapist Milosz. For many years , I do not want to get a massage because I have never found a masseur who listens to me the way I want 
For me, a massage should be a moment of relaxation and calm. Unfortunately, I have had many bad experiences where the therapist applies far too much pressure, which creates stress instead of relaxation.
Here, however, we are dealing with a true professional masseur therapist 
Milosz has an incomparable massage technique unlike anyone else I have encountered, and yet I have tried massage therapists all over the world. 
His technique is highly professional; every movement of his hands is precise and he works on very precise points to help you relax. 
He is a true gem in the spa. 
For me, he is the best massage therapist I have ever met in the world.
At every session, I literally fall asleep; he even has to wake me up .
 Milosz is a pearl for the Spa hotel and I highly recommend booking a massage with him.

Finally, I will never thank enough the General Manager, Mrs Aneta Jeton 
who leads this establishment with outstanding professionalism, kindness, and sensitivity. All her teams are trained to the highest standards of hospitality. She is a remarkable woman with an unparalleled human touch.

I very much look forward to returning again very soon.",My second home in Poland,Family,2026-01-31,antoniocG9925LB,,Owner response,"With Our Sincere Thanks from Your Second Home in Poland

Dear Tony,

On behalf of our entire team, please allow me to express our most sincere gratitude for your incredibly touching and generous review.
Reading your words truly moved us. 
To know that you consider our hotel your “second home in Poland” is the highest compliment we could ever receive. 
Your loyalty over the years and the warmth with which you describe your experiences mean more to us than we can express.

Thank you for recognizing so many members of our team by name.
Your appreciation has been shared with everyone, and it has brought great pride and joy across the hotel.
A very special thank you for highlighting Miłosz and his exceptional talent as a massage therapist. Your description of his work perfectly reflects the passion and professionalism he brings to every guest experience.
Your beautiful recognition of our General Manager, Mrs. Aneta Jeton, is also deeply appreciated. 
She was sincerely moved by your message and sends her warmest thanks in return. 
Creating a genuine sense of care, professionalism, and human connection is at the heart of her leadership, and it is wonderful to know this is felt by our guests.

Tony, guests like you are the reason we do what we do. 
Thank you for your loyalty, your kindness, and for being such a valued part of our hotel family. 
We very much look forward to welcoming you back again very soon—home awaits you.

With our warmest regards,
Marlena Terebus
Guest Relation Specialist 
AC by Marriott Hotel Wrocław 

",Marlena Terebus,2026-01-13T07:12:53Z,Value,5.0,Rooms,5.0,Location,5.0,Cleanliness,5.0,Service,5.0,Sleep Quality,5.0
1044650913,12553141,2026-01-02T14:45:42Z,4,0,"One thing the design got right which is rare, is that the fixed toiletries can be used easily when in bathtub rather than shower.
The design of the bathroom basins is exquisitely stupid - space lost to a slope - can anybody come up with a reason?
Shortage of surfaces to put things, in both bathroom and bedroom, when there is no shortage of floorspace, is most frustrating.
Otherwise the room was fine.
No way to contact the hotel directly on email (a common Marriott fault, but the Warsaw Sheraton manages it)
Restaurant service and food good, for both breakfast and lunch.",Fine for a couple of nights,Couples,2025-12-31,zsalyar,"New York City, New York",Owner response,"Dear Value Guest, 

Thank you for taking the time to share your detailed feedback with us. We are pleased to hear that you enjoyed your room overall, as well as our restaurant service and food for both breakfast and lunch.

We appreciate your thoughtful observations regarding the bathroom and room design, as well as the availability of surfaces. Please note that our room décor is inspired by European style and sensibility, which guides our design choices throughout the property. Your comments are very valuable and will be shared with our design and operations teams as we continually seek to improve guest comfort and convenience.

Regarding contacting the hotel directly, we apologize for any inconvenience. Please note that on our official website for AC Hotel Wrocław by Marriott, both a contact telephone number and an email address are provided to reach our property directly. We hope this will make it easier for guests to connect with us in the future.

Thank you again for your insights. We hope to welcome you back soon and provide an even more seamless and comfortable experience.

Warm regards,
Marlena Terebus 
Guest Relation Specialist 
AC by Marriott Hotel Wrocław ",Marlena Terebus,2026-01-07T06:47:25Z,Value,4.0,Rooms,4.0,Location,5.0,Cleanliness,5.0,Service,4.0,Sleep Quality,5.0
1051657698,9763242,2026-03-02T06:34:04Z,1,0,"Poor customer service.
I was overcharged by the staff for 1 beer extra and was added to my bill.
I have asked to check CCTV footage.
Someone has rang me not being friendly and apologetic and just asked for account details so this will be refunded within one month which is also not great.
Will not return to this hotel!!!",Overcharged for the drink in the bar,Business,2026-03-31,pawelmI8720AX,,Owner response,"Dear Pawel,

Thank you for sharing your feedback with us. We are very sorry to hear that your stay did not meet your expectations and that these situations affected your overall experience.

Regarding the bar charge – all bills posted to the hotel credit require the guest’s signature, which confirms the accuracy of the items and the total amount. Any doubts or discrepancies should be reported at the moment of signing, so we can verify them immediately. Since no comments were made when the bill was signed, the charge was processed according to the confirmed document.

According to the information we have, our Front Office Manager has already contacted you and explained that bank transfers take longer than standard card refunds – they are processed three times a month, which unfortunately results in a longer waiting time. We understand the frustration this may cause, and we sincerely apologize for any inconvenience.

If you have any further questions or need additional assistance, please feel free to contact us at HA073-GR@accor.com. We will be happy to help and clarify anything necessary.

Best regards,
Alicja Golon
Guest Experience Manager",Alicja Golon,2026-03-04T06:21:44Z,Value,3.0,Rooms,4.0,Location,5.0,Service,1.0,Sleep Quality,1.0,,
1040338371,9763242,2025-11-25T14:48:18Z,3,0,"I stayed in this hotel for one night. They are about a 15-minute walk from the train station and 20-minute walk from old town. The bed was hard. There were 2 flat uncomfortable pillows on the bed. They have a water cooler that you can get water from on each floor, which is a definite plus. There is a step into the bathroom that I tripped over several times. I did occasionally hear the tram running outside the window. They do offer earplugs, though. The room was clean. Breakfast costs extra.",Decent Hotel,Solo travel,2025-11-30,The_Wanderer1992,"Columbia, Maryland",Owner response,"Dear Guest,

Thank you for sharing your feedback. We’re sorry to see such a low rating, as we always strive to make every stay as comfortable as possible.

We’re glad you enjoyed the water dispensers and found the room clean. At the same time, we regret that some aspects of your stay, such as the bed comfort and bathroom step, affected your experience. Your observations have been shared with our team. Regarding the pillows – they follow the standard of the ibis brand, and we do our best to keep them in the best possible condition. We appreciate your comment and will take it into consideration for future improvements.

Thank you again for your review, and we hope to have the opportunity to welcome you back and provide a better experience next time.

All the best,
Alicja Golon
Guest Experience Manager",Alicja Golon,2025-11-26T02:58:15Z,,,,,,,,,,,,
1051807830,284634,2026-03-03T11:51:57Z,1,0,"Location great, issue MAJOR renovation work taking place - right next door to our room....less than 24 hour notice before travel.....moved room day before coming home!! Off 2 welcome drink vouchers which still asked to pay 1 zloty per drink for 2 x half glass of procesco (this was added to any drink) not the cost but principle..... no drink allowed in spa, asked for room service and they refused, even though they advertise room service....no phone plugged in room. Then woke to very loud drilling noise from room next door!! Only have video of noise but unable to upload",Avoid until renovations complete,Couples,2026-02-28,R7616WEsusanb,,,,,,Value,2.0,Rooms,1.0,Location,4.0,Cleanliness,2.0,Service,2.0,Sleep Quality,3.0
1035081183,284634,2025-10-16T09:11:00Z,1,0,"Under construction. While I am writing I have a drill just next to my room. I have a long voyage behind me anx wanted to get some rest. When checking in, I was not told. The answer after complaining: “It is on our website”. I booked via Booking.com and there was no mention about construction works",UNDER CONSTRUCTION,Family,2025-10-31,734serged,"Saarbrücken, Saarland",,,,,,,,,,,,,,,,
648133394,4011143,2019-01-25T09:05:06Z,5,1,"Nice spacious room, with a lovely bathroom, very clean and well looked after. Very friendly service and a great selection of local and international food for breakfast. The restaurant had lovely quality food, it was very quiet on both nights that we ate there,",Very friendly hotel,Family,2018-12-31,colmm889,"Dublin, County Dublin",,,,,Rooms,5.0,Cleanliness,5.0,Service,5.0,,,,,,
594822845,4011143,2018-07-10T06:16:56Z,5,0,"Nice and clean rooms and excellent parking (garage below the hotel). Breakfast was also good. Staff was really friendly and helpful. 
Hotel is located in the center of Suwalki with good and easy access to Via Baltica -road.

I will definitely stay here again.",Very good hotel,Solo travel,2018-06-30,Reporanka,,,,,,Value,4.0,Rooms,4.0,Service,4.0,,,,,,
500999894,4011143,2017-07-11T16:49:58Z,5,0,We had dinner in the hotel and both the athmosphere and the food was very good. The location make it an easy choice when walking the streets of Suwalki. We have been ther befor in the bar - this was also very nice!,A beautiful hotel in the middle of the city with an excelent restaurant!,Friends getaway,2017-07-31,bfm2015,"Notodden Municipality, Telemark, Eastern Norway",,,,,Location,5.0,Cleanliness,5.0,Service,5.0,,,,,,
497530017,4011143,2017-06-30T18:01:08Z,4,0,The hotel is well located in the center of Suwalki close to shopping mall. It is new and well designed. Rooms are small but comfortable and clean. Good value for money.  There is a relaxing atmosphere. Very pleasant restaurant with well served meals. The selection of food could be better. Very relaxing atmosphere.,very good hotel,Business,2016-07-31,Cosmopolitan495676,"Warsaw, Mazovia Province, Central Poland",,,,,Cleanliness,5.0,Service,4.0,Sleep Quality,4.0,,,,,,
983568950,8387269,2024-12-08T03:36:30Z,5,0,"Great hotel with all needed amenities, 24h reception, laundry possibility, shoe brushes in a closet etc. Rooms are very spacious and comfortable. Good restaurant & bar (too bad only up to 22:00). 50m to aquapark + inside hotel small spa and massages. Great helpful staff. Higly recommended!",2 business nights,Business,2024-12-31,JakubG_12,"Bielsk Podlaski, Podlaskie Province, Eastern Poland",,,,,Value,5.0,Rooms,5.0,Location,5.0,Cleanliness,5.0,Service,5.0,Sleep Quality,5.0
852111108,8387269,2022-08-05T07:30:16Z,5,0,"Excellent hotel -clean, friendly stuff, comfortable high ceiling room, small cozy spa, pet-friendly, great location (playground and aquapark next door), delicious meals at the restaurant. Our family has a new favourite hotel in Poland :)",Welcoming hotel for delicious flavour-jorney and sweet dreams,Family,2022-08-31,MLParbus1,,,,,,,,,,,,,,,,,
788002873,8387269,2021-05-05T03:08:50Z,5,0,"Excellent staff, very friendly! One of the best 3 star hotels I have ever stayed at. I would definitely stay here again if in the area. Traveled here for business and the hotel was very accommodating.  Currently due to COVID meals are provided to your room. The food was delicious for both breakfast and dinner.",Business trip,Business,2021-04-30,j_fried_5,"Philadelphia, Pennsylvania",,,,,,,,,,,,,,,,
777637245,8387269,2020-11-21T20:24:45Z,2,0,"I had to find a safe place to run to in the middle of the night after my mother went on her maniac psychotic bandge...went there,not AT ALL WELCOMING or bright  n happy...as weren't  a staff,as if I bothered them ...lights turn on only when u r right under them,so u r,with suitcase just feeling around  for the most part where u going.  Its almost pitch dark in corridors....then! U get to ur room!!!! Pitch dark....by the time u done switching all the lights ,pushing all the buttons,u find a slid for your door card n ,if u feel like it,n u tried other options n are at the point of trying anything...u will put your  door card into the slid to have ANY lights in the ...tiny ,clean,but looking from 1700s room...congratulations!!! U turned some lights on in that prison like looking room...no fridge,no water, no coffee...its a joke....NEVER WOULD  I GO THERE  AGAIN,EVEN IF THEY PAID ME!!! my friends said its a decent place to stay!!! Here in my country it wouldn't get one start!!! Dangerous, scary n pathetic...rooms tiny!!! TINY!",A Dracula dungeon,Solo travel,2020-09-30,948mayai,,,,,,,,,,,,,,,,,
755389033,4557505,2020-05-24T17:24:18Z,5,4,"My experience was fantastic. Some of the best tasting food in the region! Clean, friendly, conveniently located with many local attractions such as local museums. 

The hotel back view offers a local city park with a pond, making evening walks peaceful and enjoyable.","Great food, comfy, awesome location!",NONE,2019-06-30,voya2015,Massachusetts,,,,,Value,5.0,Rooms,5.0,Service,5.0,,,,,,
755378680,4557505,2020-05-24T11:26:26Z,5,3,"For English speaking future guests, I highly recommend this hotel. A friend and I visited the beautiful city of Suwalki through a recommendation of a former resident. What a pleasant surprise to be able to enjoy the museums, culture and history. 
The hotel is close to all these attractions which makes it a plus.

When you enter the lobby you are welcomed with the feeling of warmth and the smell of a fresh, clean scent.

Staff was very friendly and check in was quick.

The room was a good size as well as the furniture being older but comfortable too. Nice to see they keep a touch of the past which makes staying here better than the newer hotels.

Lastly, the food was incredible! Best tasting Polish food by far on our visit.

Thank you for an enjoyable stay as well as keeping your hotel simple and well maintained. ",Hotel of Suwalki History!,Friends getaway,2020-01-31,484corinam,"Pittsburgh, Pennsylvania",,,,,,,,,,,,,,,,
689390479,4557505,2019-07-14T04:06:35Z,1,2,"Horrible place with no working WC, elevator from a horror movie and non working windows. To be fair, breakfast is ok as well as location - close to Suwalki Blues Festiwal. If not for the festiwal this place wouldn't exist... . ",Suwalki blues festiwal,Friends getaway,2019-07-31,karolinan771,"Warsaw, Mazovia Province, Central Poland",,,,,,,,,,,,,,,,
568687860,4557505,2018-03-25T14:15:38Z,1,2,"Bad, deplorable, awfully. Pure breakfast, not tasty food. Cold rooms. Bad beds. Bad smell in the room and in the bathroom.  I won't go there anymore. It is not hotel - it is much worst than hostel. If you have a chance to choose another place for rest, just do it",no no no,Solo travel,2018-03-31,romanasb2017,"Krakow, Lesser Poland Province, Southern Poland",,,,,Rooms,1.0,Cleanliness,1.0,Service,1.0,,,,,,
186991549,4557505,2013-12-07T10:41:55Z,4,1,"I stayed two different times during my trip to poland in Sept 2013. I found the hotel to be cleaned, room basic with 2 twin beds, wardrobe, TV, wireless Internet. The Internet worked great in my room. The front desk will let you know what floors  the wireless works just need to ask on check in. Within walking distance to large grocery store 5 minute walk. The downtown area is  5 min walk the other way.  You can purchase dinner at check in for 5 zloty which includes soup, salad and main course, drink - food was very good. Buffet breakfast in am again very good .  For the price very reasonable hotel. I was in poland searching my ancestors this hotel made me go back in time how it may have been for them .  This hotel during communist time was probably for workers . i will definitely stay again when I return in may.",Nice hotel reasonable price,Solo travel,2013-09-30,Jkmini,,,,,,Value,5.0,Rooms,4.0,Location,4.0,Cleanliness,4.0,Service,5.0,Sleep Quality,4.0
969583476,4932574,2024-09-13T13:38:26Z,2,0,"Not so great. You can park right in front which is great, but staff not friendly at all. It's the only hotel I've ever stayed in where they didn't have a diet coke or pepsi, it's my morning go to drink rather than coffee. Breakfast buffet is basic. Room was good with a seating area, but the fridge didn't work and there was a cup of coffee beans in there, not sure why but I don't drink coffee and don't even like to smell it so...Suwalki was a lovely town but would look for some place different to stay the next time.",Wasn't impressed with hotel or rude staff ~,Couples,2024-08-31,tammyjewel628,"Houston, Texas",,,,,Value,3.0,Rooms,3.0,Location,3.0,Cleanliness,3.0,Service,2.0,Sleep Quality,3.0
894690269,4932574,2023-06-12T13:34:46Z,4,1,"A very nice hotel, all rooms have been fully renovated and are very pleasant. Air conditioned rooms are available for about a 20% upcharge, but AC is not needed except for about 10 weeks in the summer.  When you book, make sure you are not sold an air conditioned room during the winter...

The restaurant is disappointing, I suggest you avoid it.",A pleasant small hotel,Solo travel,2023-06-30,solotravellerCanada,,,,,,Value,4.0,Location,4.0,Service,5.0,,,,,,
711169501,4932574,2019-09-19T12:22:10Z,4,0,"Akvilon, 3* hotels we used to stay for 2 nights. Rooms were good (pity there was no heating and outside there were some rains). Hotel is located in walking distance from all attractions: Arcadia waterpark is neary, historic cente is few minutes away. Bus stop nearby and if you get room - you may enjoy scenic views to park with Czarna Hancza river. Bus stops are nearby too.
Staff is friendly, helped with advices, provided us with maps of Suwalki, explained (without even being asked for) where some fanous objects were.
Breakfast is served in local restaurant and is really quality one. Few times we had our sausages half-cold at  8 o'clock (breakfast starts since 7 AM).
Overall, would really recoomend Akvilon as a place to stay.","Scenic, quality, friendly",NONE,2019-08-31,Vytautas_LT,"Vilnius, Vilnius County",,,,,Value,5.0,Rooms,4.0,Service,5.0,,,,,,
692408116,4932574,2019-07-24T14:56:17Z,4,0,"Spacious, clean and quiet rooms. Free parking. Affordable restaurant with good food. Breakfast was included. Next to the hotel there is a public park for walking.  Free Wi-Fi was okay. Helpful staff and English was spoken.","Comfortable hotel, free parking",Couples,2018-08-31,guidet182,"Tallinn, Harju County",,,,,Cleanliness,4.0,Service,4.0,Sleep Quality,4.0,,,,,,
603555387,4932574,2018-08-06T17:02:36Z,4,0,"A nice hotel, well maintained and close to the city centre. It has a private parking in the back. The staff was helpful and spoke english very well. The rooms are quite big and the beds were comfy. A wise choise.",A nice hotel in the middle of the town,Solo travel,2018-07-31,A3519,Sweden,,,,,Location,5.0,Service,5.0,Sleep Quality,5.0,,,,,,
926985261,5521691,2023-11-23T04:07:54Z,5,0,"I love this hotel because they have big parking, nice rooms and friendly staff. The food in the restaurant and their breakfast are good. Unfortunately they don’t have ribeye steak any more but they have tasty tuna steak, mushroom soup and herring tartar",The place I always love to stay,Business,2023-11-30,821oks,"Tallinn, Harju County",,,,,,,,,,,,,,,,
707844024,5521691,2019-09-08T13:08:15Z,4,0,"It's the second time that we come to this hotel and it's always a good stay. Very friendly staff, very nice and clean room, very comfortable beds. Nice, at the first floor, a big open space with chairs and tables where one can smoke. Very good buffet for breakfast. Free wifi perfectly working and free big parking.",Always a good stay,NONE,2019-08-31,antidotonaif03,"Turin, Province of Turin, Piedmont",,,,,Rooms,4.0,Location,4.0,Service,5.0,,,,,,
695280181,5521691,2019-08-03T16:58:17Z,2,1,"We reserved room for family of 4 in internet. We got room 212:
+ very kind personal
+ we got 3 beds, personal gave us 4th baby bed. Thank you!
+ breakfast was delicious with wide menu. Thank you!
- room had no ventilation (except door shell under entrance door, where noise from elevator and from people in coridor was coming).
- no air conditioning 
- when you open window you get loud road  traffic noise with horns and ambulance sounds, traffic all night long.
- with closed window and 4 persons you feel that you breaze air without oxygen 
- probably not so thick walls, because I heard somebody sneezing many times.
- shower had pressure only for cold water, hot water had very low pressure, not sure if the tap was broken or just low pressure in hot water tube.",Check your room before you pay,Family,2019-08-31,MaarisE,"Riga, Riga Region",,,,,,,,,,,,,,,,
689977559,5521691,2019-07-16T03:42:06Z,1,1,"Don't stay at this hotel. I've stayed at this hotel four times in different years. Every year the hotel has become worse. The last time, however, put a point on this hotel. 30.06.19 at 22:00 I came from Czech Republic for a long ride and wanted to stay at this hotel. I booked a room that was not refundable on the internet. There was no space for a car in the car park. Finally, I found a free place on the meadow 400 meters away from the hotel. There was a big wedding party in the hotel. In the hotel recipe I had to shout that the employee would hear me. The noise was so loud. I wanted the quietest room possible. I was offered a room next to the party room. When I asked how I slept there, I was told to take or leave. Of course, I didn't want to stay overnight at the hotel and canceled my booking. I stayed at the Logos hotel, which was a nice little and peaceful hotel with very good service.
The next day, however, it turned out that the hotel Szyszko had taken money from the credit card for the room. For the room they had agreed to cancel their booking and where I did not stay. Don't use this hotel because it is more a nightclub than a hotel.",Very bad hotell,Couples,2019-06-30,guidet182,"Tallinn, Harju County",,,,,Service,1.0,,,,,,,,,,
711803334,2489753,2019-09-22T00:52:35Z,5,1,"While visiting Poland to investigate my ancestry in the Suwalki area, I was recommended to stay here. We stayed for 2 nights.  The lodge reminded me of visiting the countryside in remote Maine or upstate New York.  Every wall was paneled in pine and very rustic looking.  But the rooms were big enough, clean and had a modern bathroom.  The included Polish breakfast buffet was one of the best encountered!  The grounds were lovely and the lodge was near a large pond so you could hear birds.  Nice place.",Rustic Hunting Lodge,NONE,2018-10-31,5Karin7,"Las Vegas, Nevada",Owner response,"Thank You a lot for Your kind opinion. It was really nice to host You. We are grateful for so many nice words. We hope You visit us next time. 
Kind regards. ",Jolanta G,2019-09-23T11:12:50Z,,,,,,,,,,,,
696104993,2489753,2019-08-06T13:27:52Z,4,2,The hotel is located a few kilometers from the city of Suwalki by a lake. A very tranquil location and therefore an excellent place to get same well needed rest after a busy day. The room was clean but not the largest. Also as our room was the first from the exit and near the restaurant it wasn’t the quietest but things settled down when it was time to go to bed. The breakfast was nice and you can enjoy it on a balcony admiring the sunrise. Overall a pleasant stay.,Stay in nature’s arms,NONE,2019-07-31,SiimJur,"Tallinn, Harju County",Owner response,Thank You for Your kind opinion about our pension and restaurant. We hope You visit us next time. Kind regards. ,Jolanta G,2019-08-07T08:24:47Z,Location,5.0,Cleanliness,4.0,Service,4.0,,,,,,
678905399,2489753,2019-06-04T16:29:37Z,3,0,We went as family of 10 people. The food were good but we had to wait a while and even I'm friendly with dogs I wasn't happy about running dogs around tables. Also it's a beautiful place around the place and they've got rooms to stay.,It was ok,Family,2018-07-31,J0laU,"Doncaster, South Yorkshire, England",Owner response,"Thank You for Your opinion. We are happy that food in our restaurant tasted You. Sorry for inconvenience and we hope that You visit us next time. 
Kind  regards. ",Jolanta G,2019-09-23T11:22:27Z,,,,,,,,,,,,
653883386,2489753,2019-02-21T07:49:02Z,4,0,"We stayed here for just one night, but we were pleasantly surprised by the order and cleanliness.
Delicious breakfast. 
Only two small disadvantages: no hair dryer and coffee maker.
Definitely will come back here during the summer.",Nice place for a short brake,Family,2019-02-28,JustVeg,"Kaunas, Kaunas County",Owner response,"Thank you for your opinion and see you next time. :)
Regards",Jolanta G,2019-02-22T16:04:15Z,,,,,,,,,,,,
527579544,1776883,2017-09-26T11:06:09Z,5,0,"We stayed here several years ago with our three young children, on the recommendation of friends who had lived in Warsaw.  After a long and interesting train journey from Krakow, the lodge was like an oasis of calm and beauty.

The staff in particular are wonderful and made our holiday. Truly superb people.

We have often talked of going back one day and these pictures make me determined to do so. A gem.",Wonderful memories of a wonderful place,Family,2016-10-31,MrsRuss83,"Horsham, Horsham District, West Sussex, England",,,,,Rooms,5.0,Service,5.0,Sleep Quality,5.0,,,,,,
392649958,1776883,2016-07-14T16:52:04Z,4,0,After several km of dirt roads - navigated using Galileo app - we came across the beautiful guest house looking out over a lake - delicious local food - and big apartments - great for a family.  One tip - don't turn right out from the guest house - the track is steep and impassable! ,Hard to find but beautiful location so worth the effort!,NONE,2016-07-31,Wizak,"Paris, Ile-de-France",,,,,,,,,,,,,,,,
381286684,1776883,2016-06-10T02:35:07Z,5,1,"I echo other reviewers who describe Suwałki as being way out in the Polish countryside far from anything, almost on the Lithuanian border; the countryside is really beautiful; we explored it by biking (they have cross-country bikes), wonderful rowing (or kayaking) on the lake, and a great walk all the way around lake Jaczne (2 hours,) at which time we saw no one but a couple of farmers, a fox, a few cranes and lots of photographic scenery. The rooms are delightfully rustic and comfortable with surprisingly high-speed internet (12 MB/s!), and absolutely silent all night. 
The food is a little idiosyncratic in that they serve a full meal at 2-4 in the afternoon and then a lighter buffet at night, though lots of choices and plenty to eat - smoked fish, quiche, pierogi. And of course a typical polish breakfast spread. The staff are pleasant but reserved. When we learnt that they don't take Visa on leaving, the owner said no problem at all - just wire the balance when you get home. She wasn't in the least concerned. All in all a very peaceful and relaxing visit to an off the beaten track part of Poland. 
",La Pologne Profonde,Couples,2016-06-30,robin_kuritzky,"Vancouver, British Columbia",,,,,,,,,,,,,,,,
380363881,1776883,2016-06-06T16:20:31Z,5,0,"A cosy and home-like place. Elegant and in good taste, but without any pretentiousness. With simple and good food. By an absolutely clean, malachite green lake. A friend of mine, a busy one, when I took her there, told me that it was the first time she was doing noting without any sense of guilt - and that's probably the best summary of how one feels there.",A small heaven,Friends getaway,2016-05-31,707aleksandrac,"Sopot, Pomerania Province, Northern Poland",,,,,Rooms,5.0,Location,5.0,Service,4.0,,,,,,
226015735,1776883,2014-09-01T13:43:48Z,5,0,"This was the highlight of our trip around Poland. The area is breathtaking, the hosts going out of their way to make your stay comfortable, really tasty food, peace, quiet, nice (mostly) other guests, we will be back definitely!",Excellent from every point of view,Family,2014-08-31,BeataP133,,,,,,Value,5.0,Cleanliness,4.0,Service,5.0,,,,,,
965058821,4579828,2024-08-16T03:29:35Z,5,0,"Great location, very clean rooms, first class breakfasts and very nice service. Also fantastic surroundings, Wigry lake is one of the cleanest in PL with many attractions around on top of usual water ones. All in all - highly recommended!!","Amazing hotel, highly recommended.",Family,2024-08-31,MaciejS1194,"Warsaw, Mazovia Province, Central Poland",,,,,Value,5.0,Rooms,5.0,Location,5.0,Cleanliness,5.0,Service,5.0,Sleep Quality,5.0
802179999,4579828,2021-08-06T17:52:35Z,1,0,"Out of 2 couples placing the order at the same time, one got their meal after half an hour and the food was fine. The other couple was not so lucky. After one hour when half of the group started digesting their food with the next round of beers, the other hungry half asked the waitress what about the duck and dumplings and heard that they are still not ready and the kitchen needs more time. We have not been informed that we would need to wait 90 minutes for the food. The waitress said sorry when we were cancelling the order but had no compensation offer for her mistake. The restaurant was not crowded at the time of our arrival but then a 12 people group came and our guess is that the kitchen focused on their table forgetting the others. So if you don’t want to leave hungry and dissapointed, better make sure how long you will have to wait for your food. Also if you are allergic to wasps, avoid this place, they will accompany you at the table in large numbers.",Terrible restaurant - a meal that may never arrive…,NONE,2021-08-31,martamJ2558GD,"Warsaw, Mazovia Province, Central Poland",,,,,,,,,,,,,,,,
793288986,4579828,2021-06-20T06:42:44Z,1,0,"We wanted to order drinks, waitress was very rude. We told her that we would want drinks made by her not the bootled one, she started to rolling her eyes told us that we would need to wait an hour. After we told her that we have time, she gave us an impression that she doesn't want to prepare those drinks.... finally we decided to go out. I do not recommend visit in hotel's restaurant",Dramatic restaurant,Friends getaway,2021-06-30,magdaksz,,,,,,,,,,,,,,,,,
761310555,4579828,2020-07-24T06:57:54Z,4,4,"Hotel nad Wigrami is a three star Hotel front-lake in Suwalki. We stayed 2 nights in this Hotel. 

It's just outside of Suwalki and you have a beautiful room view of lake Wigry. 

You can go for a walk in the forest, lake, swim in the lake, rent a kayak or a paddle boat all free of charge, play tennis, basketball, bowling or billar, and have a breakfast outdoors in the big veranda. 

It's perfectly located between Suwalki and Augustòw so you can easily visit all the 40+ lakes within the area. 

The room looks pretty standard and a bit outdated to me but it is spacious, has a good shower but the beds are separate and not very comfy. Also there is no fridge, no aircon, no kettle in the room but it was very clean. There is a balcony with a great view to the lake but there are no seats or table outside. 

There is a green area around the Hotel with few games for kids, and an outdoor gym. People at the reception speak English and they are helpful.

Breakfast is from 7.30 to 10.30 but we did not enjoy it. The buffet breakfast should be improved. The buffet coffee was not good but you can order cappuccino and pay a little extra. 

The dinner surprised me. The waiter was very professional, and despite he spoke a bit of English I appreciate that he made the effort. Well done!

We took one cold beetroot soup, a mushroom soup and they were delicious. 

All in all it was a good stay. ",Good Vacay in Podlaskie Region,Couples,2020-07-31,thegroovetraveler,"Dublin, County Dublin",,,,,,,,,,,,,,,,
759325701,4579828,2020-07-08T13:17:27Z,5,0,"Clean, new, good location, nice lake, breakfast very good on Lithuanian taste. Food in the restaurant excellent especially Dorada. Can be rented boat or kayak. Close to the hotel, you can buy smoked fish. All is OK!",Very nice hotel!,NONE,2020-07-31,329ernestass,"Kaunas, Kaunas County",,,,,Value,4.0,Service,5.0,Sleep Quality,5.0,,,,,,
809293901,3485588,2021-09-10T17:50:41Z,1,0,"This isn’t a hotel, this is a wedding house or a disco.
The booking this hotel was a big mistake.  The hotel organizes a party with alcohol and loud disco polo music.  Drunken people scream all night and music can be heard all over the hotel.  For the reception it isn’t a problem that other guests cannot sleep.  

There time stopped 20 years ago;  there was no renovation and no cleaning of the rooms. I have never seen such a dirty carpet. Spider's webs in the corners.
The price is too expensive for such standardization. The staff don’t wear covid face masks. 
Never again!",I don’t recommend,Couples,2021-09-30,933asiak,,,,,,,,,,,,,,,,,
797581992,3485588,2021-07-17T05:04:54Z,5,0,"we came at midnight, hotel was still working, rooms are a bit old, but you have everything you need: private bathroom, free coffee at your room, bottles of water. staff speaks in english without any problems. breakfast was amazing! highly recommended",hotel,Friends getaway,2021-07-31,domantass847,,,,,,,,,,,,,,,,,
692403258,3485588,2019-07-24T14:34:28Z,4,0,"Third time at this hotel. The hotel has only got better. Quiet hotel in the city center. Clean and quiet rooms. Parking in the hotel yard for a small fee, in front of the hotel on the street free of charge. The restaurant serves great meals at low prices. Breakfast was included. Helpful hotel staff.",Small quiet hotel in the city center,Couples,2019-06-30,guidet182,"Tallinn, Harju County",,,,,Cleanliness,4.0,Service,4.0,Sleep Quality,4.0,,,,,,
591377107,3485588,2018-06-28T07:55:54Z,5,0,"Nice and clean hotel. Perfect location in the centre of the city. Very friendly and proffesional staff. Delicious breakfast ( nice and big choice)!! Love the patio! Good place to stay, good value! Thank you!",Good value!,Family,2018-06-30,sachmet1981,"London, England",,,,,,,,,,,,,,,,
1055007904,20088530,2026-04-01T12:00:17Z,5,0,"Stunning Hotel, decorated very stylishly and to a very high standard. Such a treat for me and my Wife to come here for my 40th, bedrooms amazing and what a view outside from the balcony. Couldn’t recommend enough",Perfect in every way,Couples,2026-04-30,davidhankey,"Thornton Cleveleys, Wyre District, Lancashire, England",,,,,,,,,,,,,,,,
1051167022,20088530,2026-02-26T09:11:53Z,5,0,Beautiful stay and hotel. Very located. Thanks a lot for your kindness.,Beautiful stay,Family,2026-02-28,NorthStar545506,,,,,,,,,,,,,,,,,
1049722013,20088530,2026-02-14T20:15:23Z,5,0,"What a fantastic hotel, just stayed five nights, with family.  The hotel staff are all of the absolute highest standards, reception, bar, restaurant, and room service, so good yet so understated, fabulous, could not recommend them enough.
Zakopane is an absolute gem of a place to visit, we skied for four of our five days, skiing us varied but not to full blown alps variety, but enough to keep us interested,, but the area itself is marvellous, so much to do and see, from.the restaurants, to the sky walks, it's like the alps, canada and the US rolled in to one to one with Polish hospitaltallty and prices, fantastic.
Last but certainly not least was Thomas  from our hotel DEFENDER experience, he gave us loan of a brand new Land Rover DEFENDER 110 for best part of 3 hours, totally free, we manged to explore the surrounding areas that made sure we will come back to this area and stay in this exceptional Hotel","Top Hotel, Top Resort",Family,2026-02-28,Q602PQpault,,,,,,Value,5.0,Rooms,5.0,Location,5.0,Cleanliness,5.0,Service,5.0,Sleep Quality,5.0
1045610038,17165609,2026-01-10T12:24:47Z,5,0,"Stayed 2 nights here during Christmas Eve and day .. We were at the residence wing, and have the corner unit at the end of the hallway. Big room with a balcony overseeing the mountain. So it was a beautiful white Christmas. The room is great. Dinner for Christmas was a huge buffet spread. Crowded as expected but nice nevertheless. Maybe because of the flooring, you can hear quite a bit of footsteps in the night. There wa also quite a bit of cigarette smoke smell coming into the room. Maybe someone next door is smoking. That was rather unpleasant . But the room and hotel is very good so I stick to the 5 stars.",Very good despite cigarette smoke smell,Couples,2025-12-31,Keithlhk,Singapore,Owner response,"Dear Guest,
Thank you for your detailed feedback. We’re glad you enjoyed your room, the Christmas dinner, and your overall stay. We apologize for the inconvenience caused by the smoke and any noise, and we appreciate you sharing your experience.
We hope you will decide to visit our hotel again.
Best regards,
Patrycja Front Office Team",Zakopane Recepcja,2026-01-11T03:39:06Z,,,,,,,,,,,,
1043895688,17165609,2025-12-27T16:34:52Z,5,0,"A fantastic hotel with friendly staff, conveniently located close to the city center and the Tatra National Park. I highly recommend it!",Nice hotel,Family,2025-12-31,czarnyjakubleszek,"Wroclaw, Lower Silesia Province, Southern Poland",Owner response,"Dear Guest,
Thank you very much for your kind words! We’re thrilled that you enjoyed your stay and appreciated our location and friendly staff. Your recommendation means a lot to us.
We hope to see you again.
Best regards,
Patrycja Front Office Team",Zakopane Recepcja,2026-01-11T03:36:16Z,Value,5.0,Rooms,5.0,Location,5.0,Cleanliness,5.0,Service,5.0,Sleep Quality,5.0
1043362907,17165609,2025-12-22T11:10:56Z,2,0,Nice hotel with very very very rude waitresses.cannot understand why such a hotel allows such employees to adverse impaxt its brand. Not recommending it.,"Very rude personnel except the recepionists, the waitress were one of the ruddest persons ever met.Cannot understand wh",Couples,2025-12-31,FarAway52840985398,,Owner response,"Dear Guest,
Thank  you very much for your opinion. We are sorry that your experience did not meet your expectations and appreciate you bringing this to our attention.
If there is anything else we can assist you with, please feel free to contact us.
Kind regards,
Patrycja Front Office Team",Zakopane Recepcja,2026-01-11T03:35:08Z,Value,3.0,Rooms,4.0,Location,3.0,Cleanliness,4.0,Service,1.0,Sleep Quality,3.0
1038287729,17165609,2025-11-09T03:48:30Z,5,0,"Overall the hotel is fine, everything works and is beautiful. Only the wear and tear of the floor in the room and restaurant is visible. Also, there could be free parking.",Holiday,NONE,2025-11-30,Gintarasleo,Vilnius County,Owner response,"Dear Guest,
Thank you for your feedback! We’re glad you enjoyed your stay and appreciate your comments about the floors and parking — we’ll keep them in mind for future improvements.
We hope  to see you again.
Best regards,
Patrycja Front Office Supervisor",Zakopane Recepcja,2025-11-11T09:52:54Z,Value,5.0,Rooms,5.0,Location,5.0,Cleanliness,5.0,Service,4.0,Sleep Quality,4.0
1035381498,9808341,2025-10-18T12:57:03Z,5,0,"My family and I motored to the Lagos hotel from Cracow in about 2 hours. The hotel was just a 5 minute walk away from the main street in downtown Zakopane. The walk was a pleasant surprise  through a small park. 
The staff at the hotel could have not been more pleasant. The rooms were immaculate and well maintained. 
The breakfast was superb and had a great variety of food with a great atmosphere.
The only problem was the weather, as it rained most of the time. As Zakopane is in the Tatra mountains the rain made it cold and dreary. We were so cold when we went out to eat and see the sights that when we returned to the hotel it was so warm and pleasant in our hotel room. 
My whole family and I had a great time and we all highly recommend this hotel as it is very warm and welcoming to guests.
The best thing about this hotel is that it is not on the Main Street and therefore very warm and quiet. For a family who will cherish and appreciate a good hotel that is quiet, this is the best place to go for the rest that people need after a long day of entertainment and shopping along the main streets. 
My entire family wants to thank the hotel staff for their hospitality and when we return to Zakopane we will definitely be returning to your hotel again. Thank you for your hospitality.",Family members holiday,Family,2025-10-31,drpeplow,"Des Plaines, Illinois",,,,,,,,,,,,,,,,
1023879699,9808341,2025-08-11T17:36:07Z,4,0,"Perfect location, great restaurant.  The beds were comfortable, and the use of the spa was a plus.  We appreciated the on-site parking, although there was a small fee.  The hotel is older but has been tastefully upgraded.  We were within walking distance of hiking trails and the busy retail street, but far enough away to enjoy quiet at night.  It was a short cab ride to the bus/train station.",Perfect location for us in Zakopane,NONE,2025-07-31,Escape682670,,Owner response,"Dear Guest,

Thank you so much for taking the time to share your kind feedback!

We are delighted to hear that you enjoyed our central yet peaceful location, the comfort of our beds, and the relaxing experience at our spa. It is also great to know that our on-site parking and restaurant added to the convenience and enjoyment of your stay.

We appreciate your mention of the tasteful upgrades made to our historic hotel—maintaining its charm while ensuring modern comfort is very important to us. Being close to both nature and the lively retail area is something many guests value, and we're glad it made your stay even more enjoyable.

We hope to have the pleasure of welcoming you back soon!

Warm regards,
Reception",Magdalena Futyma-Fudala,2025-10-13T01:59:27Z,Value,4.0,Rooms,4.0,Location,5.0,Cleanliness,5.0,Service,5.0,Sleep Quality,5.0
1017588292,9808341,2025-07-11T03:26:06Z,3,0,"This is an old hotel that has been lovingly refurbished. Access to reception is via a stair case. I could see no wheel chair access. The rooms are airy but there is no obvious air conditioning. The beds are soft and comfy. There is no safe or refrigerator. The TV is new and has a large range of channels. The channel list provided bears only a vague resemblance to actuality. There is no BBC World service.  The bathroom is spacious. The hot water is very good. 

The hotel provides a terrace on floor 3 but the bar is not open. The restaurant on the ground floor is good.",A very nice place to stay but without all mod cons,Couples,2025-07-31,571DavidB571,"Bruce, Canberra, Australian Capital Territory",Owner response,"Dear Guest,

Thank you for taking the time to share your detailed feedback following your recent stay with us.

We are pleased to hear that you appreciated the charm of our building, as well as the comfort of the beds, the spacious bathroom, and the quality of the hot water. We're also glad you enjoyed our ground-floor restaurant.

We also value your constructive comments. We have entrence for the wheel chair and elevator also.

We take note of your comments regarding the absence of air conditioning, a safe, and a refrigerator in the room, and we’ll review how we present this information to ensure clarity for future guests. We’ll also look into updating the TV channel guide so it better reflects the current selection.

Thank you again for your helpful observations. We hope to welcome you back soon.

Warm regards,
Reception",Magdalena Futyma-Fudala,2025-10-13T02:07:52Z,,,,,,,,,,,,
1007976552,9808341,2025-05-17T11:38:25Z,4,0,"Very good hotel, with a wonderful breakfast, staff was nice and helpful,the room was good, the bathroom is a bit small, but it was enough for us,overall, I recommend it.
I was only there for 2 nights and it was a shame, free parking, close to the city center

Andrzej from Poland",VERY GOOD HOTEL,Family,2025-04-30,Andrzejopas,"Gorzow Wielkopolski, Lubusz Province, Western Poland",Owner response,"Dear Guest,

Thank you so much for your lovely review and for recommending our hotel!

We are delighted to hear that you enjoyed your stay with us — especially the breakfast, our helpful staff, and the convenient location close to the city center. It’s also great to know that you appreciated the free parking.

While the bathroom was a bit compact, we are glad it met your needs and that the overall experience was positive. We agree — two nights go by quickly, and we truly hope to welcome you back for a longer stay next time!

Warm regards,
Reception",Magdalena Futyma-Fudala,2025-10-13T02:10:19Z,Value,5.0,Rooms,4.0,Location,5.0,Cleanliness,4.0,Service,5.0,Sleep Quality,5.0
1055892670,7332037,2026-04-08T21:09:29Z,5,1,"We spent the New Year’s Eve days at the Aries Hotel.  Hotel is grand.  I think what sticks out is its spa and pool area and the restaurant “experience”.  Location paramount as well.  Pool and spa is exceptional.  There are two hot tubs (Jacuzzi) outside and if it snows, creates an unbeatable experience.  Spa grounds are kept to high standards.  There are dry sauna, wet sauna areas.  Very relaxing just to spend the time in each.  My wife and I used their spa services.  Again, high end, profesional, relaxing.  
Location is noteworthy.  Place is walking distance away from the train station.  It is also by the main passage that’s filled with restaurants and shops.  
Let’s talk about food.  Breakfast is an experience here.  Food items are high end, selected, premium.  I live half of my life at the world brand hotels and can speak with experience that the breakfast time here is above average.  That alone is worth the stay.
We have celebrated the New Year’s celebrations here at their venue.  The night left a lasting experience with my wife and our friends.  Chef had summoned raw fresh oysters for an appetizer.  There was lobster bisque.  Scallops were available.  Language was plentiful. Again, I’ve experienced Michelin style restaurants in New York and Singapore.  Zakopane and Aries Hotel will compete easily with them all. Yes, there was a steak.  So thick, it resembled a cube.  Bravo to chef.",Ideal place for New Year’s in Poland,Couples,2026-01-31,tomekc333,"Detroit, Michigan",,,,,Value,5.0,Rooms,5.0,Location,5.0,Cleanliness,5.0,Service,5.0,Sleep Quality,5.0
1051290932,7332037,2026-02-27T09:49:12Z,5,1,"Fabulous hotel. 

We had a problem with our room but the staff did everything to sort it.  I had phoned them to enquire regarding rooms to sleep 2 adults and 2 children and was told that the sofa bed size in the aries suite and the grand aries suite were identical and only difference was the floor size.  I was reassured that in both the sofa bed would be plenty big enough for 2 children aged 8 and 10.  The room we were allocated on arrival had a tiny sofa bed in it, barely bigger than a single bed.  I immediately asked about availability of a roll-out bed (assuming they all had same sofa bed as I had been told) and was told this was not available that evening but they would try in the morning.  Kids had an uncomfortable night's sleep.  Next morning asked again and they said they would move our room.  The new room was of similar floor space but had a proper double sofa bed. Kids slept comfortably for the remaining 4 nights. 

Hotel immaculately clean.  Rooms well appointed. Decent showers.  Excellent breakfast, lots of choice and all very tasty.  Lovely pool area. Pool itself too cold for me but nice outdoor hot tubs. 

Location is great.  Just a few hundred metres from the main shopping street.  Its around a 25-30 minute walk to Snowlandia, probably 10 minutes to the funicular to Gublowka.  Free parking on site.  Car park slightly annoying as have to buzz each time and not answered particularly promptly. 

Staff all very helpful - advised on where to go sledging and other activities. 

Not the cheapest in the area but we very much enjoyed our stay and I would definitely go back if going back to Zakopane.",Great hotel.,Family,2026-02-28,MoonsterUK,,,,,,Value,4.0,Rooms,5.0,Location,5.0,Cleanliness,5.0,Service,5.0,,
1046526596,7332037,2026-01-18T13:42:00Z,5,1,"Really cannot fault this hotel. Our room was on the smaller side but perfect for what we needed it for. Hotel is immaculately clean, comfortable beds. We availed of the breakfast on 3 mornings. Coming from Ireland, we are not used of the continental breakfast however we found something we enjoyed. The hot breakfast wasn’t to our taste but again, that is no fault of Aries hotel. 
The pool/thermal suite is lovely and clean. The two outdoor hot tubs are great after a day skiing. 
The hotel is in a great location, just off the Main Street in Zakopane, a short 10 minute walk to the Funicular. We will definitely return should we visit Zakopane again and will definitely recommend to our friends and family.",Perfect stay,Couples,2026-01-31,katie6202,"County Mayo, Western Ireland",,,,,,,,,,,,,,,,
1050038004,277663,2026-02-17T09:23:32Z,2,1,"This was my 6th stay at the hotel and it might have been the last one. They are expanding and building a huge aqua park within the hotel premises, which once finished will be great BUT
I paid 1,500 pln per night in the hotel and was exposed to heavy machinery and construction noises from 6am in the morning all the way till 10pm. Non stop noise! No mention of it at the check it by the hotel staff, paid extra for room with a view of the Tatra Mountains and got extra noise with my money instead!
The construction will continue till the 2028, just saying… really disappointed!",Noisy construction site!,Family,2026-02-28,Y8910OYelak,,,,,,,,,,,,,,,,,
1004583633,277663,2025-04-27T14:02:31Z,4,1,"A gorgeous room with a balcony that looked out to the valley and Tatra Mountain range!  Very comfortable and it was quiet, especially with noise from the outdoor pool ended when they covered it up at 2000 hours. The chair cushion slipped out when getting up and there were food crumbs galore underneath!  Needs better cleaning, but otherwise, everything else was fine.",A lovely stay in a hotel with a magnificent view!,Family,2025-04-30,TamaraK821,"Indialantic, Brevard County, Florida",,,,,,,,,,,,,,,,
992172697,277663,2025-02-04T05:26:06Z,5,0,"This was my third visit to Zakopane and I was very pleased. First time visiting this hotel and I loved it.
The room was rennovated recently and it was very big and clean. I really love the design they are going for - it looks luxurious and modern while maintaining the old polish vibe.
The breakfast was very nice a lot to choose from, dinner was worse for me I wasn't very happy with it but I am a picky eater so don't let this discourage you.

The kids play area/room was very spacious and they have something for kids of all ages... for the older ones they have xboxes. The only thing that would make it even better is if it was open during dinner as well se we could take turns watching my nephew while the other ones eat.

The spa was great, many saunas and steam rooms and they were open till 10pm. I really like the idea of the outdoor pool but as it was autumn while we visited it was closed (maybe next time)",Amazing stay with family,Family,2024-10-31,m_hofericova,"London, England",,,,,Value,5.0,Rooms,5.0,Location,5.0,Cleanliness,5.0,Service,5.0,Sleep Quality,5.0
1043679301,1743726,2025-12-25T16:37:29Z,1,0,Be very careful when booking this apartments we ended up being sent to a completely different block of apartments that were not shown in the advertisement very outdated and stunk of stale smoke. Only facilities were a microwave and hob unable to cook many meals so ate out for all fortunately we were lucky enough to do so. Reception were very unhelpful over the weekend but great on checking out,False advertising,Family,2025-12-31,amiew990,,Owner response,"Szanowna Amie, 

Dziękujemy za opinię o naszym apartamencie.
Pozwoli Pani, że ustosunkujemy się do Pani zdania.
Rezerwacji dokonała Pani przez pośredników i być może ktoś przedstawił Pani inną ofertę.
Nasze apartamenty usytułowane są w dwóch lokalizacjach na tej samej ulicy Makuszyńskiego. Apartamenty z balkonami w Willi Bystra, oraz reszta naszych apartamentów w Willi Motylek. Dokonała Pani rezerwacji w Apartamencie z 2 sypialniami i balkonem oraz widokiem na góry w Willi Bystra i dokładnie taki apartament został Pani przydzielony. Mieszkanie przed Pani przyjazdem było wyremontowane. Odnowione zostały ściany oraz parkiet. Jednak nie może być mowy o żadnym stęchłym dymie. W mieszkaniu nie ma możliwości palenia. Ogrzewanie jest geotermalne i nie ma urządzeń generujących dym. Jest również zakaz palenia wyrobów tytoniowych i papierosów elektronicznych, a także kadzidełek itp. Aneks kuchenny jest wyposażony we wszystkie  potrzebne sprzęty, między innymi kuchenkę z czterema palnikami, lodówkę, zmywarkę, kuchenkę mikrofalową, naczynia, sztućce, szklanki, garnki, patelnie, za których pomocą można przygotować sobie posiłki. Nasza recepcja działa zdalnie i jest chętna do wszelkiej pomocy, jednak nie otrzymaliśmy od Pani żadnych uwag podczas pobytu.
Informacja, że jest to fałszywa reklama jest nieprawdziwa. Wszystkie zdjęcia, opisy apartamentów, i cała nasza prezentacja są autentyczne i doskonale oddają stan faktyczny.
Z pozdrowieniami
Obsługa ApartArt Zakopane",Weronika Nodzyńska,2025-12-30T13:35:40Z,,,,,,,,,,,,
998531491,1743726,2025-03-17T08:44:41Z,5,0,"An amazing place for a mountain retreat! Perfectly located—just a short walk from Krupówki, yet in a peaceful and quiet area. We got an apartment with a breathtaking view. The room itself was really spacious and clean. The staff was wonderful—friendly, always helpful, and welcoming. Fast and reliable WiFi was a big plus, as well as the secure parking, which made everything even more convenient. Highly recommended!",Highly Recommended! Stunning Views & Great Location!,Friends getaway,2025-03-31,600katarzynac,,,,,,Value,5.0,Rooms,5.0,Location,5.0,Cleanliness,5.0,Service,5.0,Sleep Quality,5.0
1035486864,12000203,2025-10-19T07:23:00Z,5,0,Perfect place! Very good location! Good food and service! Very nice and warm staff. Definitely a place where you want to come back!,Best place!,Couples,2025-10-31,kristines986,,,,,,Value,5.0,Rooms,5.0,Location,5.0,Cleanliness,5.0,Service,5.0,Sleep Quality,5.0
1026726197,12000203,2025-08-26T03:02:08Z,5,0,"Wonderful room, very hospitable staff. It looked exactly like it did in the photos. There was also a view of the mountains from the bedroom. A quiet place. Close to the hiking trail to Nosal. There was also an excellent restaurant nearby with fantastic food and atmosphere at a reasonable price. The hotel breakfast was very good, with a wide selection, fresh and tasty salads, and even cheesecake for breakfast!

Translated with DeepL.com (free version)",Charming Stay with Excellent Dining and Hiking Access,Family,2025-08-31,Explore22960903561,,,,,,Value,5.0,Rooms,4.0,Location,4.0,Cleanliness,5.0,Service,5.0,Sleep Quality,5.0
821885414,12000203,2021-12-13T09:41:26Z,5,1,"Cosy hotel in beautiful Zakopane. The views were breathtaking, the receptionist was sweet and helpful. I recommend you book a room with balcony and mountain view, you will not be disappointed. 

Slightly out of the central area, but we already knew about that and it was made very clear when booking that it is not close to the centre, it was only a 30 minute walk to Krupowki and about 8 minute drive by (very cheap) taxi. That being said, it is very close to the skiing resort 2-5 minute walk.",Breathtaking,Couples,2021-12-31,lynne929,"Birkirkara, Island of Malta",,,,,,,,,,,,,,,,
990061826,21164553,2025-01-21T12:03:47Z,1,0,"Apartment was very clean and neat, kitchen fully equipped. We enjoyed the atmosphere and were quite happy with it despite of communication lack. Apartment wasa cold when we checked in and there was no option to regulate the temterature. Most likely they enable heating from their side, it produces loud noise from time to time but we were not complaining abiut it 
Very DISAPPOINTED with hotel administration 
As can happen to anyone, we forgot some shopping on the terrace outside. Staff did not answer phone calls though they ususally answered immediately before, as we have contacted them before making reservation 
In total we lost our almost 100 Euro shopping, they  told us they threw packed and fresh items away, what usually is reported to LOSTandFound department in each hotel. 
As mentioned, none of the phone calls has been answered, only 1 sentence per email. It is considered as fraud. What if you forget your brand new jeans and in a couple of hours you get message that they threw it away. Graudulent staff, no respect  unfortunately 
Please note, what you are paying for, it is far NOT CHEAP",Non Professional,Family,2025-01-31,IrynaS246,Vienna,,,,,Value,4.0,Rooms,4.0,Location,4.0,Cleanliness,4.0,Service,1.0,Sleep Quality,2.0
987903388,21164553,2025-01-06T06:05:16Z,1,0,"I usually never write review on hotel if service is bad. But this time it is disappointment of the YEAR!!!
Our group of people stayed in hotel from 28.12.24-2.12.2025. We had 2 reservations.
My family stayed in Royal penthouse on third floor. it cost around 800 EUR/ day. Super expensive for received service!!! We were 2 adult 2 kids. 

Review of our experience ar the hotel:
1) It is not hotel it is more like Airbnb  apartment.

2) When we arrived hotel reception girls was arrogant, unpolite. If I remember right reception girls name was DARJA- most unkind and arrogant person in my hotel experience!!!  While she was checking in us, she was eating the same time. And when we asked about breakfast menu, she threw it on the table to us as if we were pigs!

3) In apartment in shower there was no shower gel, we asked to fill it up. In our stay 5(days) they did not have time to fill up.

4) In bathroom there was NO shower gels, shampoo, soap, flip flops. Went to supermarket buy shower gel and we are staying in ROYAL PENTHHOUSE!!! :DDD

5) There is no room cleaning during all stay!!

6) If you need an additional pillowcase and bedsheet, it is for an addition cost!

7) In reception when I asked about slippers, they offer only for additions money!

8) breakfast is like you stay in hostel for 50.00 EUR/day! They bring to your room doors and leave on the floor. You cannot choose anything by yourself.

7) everything for ADDITION cost!

For such price 800.00 EUR/DAY,  these small things  is a must have!!!

Recomendation: PLEASE NEVER CHOOSE this hotel!! 

We have traveled a lot and stayed in different hotels, but this was hostel level at a luxury hotel price!!",The worst service ever seen for super expensive price. Not recommend to stay here!,Family,2024-12-31,546kasparsk,,,,,,Value,1.0,Rooms,2.0,Location,2.0,Cleanliness,1.0,Service,1.0,Sleep Quality,2.0
904550535,21164553,2023-07-21T10:05:34Z,1,0,"The hotle refuse to refund our monthly for 3 nights because they said its nonrefundable but its unfair we used it only for one night at least if they are good the will deduct half the price 

Thier is very bad smell in the kitchen
The view of the room was terrible underconstruction is in progress",They only need to take money other hotles will suggest some other arrangment,Family,2023-07-31,haB2576LN,,,,,,Value,1.0,Location,1.0,Service,1.0,,,,,,
854670447,21164553,2022-08-17T11:07:45Z,5,0,"The apartment was clean and pretty, underground parking very comfortable and safe. Location quite near the hiking tracks and the spa had swimming  pool with multiple massage spots, sauna, humid and IR rooms. I do recommend this aparthotel.","Clean, new, nice spa, good location",Family,2022-08-31,MildaP2,"Kaunas, Kaunas County",,,,,,,,,,,,,,,,
882078233,505389,2023-03-13T16:31:54Z,1,0,"Whoever can, avoid the place! Room is not cleaned, you sleep in used bedding, you ask for a replacement, and they gave you another used bedding, which was full of hair and stains. Disgusting. Puritan place. The bath is small, you can not turn around in it. Wifi keeps dropping you down, you can't make a call in a room because the signal goes away, you have to go down the street. In the evenings, the restaurant under the hostel is very loud, the people on the street also do not let a person relax. For them, cleaning is exhausted by emptying the garbage in the bath once a week. You get a piece of toilet paper and distribute it for days.",Disgusting place!! Avoid!! No cleaning!!,Friends getaway,2023-02-28,671yx,,,,,,,,,,,,,,,,,
763393782,505389,2020-08-06T14:10:13Z,1,0,Deafening music till early morning sleeping in this hotel is mission impossible!!!  Do  yourself a favour and book elsewhere so many better hotels just 5 minutes walk from main street... I spent sleepless and very frustrating night waiting for a nightmare to end but it did not and when i finally went down to reception to complain the only reaction i got was total hostility Customer service to match the style of the hotel Rock bottom,Avoid at all cost!,NONE,2020-08-31,ElzaKinski,,,,,,Value,1.0,Rooms,1.0,Service,1.0,,,,,,
747408573,505389,2020-02-24T17:20:46Z,1,0,"If you want to sleep, this is not your hotel  .
There is a  sport restaurant downstairs,  full of people, who shouting at late night.
The concierge incapable to insure your repose. Don't stay here, go another place !",Terrible  hotel,Family,2019-12-31,Mariana650812,,,,,,,,,,,,,,,,,
741596145,505389,2020-01-27T13:53:15Z,4,0,"This is the third time we have stopped here. Considering the location the hotel is real value for money. You do get what you pay for and it is a balance of a fabulous location for the town itself and very dated rooms. The Sportsman bar below is great, reasonable prices, £1.80 for a pint of beer and around £6 for a burger. Not noticed on previous trips but there was some early morning noise (1am to 4am) from the town. However, this is not a show stopper for me and plan to return next year. For skiing we used the Bialka resort which is ideal if you are not seasoned skier. For transport, we used a gentleman named Pawel. He has an 8 seater and provides a very reasonable, flexible and reliable service and would use again. He also provides transport from the airport. His contact details are +48 880 670 198",Skiing ,Friends getaway,2020-01-31,MarkB769,"Newcastle-under-Lyme, Staffordshire, England",,,,,,,,,,,,,,,,
998559612,8704659,2025-03-17T12:24:59Z,5,0,"Great location, about a 10 min walk from Kuprowki street. However, the highlight of our stay was the friendly and helpful staff that was readily available to help us. The apartment was spacious for our family of 3; clean and modern aparthotel that I hope to come back to",Excellent aparthotel in a great location,Family,2025-03-31,Rushman1,"Surat, Surat District, Gujarat",,,,,,,,,,,,,,,,
963116321,8704659,2024-08-04T06:11:28Z,4,0,"It was great to stay in the hotel, the location is near most of the attractions.

Comments:
- Well decorated apartment, I booked the largest one, number 4 its located on the ground floor, which is 54m. It had 2 bedrooms and a foldable sofa bed in the living room plus 1 toilet.
- Garage parking in the basement for free.
- 7 minutes walk to the city centre.
- Friendly staff and the lady in the reception are supportive.
- Small pool in the hotel with a jacuzzi and sauna.
- Cleaning is not included it costs 100 PLZ per request.
- Free towels daily if needed.",Great place in the heart of Zakopane,Family,2024-08-31,Khalaqi,"Abu Dhabi, Emirate of Abu Dhabi",,,,,,,,,,,,,,,,
884654408,8704659,2023-04-03T09:45:06Z,5,0,"Very beautiful hotel and close to city center! Also views are amazing. Rooms were clean, there is everything you need for your stay. And stuff was friendly, very helpful.  We will definately come back! Thank you very much!",Very beautiful stay!,Couples,2022-11-30,FromLiepaja,"Zakopane, Lesser Poland Province, Southern Poland",,,,,Value,5.0,Location,5.0,Service,5.0,,,,,,
884533414,8704659,2023-04-02T12:30:17Z,5,0,"Worth staying, with excelent location and professional service. We spent a weekend in coozy room, close to city center and various atractions. Cleanliness was great and free parking was a nice bonus. I would definitely want to come back here.","Clean, fresh and well placed",Couples,2023-03-31,kuzz666,"Otwock, Mazovia Province, Central Poland",,,,,,,,,,,,,,,,
1040409369,17634606,2025-11-26T08:07:00Z,2,0,"Rarely seen such unfriendly treatment of customer. I used to stay in this hotel regularly for business. This time I did experience really a treatment that is in my eyes not acceptable if service and customer care is high in your agenda. I had reserved two nights, but could only stay one for professional reasons, instead of accepting cancellation for the 2nd night, they charged the 2nd night fully as well. And not only that they made me pay two nights in their underground parking, even if I left after one night! Unfortunately I did not realize on time as I did not check the bill. So their priority seems more on making cash and not customer satisfaction. Also the room did not really meet my criteria (see pictures). Bad experience-so be aware before staying there what you can expect- there is also other hotels, in town -less modern- but where people are much more friendly.",Customer orientation not something to expect from them,Business,2025-11-30,Maxi2850,Zurich,,,,,Value,1.0,Rooms,2.0,Location,4.0,Cleanliness,3.0,Service,1.0,Sleep Quality,4.0
1005839401,17634606,2025-05-04T12:20:03Z,5,0,"We stayed at the Hampton by Hilton in Kalisz, Poland from May 2nd to May 4th, 2025 with my wife and son, and it was a wonderful experience. The hotel offers great accommodation — clean, modern, and very comfortable rooms that made our weekend stay truly relaxing. The location is also very convenient, close to the city center and key attractions, which made it easy for us to explore Kalisz. The breakfast was excellent, with a wide variety of fresh, tasty options to suit everyone’s preferences. The service was friendly, professional, and always helpful, which added to the positive atmosphere of the hotel. I highly recommend visiting this hotel for a family weekend or a short city break — it’s a perfect choice in Kalisz.",Great place to stay in Kalisz,Family,2025-05-31,almus75,Ukraine,,,,,Value,5.0,Rooms,5.0,Location,5.0,Cleanliness,4.0,Service,4.0,Sleep Quality,5.0
961819670,17634606,2024-07-27T03:18:22Z,5,0,Almost perfect hotel. Fantastic location in old factory building in center of Kalisz. Rooms are big enough and very comfortable. Breakfast is even more then you can expect in Hampton. There is small bar but closing at 10pm that is not good. Few nice restaurants just in front of the hotel,Almost perfect,Business,2024-07-31,739dominikm,"Gdansk, Pomerania Province, Northern Poland",,,,,,,,,,,,,,,,
833635465,3645102,2022-04-06T15:32:30Z,5,0,"I stayed for a night in this hotel, and everything was very good! The camera was clean and very comfortable. In the morning there is a nice complete breakfast, optimal way to start the day! Finally, the receptionist was very helpful in giving me great suggestions for where to eat dinner in the surrounding, many thanks for that as well! If passing by Kalisz again, I’ll definitely come back.",Nice and comfortable stay,Business,2022-04-30,lucapF1642SE,"Kongens Lyngby, Lyngby-Taarbak Municipality, Copenhagen Region, Zealand",,,,,,,,,,,,,,,,
516371262,3645102,2017-08-22T15:02:04Z,4,0,"On first seeing the hotel I was disappointed at how small the grounds were. I thought it didnt look as lovely as photos depict. However, once inside it was cosy and small but grand. The staff were so helpful and really pleasant always. Our room was small but clean. Breakfast was really good, including pancakes made fresh to order.
Really cannot fault the experience. Homely and friendly. Would definitely stay again.",Long weekend,Friends getaway,2017-08-31,409elizabethi,,,,,,,,,,,,,,,,,
494013168,3645102,2017-06-18T13:56:06Z,2,4,I spent 5 nights at the hotel and luckily I just slept there. I stayed with my daughter who is 9 year old. We had two single beds which were very small even for a single bed. My daughter kept falling out of bed because they were so small. The cleaning person didn't do very good job and we have to ask for our room to be cleaned. And even then the cleaning person only did the bed. The breakfast was ok. Very basic. Not to much of anything. No fruits. No dark bread. Nothing special really. Location OK but in Kalisz wherever you stay location is OK as it is small city. Wouldn't stay again in this hotel. ,Not so good,Family,2017-06-30,mrsEharding,"Rottingdean, East Sussex, England",,,,,,,,,,,,,,,,
379860261,3645102,2016-06-05T06:11:27Z,5,0,"Nice, clean, play area for little ones. Situated next to the park and 10min walk from shopping centre. 20min walk to city centre.
Service very friendly and attentive. Breakfast really tasty with good choice. Shame that restaurant it's close before 3.30pm and mondays :l Overall Can't fault it! :D",Great little hotel with good service,Family,2016-06-30,822ewelinas,"Edinburgh, Scotland",,,,,,,,,,,,,,,,
1056285704,17649381,2026-04-12T05:35:22Z,5,0,"I would like to express my sincere appreciation for the wonderful experience I had during my stay at your hotel.
From the moment I arrived, everything was handled with great care and professionalism. The atmosphere was warm and welcoming, the rooms were clean, comfortable, and well-maintained, and every detail reflected your dedication to quality and guest satisfaction.
A special thank you to Mr Ziemko , for creating such a lovely place. Your attention to detail and personal touch truly make a difference and set this hotel apart.
It was truly a pleasure staying at your hotel, and I will gladly recommend it to others. I look forward to returning again in the future.
Thank you once again for your outstanding hospitality.
Kind regards, Alex",Your stay feels like you're at home,Family,2026-04-30,Curious41079097239,,,,,,Value,5.0,Rooms,5.0,Location,5.0,Cleanliness,5.0,Service,5.0,Sleep Quality,5.0
738726190,17649381,2020-01-12T15:43:22Z,5,1,"I highly recommend this place.

I wanted to book an allergic friendly room. This one turned out to be not only an allergic friendly but also on a global/ european level.   

The place is located in the citi center, very close to the old town. It combined the best features of a hotel and apartament. The room was cleaned everyday nad new sets of coffee and tea provided. There was a safe in the room and a desk.

 ",Global / european standard   ,Couples,2019-06-30,kmi_zl,"Warsaw, Mazovia Province, Central Poland",,,,,,,,,,,,,,,,
689240908,17649381,2019-07-13T12:10:13Z,5,0,"Honestly we were over the moon when we realized that the quality of the apartment is better in real live than on photo. Quite small and cosy, but well designed,  ergonomic apartment located in real city center. We could recommend it without hesitation for a romantic weekend or for a business trip ( there is a comfortable desk where you can put your laptop)",Really good apartment in a rather average town.,Business,2019-06-30,Herrborass,"Warsaw, Mazovia Province, Central Poland",,,,,Location,5.0,Service,5.0,Sleep Quality,5.0,,,,,,
704269443,624748,2019-08-29T10:27:39Z,2,0,"The hotel is good located, everything is near and you have several restaurants and markets around. The room is old and you will not find one unique bed, but separate ones. Small room with only the basics, just good to sleep. It was clean. 

The breakfast a bit poor, only some things to eat, not natural juices, the quality not that high.

The hotel team at the reception was friendly.

The restaurant below the hotel has good food, but with the slowest service ever. Also in the menu you can read that you have to wait about 25 to 50 minutes for food, we waited 1 hour, at a Friday night.",Not a great experience ,Couples,2019-08-31,iTripTheWorld,"Las Palmas de Gran Canaria, Gran Canaria, Canary Islands",Owner response,"Dear Guest, 

thank you for staying with us and for taking the time to share your positive feedback on Tripadvisor.com following your recent visit with us. I do hope to have the pleasure of welcoming you back to the Hotel Europa.  

Best Regards,

Hotel Europa",948sebastianb,2019-12-11T09:11:44Z,,,,,,,,,,,,
653724748,624748,2019-02-20T12:03:18Z,5,2,"Front desk staff always willing to assist.
Very good level of English

Convenient parking nearby.

Very close from the city center.

The room was clean and welcoming.
Bathroom was well equipped and necessary ammenities were present ... excepted for tissues ;)

Breakfast staff was GREAT.
Breakfast itself was simple but good with a few local specialties. The scrambled eggs were GREAT!!! I highly doubt it was made from powder.

Will definitely come back when I’m back in the area.",Simple but efficient,Business,2019-02-28,jeanmarcr366,"Jargeau, Loiret, Centre-Val de Loire",Owner response,"Dear Guest,   

thank you for staying with us and for taking the time to share your positive feedback on Tripadvisor.com following your recent visit with us. I do hope to have the pleasure of welcoming you back to the Hotel Europa.   
Best Regards,   

Sebastian Bryński  
Manager  
Hotel Europa",Sebastian B,2019-02-21T08:16:37Z,,,,,,,,,,,,
652276585,624748,2019-02-14T03:33:27Z,5,1,"I could not believed that this is a 3 star hotel!!!! Looks amazing!
I mean this hotel is offering you all the conditions from a 5 star hotel from  bathrobes, slippers, minibar etc
The only thing which I did not liked at all was the attitude of the receptionist. He was polite but in a rude way, he did not made me feel welcomed but even despite this the rest of the stuff extremely friendly.
As a bonus they have also a restaurant there, I believe is working independently, with tasty food and cozy atmosphere 
",3 stars hotel? No way!!!,NONE,2019-02-28,dianamQ1073JW,"Sighisoara, Mures County, Central Romania, Transylvania",Owner response,"Dear Guest, 

thank you for staying with us and for taking the time to share your positive feedback on Tripadvisor.com following your recent visit with us. I do hope to have the pleasure of welcoming you back to the Hotel Europa.   

Best Regards,   

Sebastian Bryński  
Manager  
Hotel Europa",Sebastian B,2019-02-21T08:25:02Z,,,,,,,,,,,,
632781508,624748,2018-11-12T07:47:07Z,5,2,"Stayed for one night only. Hotel is located in central Kalisz by the main square, park and all amenities you might wish to use. The dinner in the attached restaurant was delicious and presented a very good value. Breakfast options are OK but no freshly cooked meals are on offer. 

I would be back.","Great location, spacious rooms",Business,2018-11-30,MrUgo,"London, England",Owner response,"Dear Guest, 

Thank you for your opinion about the Hotel Europa. We invite to you again to visit the Hotel. 

Best Regards ,
Hotel Europa",Sebastian B,2018-11-14T02:29:49Z,Rooms,4.0,Service,5.0,Sleep Quality,4.0,,,,,,
616950783,624748,2018-09-16T11:37:25Z,3,0,Stayed for one night whilst attending a wedding. Very basic rooms but comfortable enough. Breakfast could have been a bit better but was edible. Staff very friendly and welcoming. Clean rooms and good price for a stopover.,Night,Family,2018-09-30,markgD1147MG,"Suffolk, East Anglia, England",Owner response,"
Dear Mark,

Thank you for your opinion about the Hotel Europa. We invite to you again to visit the Hotel.

Best Regards
Hotel Europa",Sebastian B,2018-09-17T09:15:51Z,,,,,,,,,,,,
659675144,7625450,2019-03-19T17:53:22Z,5,0,"There is not that much choice of hotels in Kalisz, and I chose Komoda Club Residence not really expecting very much. I was pleasantly surprised. To start with the location is very good, very central just on the verge of old town on a quite small street. The room is spacy and very comfortable- and has it all: comfortable bed, huge desk, refrigerator, kettle, big wardrobe. And the furniture is stylish and well-made, the room is very nicely decorated. The room as well as the whole hotel is exeptionally clean, staff are very friendly and helpful. I have not used the restaurant, so no comments here. Would come back if I were to stay in Kalisz again. Overall great hotel!",Suprisingly comfortable,Business,2019-03-31,agatas527,,,,,,Cleanliness,5.0,Service,5.0,Sleep Quality,5.0,,,,,,
526716244,7625450,2017-09-23T07:31:37Z,4,0,"We stayed here for 4 days on a visit to Poland. 
 It was a small hotel, but stylish and very clean, with good quality old fashioned furnishings creating an interesting  atmosphere.
The breakfast was buffet style with a good choice. We also had a large family meal there which was also very good.
  Staff were friendly, and very helpful. The hotel was next to a large park and fountain, and centrally situated at the edge of the old town. I would certainly stay here again .!",Stylish and relaxed,Family,2017-09-30,itripney,"Edinburgh, Scotland",,,,,Location,5.0,Cleanliness,5.0,Service,5.0,,,,,,
500582129,7625450,2017-07-11T02:17:44Z,5,0,"We visited for the first time... the most amazing place and the most unexpected pleasant surprise in a long time! A great hotel, wonderful and nice staff, and the hote is a piece of history... will recommend it with all my heart!",I love this place!!,Business,2017-06-30,915jeanninel,"Modiin, Central District",,,,,Location,5.0,Cleanliness,5.0,Service,5.0,,,,,,
492645168,7625450,2017-06-13T03:33:12Z,5,1,"I haven't checked out yet but was eager to write a review.  My group and I have stayed in various hotels around Poland and this one has to be the nicest.  The rooms are nicely decorated, comfortable bed, very modern bathroom with a shower that has two options: you can use the removable shower head or use the one fixed to the wall..it is ideal for tall people!  The breakfast has a very extensive variety of foods, fresh fruits, meats, breads, drinks, etc.  Eggs are made to order.  There are 3 stories and an elevator. The location is good.  I would definitely stay here again.",Fabulous hotel,Business,2017-06-30,KrystynaB998,,,,,,Rooms,5.0,Service,5.0,Sleep Quality,5.0,,,,,,
476534512,7625450,2017-04-17T15:05:15Z,5,0,"Wonderful hotel in the city center of Kalisz - walking distance to Stary Rynek. Most comfortable beds! Very clean, perfect service. Nothing to complain. Thank you very much! Whenever we're back in kalisz we'll stay here. ",Wonderful hotel with perfect service,NONE,2017-04-30,BerlinTravelQueen,"Los Angeles, California",,,,,,,,,,,,,,,,
644953161,1757360,2019-01-10T09:46:46Z,4,0,"It is a nice hotel, just up to 15 walk to city center, with diverse breakfast. The room on 4th floor was warm, with good wi-Fi compensating small variety of TV channels avaliable. the staff if veru nice and helpful",very nice staying at a hotel next to city center,Couples,2019-01-31,Mariia_SA,Kyiv,,,,,Location,4.0,Service,4.0,,,,,,,,
624907905,1757360,2018-10-15T03:52:12Z,1,0,Rooms are dirty. Shower was moldy. Beds war also dirty. Service inacceptable - I requested a better room clean but nothing happened. Rooms facing street are extremly noisy. Breakfast with instant coffee. All in all a very bad hotel .,Dirty rooms and bad breakfast,Business,2018-09-30,BusinessCaspar,"Düsseldorf, North Rhine-Westphalia",,,,,Cleanliness,1.0,Service,1.0,Sleep Quality,1.0,,,,,,
617061300,1757360,2018-09-16T17:04:00Z,2,0,"The room smelled of cigarettes. The bathroom was dirty, especially the shower cabin. Dark room. Toilet seat had signs of cigerette burns. And you can't even get decent coffee for breakfast. Definitely overpriced.",Avoid,Business,2018-09-30,638agnieszkab,,,,,,,,,,,,,,,,,
600135424,1757360,2018-07-27T09:24:46Z,4,0,"For a regular rate I would consider Calisia hotel a bit overpriced. However, I was lucky enough to get a bargain rate so in fairness I am inclined to rate it somewhere between good and very good. What I liked most is that for breakfast you can have an omelette, scrambled eggs etc. made right in front of you.","Overall, a good choice!",Solo travel,2018-07-31,Marek_ZG,"Zielona Gora, Lubusz Province, Western Poland",,,,,Value,4.0,Service,4.0,Sleep Quality,4.0,,,,,,
534061626,1757360,2017-10-18T12:25:50Z,5,0,"Wonderful staff, very helpful and friendly
Excellent location, about 2 blocks from the old City, which is delightful to stroll about. But going the direction away from the old City is a small restaurant with the best pieogi, and further in a lovely cafe restaurant
Great rooms, comfy. Quiet. Second floor I think is better than the third floor.
Very good breakfast , lots of variety.
Nice people staying at the hotel",Loved it,Friends getaway,2017-09-30,annmW8198ZH,,,,,,,,,,,,,,,,,
336365010,1735518,2016-01-01T07:08:07Z,5,1,"Stayed there from 22/12/2015 - 30/12/2015. We absolutely loved it! The room was tidy with all of the facilities needed. Big TV and quiet location - a bit too far from the town center but it's only 20 minutes walk or 5 minutes in taxi. There's bus stop just outside the hotel and it's not expensive. The staff in the hotel is amazing, professional, efficient and caring. As we were the only people in the hotel for first few nights the breakfast was set up especially for us - everything has been set up on the separate table including plates and glasses. It really made us feel special. We will definitely stay again.

The only minus was too thin walls. We could hear people partying and having sex in rooms located nearby. In the future I'm just going to ask for the room at the end of corridor as the standards of the hotel are very high. Noisy people are not the hotels fault.",Good location for good money.,Couples,2015-12-31,aanna92,"Bournemouth, Bournemouth, Christchurch and Poole, Dorset, England",,,,,Rooms,5.0,Cleanliness,5.0,Service,5.0,,,,,,
331962009,1735518,2015-12-11T02:40:16Z,4,1,"It's a nice hotel, not fancy, but the price is good. It is a little bit far from city center, but if you are traveling by car it is not a problem  Staff was friendly and I really enjoyed free breakfast in the morning.",Good standard for good money,Business,2015-12-31,642patrykb,"Osielsko, Kuyavia-Pomerania Province, Central Poland",,,,,Value,5.0,Location,3.0,Service,4.0,,,,,,
163772476,1735518,2013-06-12T10:28:10Z,1,0,"I chose this hotel for its location, it was a 5 min drive from where I needed to be. It was only about a 10 minute drive into Kalisz centre, but if you don't have a car, then I guess you'd be a bit stuck.

Good things first, breakfast was adequate, not much choice but did the job.

There was no restaurant on site, so the only way to eat in the evening was for the staff to order a takeaway or to eat out. The takeaway was quite bad, but inline with what I have come to expect from Polish cuisine.

The room itself was tiny, which would've been fine if it wasn't for the fact that the bed was also tiny. Now I'm not tall at 5' 10"", but my legs must've stuck out of the bed by about a foot! Not great after a hard days work or long drive from Warsaw!",Single room only suitable for children!!,Business,2012-11-30,Mr_DD23,"Swindon, Wiltshire, England",,,,,Value,2.0,Rooms,1.0,Location,3.0,Cleanliness,2.0,Service,3.0,Sleep Quality,1.0
144033360,1735518,2012-10-29T19:29:21Z,3,0,"Generally the location is poor, rather not central and far from city center. It's a quite small house, looks like familly owned property. The staff were friendly and professional. The rooms are just average: clean with some classic and basic equipement, not too spacious. Quite comfy for one night. The breakfast was good.",Average location,Business,2012-08-31,KubaTraveller,"Krakow, Lesser Poland Province, Southern Poland",,,,,Value,3.0,Rooms,3.0,Location,2.0,Cleanliness,4.0,Service,3.0,Sleep Quality,3.0
133743096,1735518,2012-07-08T08:36:14Z,1,4,"The only positive thing to say about this hotel is in regards to the reception staff who did try very hard to help with an array of issues but stated that there were issues contacting the manager who was unavaliable. The reception staff said all requests.....like a leaky toilet had to go through the manager.

As a party of 4 we had pre booked 2 rooms in this hotel for 5 nights, several months in advance. On arrival we were told that because there was a conference going on they had accomodated us at another hotel for the first night. We were fine with that and enjoyed a night at another hotel.

On the second day when we arrived however things simply deteriorated to the extent we left after one night and found alternate accomodation.

We requested smoke free rooms yet there was a strong pungent odour of tobacco smoke in both rooms.

The rooms were poorly maintained to the degree that one of the rooms had the noise of running water from the toilet all night which couldnt be fixed. The other room had half its curtains missing which resulted in light streaming in from the crack of dawn. Uncomfortable beds, wafer thin sheets all added to the experience. Both bathrooms smelt of mildew, and the hotel is located next to an industrial site with the result big trucks and the resultant noise were moving past our windows from very early in the morning until late at night.

Breakfast.....an attempt at a buffet was put together but the bread was stale as were things like the meat and cheese which had a mouldy dry crust about it. We are all in favour of recycling but that does not extend to yesterdays breakfast being served the following day.

A terrible experience all round, poorly managed, after travelling for 4 months in Europe and staying in lots oh different types of hotels, this hotel is a strong contender to win the title of worst hotel in Europe we stayed at.",Dismal,Family,2012-06-30,Ziggy154,"Sydney, New South Wales",,,,,Value,1.0,Rooms,1.0,Location,1.0,Cleanliness,2.0,Service,3.0,Sleep Quality,1.0
913291139,1729285,2023-08-27T14:37:12Z,4,0,"It was really pleasant stay. Very comfortable hotel with perfect meal and kind staff, near the main square, nice walks around hotel and riverside. You can sit with your drink on your balcony or restaurant terrace and relax.",Pleasant stay,Friends getaway,2023-08-31,219denisag,"Luhacovice, Zlin Region, Moravia",,,,,Value,4.0,Location,5.0,Service,5.0,,,,,,
823454374,1729285,2021-12-30T12:27:02Z,3,0,Very good food and beautiful location by the river. But the room was old (but clean). The staff friendly. The two biggest flaws were the the hot water in the shower only lasted for three minutes (which isn’t enough for a family). And the room was a bit on the chilly side at night.,Uneven in delivery,Family,2021-12-31,WillyVii,"Tumba, Sodermanland County",,,,,,,,,,,,,,,,
683703761,1729285,2019-06-23T13:19:09Z,1,0,"This hotel needs a lot of work if it is to warrant a 3 star review.

Firstly as most other review state  there is zero sound proofing in the rooms.  The noise from the bar downstairs can be heard all night through the weekend so dont plan on getting much sleep.  Also whoever came up with the idea of sticking a table football in the corridor outside these rooms needs sacking, the noise from that echo's throughout the corridor and is so annoying when you are trying to relax in your room.

The spa Bath which I paid extra for was a let down, the water was yellow and the jets didn't work. The water is also like warm at best.

I was warned about a wedding taking place on the Saturday which I was fine with, was not expecting the celebrations to carry in until 0500 on the Sunday morning though.

There are no tea or coffee facilities in the room, the fridge was empty and despite having  a restaurant inside the hotel there was no option for room service.

The room was also quite grubby, the bin in the bathroom was still full from the previous occupants, quite disgusting really.

My room was overlooking the main entrance, in the evening I tried to close the curtains only to find out they were too small and didn't actually fit.

The room was extremely warm also, no aircon or fans made it quite unbearable at times.

Overall this hotel needs to focus more on their customers, everything is there to make this hotel really nice but they are failing with the final touches.",Needs some improvements,Solo travel,2019-06-30,philipt922,,,,,,,,,,,,,,,,,
618943474,1729285,2018-09-23T15:31:14Z,3,0,"Our double room was clean and quite spacious. It had all of the basic facilities. However, the bathroom was rather small and didn’t have enough space to keep make-up and toiletries. All of the rooms on our side had a joint balcony which may be an issue for more private people. The staff were nice and helpful. The breakfast buffet was fresh and tasty and included some warm dishes as well. Since the hotel holds wedding receptions, it should invest more in soundproofing. It was rather loud so it is not recommendable for light sleepers during wedding season. The hotel is located next to restaurants and cafés. It is nice to walk along the river bank. All in all, it is a good hotel but definitely over-priced considering the size of the town it is in and average furnishings.",Good but over-priced for what it has to offer,Couples,2018-09-30,kwiryna_proczkowska,"Wroclaw, Lower Silesia Province, Southern Poland",,,,,Cleanliness,3.0,Service,4.0,Sleep Quality,2.0,,,,,,
799524237,2482444,2021-07-24T15:22:11Z,1,0,"We just find this hotels from the rating of booking as it was from the better in the zone.
The room was really big and spacious.
The problems were just begun..
No one was speaking good English or any other language except polish.. 
The things were solved through google translator..
Only 2 of the 6 windows had a mosquito's net, so in a location near the lake was practically impossible to open the rest of the windows..
There were only hand antibacterial soap..no shampoo or bath soap.
The windows didn't had back out curtains.. One window hasn't a curtain at all. So in July the sunlight is entering the room from 4am weaking you up..
The breakfast was served in buffet, but you had to ask a waitress to put everything in the plate... This was a really not comfortable and for sure without Covid meaning, as the same waitress touched all the plates.. Also there was no meaning as the customers touched with their hands, the water bottle, the coffee machine and the sweets apparechiature..
The restaurant was a solution for the night, but the quality was mediocre..the service was really bad (twice served a soup without a spoon, and the plates were served with time distance, so one was eating and the others were looking at him waiting their plate..)
There was no PC for public use (they had one in a table but when I asked to use it, they said that was not working...) So they leave me to use the receptionist PC... That was for sure not comfortable as it was a continues psicological pressure with the receptionist over my haid..
The moquette in the room wasn't very clean, and no one entered to clean the room the first day, nobody said that we had to ask it as in the other hotels for covid reasons..
It also a little be ridiculous in general when everybody in Poland don't use the masks in closed envirointments, to not cleaning you the room for covid reasons...
The hotel is in a very good position near the lake and this is the better advantage for staying in this place.
Maybe the rest of the local hotels are worse, but in general was a very bad relationship for quality/price.",A really bad experience.,Family,2021-07-31,trellost,,,,,,,,,,,,,,,,,
571606544,2482444,2018-04-07T03:01:24Z,5,0,"We were a family group of 9. We booked 4 rooms and all were very nice. Large enough rooms to feel comfortable in and all the normal amenities. We are several breakfasts looking out the gigantic window to the gorgeous lake. 
Staff were more than polite and accommodating. In our group we spoke English, Polish and German and had no difficulty communicating with staff. 
We were unfortunately so busy with family matters that we had little time to thoroughly enjoy the lake, paddle boats, kayaks or swimming. 
I will absolutely return.
American dollar and Euro exchange rate to Zloty is excellent and that makes this top notch hotel very affordable.",Seriously great,Family,2017-07-31,davidbI2675SH,"Marysville, Washington",,,,,Location,5.0,Service,5.0,Sleep Quality,5.0,,,,,,
490252872,2482444,2017-06-04T03:02:28Z,5,1,We are here now and I must say what a fantastic place  this is . Really friendly staff and the position is right on the lake . This is a little gem so don't let the 2 star rating put you off. There's loads of water sports if you wish to do them. I certainly will be back here and would have no hesitation of recommending it .,Fantastic hotel,Couples,2017-06-30,paulcQ4104WT,,,,,,,,,,,,,,,,,
446280508,2482444,2016-12-23T10:53:25Z,4,1,"This hotel is situated on a lake, so there are beautiful views and sunsets (from lake-facing rooms).  

The decor in the public rooms is appropriately and delightfully nautical. Bedrooms are spacious though rather in need of a facelift to bring them up to standard.  Furniture in the rooms is rather dull and sparse.
We were surprised to find that the hotel did not provide shampoo, shower gel, body lotion, etc, which is really very unusual these days (in Europe).  Also there was no bottled water which, again, is quite unusual (at least it could be provided on day 1).  Attention to these few small details would elevate the rooms to a standard appropriate to the hotel's rating.  And for this I have knocked off one star.

There is a very pleasant restaurant looking out towards the lake, serving good food; we particularly enjoyed the various 'soups of the day'.
Highly recommend renting kayaks for a peaceful couple of hours on the lake ... relaxing and serene.
The staff were all friendly and helpful, which gives the hotel a warm ambience.
All in all, a very pleasant few days in comfortable surroundings.",Wonderful lakeside location,Family,2016-08-31,1NXK,"Crystal Beach, Florida",,,,,,,,,,,,,,,,
429479672,2482444,2016-10-18T18:38:16Z,5,1,"I wasn't a typical traveller, in that I wasn't there to see the scenery around Pisz. I was just passing through and needed a place to sleep. Nevertheless, I liked the hotel and the staff. The dinner I got was really good. The room was perfectly fine. The staff gave me helpful advice for the next day of my trip.",A fine hotel in Pisz,Solo travel,2016-10-31,BrianDawnPaulSophie,,,,,,,,,,,,,,,,,
924948580,6523226,2023-11-07T15:50:45Z,1,1,"Unfortunately, despite a lovely location, a great masseuse, and a relatively fine food, I cannot recommend this place. On our last night it turned the hotel rented the groundfloor rooms for a party until 1am ! There was noise of the music, slamming the door, cursing. After my complaint at 22, as the party was right next to our room, they moved us to another room which was luckily available. And what if it wasn't? 1.I'm totally surprised that a spa hotel would allow such parties, 2.nobody informed us about the upcoming party, 3.the manager's opinion is that I had received general information before arrival that sometimes they rent out the space for parties, and so they did nothing wrong. Well, I disagree.",Customer service needs fixing,Couples,2023-10-31,KasiaCiesla,"Warsaw, Mazovia Province, Central Poland",,,,,Value,2.0,Location,5.0,Service,1.0,,,,,,
587165934,6523226,2018-06-13T10:09:33Z,5,1,"We were 3 couples and had a wonderful time. The clean and nice rooms are close to the beautiful lake. Included are  bycicles, boats, and all kinds of sun beds. Service is super good, thanks to Elvira, the manager.",A great vacation near the lake,Friends getaway,2018-06-30,Mira12013,,,,,,,,,,,,,,,,,
490881192,6523226,2017-06-06T05:30:06Z,5,0,That was an amazing stay in one of the most beautiful areas across Mazury Lake District (UNESCO World Heritage Site). The Place offers great location in a small and quite town with stunning lake view. Food was nice quality with some local Eastern Northern Polish cuisine specialties. Staff was nice and friendly. Highly recommending this place for families with children as well as groups of friend who would like to enjoy nice atmosphere and catch a glimpse of this beautiful part of Poland.,Excellent time spent with friends,Friends getaway,2017-06-30,rafal123456789,"Warsaw, Mazovia Province, Central Poland",,,,,Value,5.0,Rooms,5.0,Service,5.0,,,,,,
763718924,2160071,2020-08-08T13:39:54Z,3,0,"This hotel has beautiful surroundings and water acitivities. The exterior is quite nice too. Too bad the rooms are of an older standard and not at all the level of the exterior parts. The restaurant is above average, as well as the breakfast buffé.",The dual faces of Hotel Ros,Family,2020-08-31,WillyVii,"Tumba, Sodermanland County",,,,,,,,,,,,,,,,
621598469,2160071,2018-10-02T19:31:56Z,4,0,"A bit of trickery on the adverts on the booking website that we booked with there was a picture of a new detached style bungalow as a picture that we thought we were getting, as you can guess we did not, there are two such new bungalows at the hotel, but only two. 

We had an apartment in the main building right next door to the reception with a separate bedroom to the right as you enter with two single beds, a kitchen (that we never used), a beautiful bathroom with just a shower (no bath)  a large lounge with a table, TV, sofa and other furniture, and in the lounge was steps to a raised mezzanine bed area with a double bed.  The apartment was very large and looked beautiful, we were initially impressed by it.  The apartment was spotlessly clean. 

Then the HEALTH and SAFETY matters came to notice, on the raised mezzanine level with the double bed there are beautiful metal railings, but they DO NOT GO UP VERY HIGH, in fact I felt very uncomfortable sleeping up there as the railings were only slightly higher than the level of the bed.  Without much effort or cost an extra level of railings could be placed above the present ones that could remove this insecurity.  I certainly would not want to sleep on the mezzanine level if I was intoxicated there is a very real risk of one falling over the railings onto the floor below.  Our daughter could never sleep here as she sleep walks.  

Then there was the stairs leading to the mezzanine level, they are wooden and do not have any grip on them whatsoever.  You walk up and down them exceedingly carefully             as they are steep, we all told each other to be careful but on our last day one of our party slipped on the stairs and hurt themselves they had a bruise on their back the size of plate and swelling, and bruising on their buttocks.  The reception were told of this in Polish and the member of my family was told ""No one has reported such an incident before"", I do not think anything will be done about it.
We may not be young but we are not old and clumsy, we are all accomplished intermediate skiers and are quite agile so this in my opinion is a very real hazard. 

Sadly for us our beautiful looking but not safe apartment was right next door to the banqueting hall area where there is a bar and you eat breakfast.  We were there on a Saturday night when there was a beautiful wedding reception, well it was beautiful for the bride, groom and the guests, but not so beautiful for us who wanted to get to sleep. Anyone who knows about Polish weddings they go on until 06:00am or so with the young bucks and maidens energetically dancing away. 

This apartment should of been given to a member of the wedding party and us given their rooms, it would of been perfect for them the women could go quickly to get changed into their second dress of the night, and for the chaps a fresh shirt, as it was so close to the wedding reception.  A bit of poor forward thinking by the booking staff I am sure a large number of the guests at this wedding stayed the night. 

Breakfast was very good as was the two dinners we ate at the hotel. The hotel does a large platter made out of wood of meat or fish plus potatoes, salads and vegetables for very reasonable money it tastes good, but if you order individual meals each then the quality of the food is much better even if it is a little bit more expensive.  The waiter staff were well presented, polite and efficient.  Whatever you asked them they were happy to assist and dealt with requests promptly.  The bar staff were at times a bit slower we had to wait 30 mins for a hot chocolate for our daughter to drink before bed, despite me placing the order and questioning twice ""where is the hot chocolate"".   

There is a small beach with a roped off swimming area, sadly the roped off area is very small and the water level only comes up to just above ones waist, this does restrict your swimming and enjoyment of the lake.  There is no lifeguard at this beach.  The roped off area if possible should be extended and this would make swimming more enjoyable.

We  hired a canoe and went out onto the lake it was fun and great to see the wildlife, you had to pay extra for this, there was also a motorboat you could hire, but we did not fancy listening to the noise of an engine, plus it was not so cheap.   

There is also a beautiful sauna, steam room and shower that you need to book for free. They were also spotlessly clean and very very hot.","A nice hotel beautiful rooms, good food but some Health Safety worries, and other niggles",Family,2018-08-31,GlennL73,"Beckenham, Greater London, England",,,,,Rooms,3.0,Location,4.0,Service,4.0,,,,,,
532780508,2160071,2017-10-14T04:29:05Z,4,0,Very professional hotel in a peaceful surrounding.  Unfortunately no tea or coffee in the room but the breakfast which was included was great. A short walk along the river to the town centre is lovely.  The dinner was overwhelming as we had the 5 fish platter for 4 people and we struggled to do justice to it.,Pisz Poland,NONE,2017-10-31,847marleneg,"Copenhagen, Zealand",,,,,,,,,,,,,,,,
497530293,2160071,2017-06-30T18:02:33Z,1,0,"I stayed at hotel Ros from 9th to 23rd June ,its total rip off from charging over 4 times more for coffe than town and 110 per cent more for alcohol than town, and rip off with meals each time ordering meals for myself and partner ending up paying at least 4 times more than menu price as veg , mix salad and potatoes are charged as separate meal. Rooms not clean very good and only really care about the wedding venues as this is where they make most of there rip off charges",Hotel ros- total rip off,NONE,2017-06-30,H7382ENphilipw,"Saltash, Cornwall, England",,,,,,,,,,,,,,,,
326906819,2160071,2015-11-15T11:04:17Z,4,0,"Fantastic hotel. Perfectly located @ the lake.
Extremely friendly staff. Good meals (dinners) and excellent breakfast.
Room 124 spacious enough for 2, with balcony (romantic lake view) however needs some attention (Nov '15):
1) The biggest disadvantage was the door's sealing - every noise from the lobby was heard in the room.
2) Two separate beds not perfect for the couples.
3) I did not notice the air conditioner - might be a problem during hot summer.

Overall impression very good: 8/10",bardzo miły pobyt,Couples,2015-11-30,104navk,"Newport, Rhode Island",,,,,Cleanliness,4.0,Service,5.0,Sleep Quality,4.0,,,,,,
974155907,1507917,2024-10-16T11:33:44Z,1,0,"I booked because the internet reviews were generally very positive. But we were VERY disappointed. 
The restaurant was cold, the prices far too high for this standard of service and above all the food - which was terrible.
Cannot understand how there are so many positive reviews. 
I mailed the manager with our views. The reply was: ""We are pleased to note that the vast majority of our guests express positive feelings related to their stay at our facility. It is very rare that our guests are not fully satisfied.
It is possible that your expectations were even more unusually high.""","Beautiful house, appalling stay. Price way above the standards offered!",Family,2024-10-31,RichardM933,,,,,,,,,,,,,,,,,
731424416,1507917,2019-12-08T16:08:18Z,5,1,"Decent drive from Szymany airport, no real issues. Lovely looking building. Night staff on arrival was very helpful. Nice size rooms. Breakfast was fantastic, each morning was a joy. Let them know well in advance if you want to use the spa. 
Decent beer, the grounds are fab. Would love to visit in the summer. Great stay.",What a place.,Business,2019-12-31,ABH542,"Swansea, Swansea County, South Wales, Wales",,,,,Location,4.0,Service,4.0,Sleep Quality,5.0,,,,,,
727786523,1507917,2019-11-20T13:34:38Z,4,2,"Very Traditional. Polish hotel , location is almost off the grid but still close to town . Nice scenery in the back yard. Full restaurant for breakfast and dinner. Customer service is very good. military and American friendly. Only issue id say is that it gets a little warm at night and have to open a window and the restaurant menu is limited",Nice stay,Business,2019-11-30,Darylelijah,"Knoxville, Tennessee",,,,,,,,,,,,,,,,
639522741,1507917,2018-12-14T05:06:08Z,5,0,"This historic, well restored manor, originally built in 1830 gave us a lovely, relaxing experience. Both the exterior and the interior are nicely decorated. Since it was almost Christmas, the hotel was decorated with lights, Christmas trees, wreaths, etc. 

The staff is very accommodating and helpful. The manager could not have been kinder. She made sure that everything was just right during our stay. When we arrived the receptionist, who spoke English, escorted us to our room and made sure that everything was arranged as we would like and asked us what time we would like breakfast the next day.

We enjoyed the breakfast every morning included in the stay. It was a continental spread of meats, cheeses, breads, eggs, cucumbers, tomatoes, yogurt, cereal, orange juice, coffee, and tea.

Then, I enjoyed taking a walk in the park every day. Two large oak trees span across the long lawn. There is a gazebo, small pond, stream, walking trail through the trees, a pool, tennis court, three swings and a little garden in the back corner. After translating the signs, I discovered it includes blueberry bushes, cherry, apple and pear trees. The whole park was lovely in the winter as small wisps of snow came down. I am sure during the greener, warmer seasons of the year it is gorgeous as well.

The room had plenty of space with a small table, two chairs, a television and a very comfortable bed. Every day they put two bottles of water in the room. The bathroom had a nice, warm shower with toiletries waiting for us. The beautiful view from the two windows in our room overlooked the park behind the hotel. 

Two of the nights, we reserved the jacuzzi. It is included in the price. We reserved it that morning so they could have it warm and ready for us.  It was so nice in a room downstairs in the spa. They lit candles in the room and it was very special. 

We thoroughly enjoyed our stay and recommend the hotel highly.",Wonderful Stay in Every Way,Couples,2018-12-31,BMWTN,,,,,,Value,5.0,Service,5.0,Sleep Quality,5.0,,,,,,
586418320,1507917,2018-06-10T12:12:13Z,5,0,"Beautiful old Prussian mansion renovated recently, within a quite wild region of Poland. A nice park with old oak tree protecting the house and very particular way to store wood for the fire. We enjoyed excellent traditional Polish cuisine with a terrific Zurek and great duck. Reception with a high sense of service.  
",Back to Prussia ! ,Family,2018-05-31,Vers-Vars,"Warsaw, Mazovia Province, Central Poland",,,,,,,,,,,,,,,,
755605158,11622060,2020-05-29T10:55:31Z,5,0,"Amazing place! Peace and quiet and nature. The food in the restaurant is of a high standard, the service of the whole facility is really nice and helpful. I recommend for family outings and business trips.",!!! Very Nice !,Couples,2019-08-31,Gastronauci,"Lublin, Lublin Province, Eastern Poland",,,,,,,,,,,,,,,,
966014169,7103076,2024-08-21T11:43:39Z,5,0,"Best regional food I came across on Mazury - tasteful, huge amount of food and amazing taste! The Opener mrs Ela is a woman with big heart for her guests. Always smiled and happy when guests are visiting her again. Plese never change Yourself !!!",Best regional food on Mazury,Family,2024-08-31,NorthStar55476681568,,,,,,Value,5.0,Rooms,5.0,Location,5.0,Cleanliness,5.0,Service,5.0,Sleep Quality,5.0
764022502,7103076,2020-08-10T07:03:33Z,5,0,"This place is family friendly, lies beautifully in a rural setting. Service and room are quite good, but the real star is the 5/5 star restaurant with polish cuisine. 

The best polish food I have come across. Special mention to the Golonka, blueberry dumplings and the watrobka (liver). Served with local brews.","Very fine location, superb restaurant",Family,2020-07-31,WillyVii,"Tumba, Sodermanland County",,,,,,,,,,,,,,,,
697043991,6583918,2019-08-08T17:27:56Z,5,0,"Spent a lovely evening at the bar by the lake. Scenery is spectacular, and because the place is fairly isolated from nearby villages it makes for fantastic starry nights. The overall atmosphere is friendly and laid-back. The bar has a great selection of drinks including some exquisite homemade liquors, and the staff is incredibly helpful and smiling and available for a nice chat. I'll go back.",Evening at the bar by the lake,NONE,2019-08-31,970alessioa,,,,,,Location,5.0,Service,5.0,Sleep Quality,5.0,,,,,,
599666296,6583918,2018-07-25T16:53:29Z,5,0,"When we found this place on the internet we knew right away, that we had to come. We convinced our two girls that a full vikingoutfit was provided at the scene. We held on to our little white lie for three weeks until our arrival, laughing inside of our girls cursing to expectations of being dressed up.
Of course they didn’t have to and we had a magnificent time in this pearl of a hotel. It was very relaxing and absolutely a place worth a visit.",Cultural tranquility,Family,2018-07-31,436mikkelb,"Copenhagen, Zealand",,,,,,,,,,,,,,,,
410423575,8342267,2016-08-25T04:30:16Z,5,1,"We were returning from the big lakes further north and stopped here for one night before heading south. When we arrived, the owner met us with a warm welcome and showed us the apartment and other facilities - lots of games indoor and outdoor. There was homemade carrot cake and a beautifully decorated and perfectly clean apartment. It would have been perfect for a longer stay with lots to do and there were other families there with young children. When we left, we were given a pot of homemade jam and again made to feel as if we were old friends, not people just staying for one night. A really, lovely, place.",Perfect stopover,Family,2016-08-31,119rodf,,,,,,Rooms,5.0,Location,5.0,Service,5.0,,,,,,
